entity_type,entity_id,langcode,bundle,title,table,column,count,old_paths,new_paths
block_content,5,en,,,block_content__body,body_value,1,/business-setup,/services/business-setup
block_content,5,zh-hans,,,block_content__body,body_value,2,/business-setup | /zh-hans/business-setup,/services/business-setup | /zh-hans/services/business-setup
block_content,6,en,,,block_content__body,body_value,5,/business-setup | /free-zones-ksa | /premium-residency-saudi-arabia | /rhq-license-mena-license | /vision-2030,/services/business-setup | /services/free-zones-ksa | /services/premium-residency-saudi-arabia | /services/rhq-license-mena-license | /blog/vision-2030
block_content,6,zh-hans,,,block_content__body,body_value,10,/business-setup | /free-zones-ksa | /premium-residency-saudi-arabia | /rhq-license-mena-license | /vision-2030 | /zh-hans/business-setup | /zh-hans/free-zones-ksa | /zh-hans/premium-residency-saudi-arabia | /zh-hans/rhq-license-mena-license | /zh-hans/vision-2030,/services/business-setup | /services/free-zones-ksa | /services/premium-residency-saudi-arabia | /services/rhq-license-mena-license | /blog/vision-2030 | /zh-hans/services/business-setup | /zh-hans/services/free-zones-ksa | /zh-hans/services/premium-residency-saudi-arabia | /zh-hans/services/rhq-license-mena-license | /zh-hans/blog/vision-2030
block_content,8,ar,,,block_content__body,body_value,4,/ar/business-setup | /business-setup | /hr-services | /pro-gro-services-streamline-your-saudi-business-setup,/ar/blog/business-setup | /services/business-setup | /services/hr-services | /services/pro-gro-services-streamline-your-saudi-business-setup
block_content,20,ar,,,block_content__body,body_value,3,/ar/legal-policy | /ar/privacy-policy | /privacy-policy,/ar/services/legal-policy | /ar/services/privacy-policy | /services/privacy-policy
block_content,20,en,,,block_content__body,body_value,2,/legal-policy | /privacy-policy,/services/legal-policy | /services/privacy-policy
node,1,en,page,Business Setup in Saudi Arabia 2026 | Sovereign Setup Services - Motaded,node__body,body_value,1,/Ministry-of-Investment-in-Saudi-Arabia,/blog/Ministry-of-Investment-in-Saudi-Arabia
node,1,zh-hans,page,在沙特阿拉伯设立业务,node__body,body_value,2,/business-setup | /zh-hans/business-setup,/services/business-setup | /zh-hans/services/business-setup
node,8,zh-hans,article,什么是 NEOM？,node__body,body_value,6,/business-setup | /vision-2030 | /what-neom | /zh-hans/business-setup | /zh-hans/vision-2030 | /zh-hans/what-neom,/services/business-setup | /blog/vision-2030 | /blog/what-neom | /zh-hans/services/business-setup | /zh-hans/blog/vision-2030 | /zh-hans/blog/what-neom
node,9,ar,article,رؤية السعودية 2030,node__body,body_value,3,/business-setup | /free-zones-ksa | /vision-2030,/services/business-setup | /services/free-zones-ksa | /blog/vision-2030
node,9,en,article,"Saudi Vision 2030 in 2026 | Transformation, Achievements & Economic Sovereignty - Motaded",node__body,body_value,23,/MISA-Investment-License | /Ministry-of-Commerce-in-Saudi-Arabia | /Ministry-of-Investment-in-Saudi-Arabia | /Regional-Headquarters-in-Saudi-Arabia | /Saudi-Corporate-Compliance-Services | /Steps-for-Business-Setup-in-KSA | /The-Comprehensive-Guide-to-Saudi-Business-Center | /ZATCA | /about-Qiwa-Platform | /establishing-a-company-in-saudi-arabia-comprehensive-guide | /facilitating-sovereign-financial-procedures-saudi-arabia-guide | /freedom-of-ownership-in-saudi-arabia-investors-guide | /home | /industrial-cities-saudi-arabia-comprehensive-guide | /legal-consultant-in-saudi-arabia-investor-support-2026 | /market-entry-strategy-in-KSA | /open-branch-company-saudi-arabia-comprehensive-guide | /opening-bank-account-saudi-arabia-investors-guide-2026 | /professional-staff-saudi-arabia-management-guide | /rhq-formation-saudi-arabia-comprehensive-guide | /starting-a-company-in-saudi-arabia | /starting-a-company-in-saudi-arabia-guide | /tax-system-saudi-arabia-wht-vat-cit-guide,/blog/MISA-Investment-License | /blog/Ministry-of-Commerce-in-Saudi-Arabia | /blog/Ministry-of-Investment-in-Saudi-Arabia | /blog/Regional-Headquarters-in-Saudi-Arabia | /blog/Saudi-Corporate-Compliance-Services | /blog/Steps-for-Business-Setup-in-KSA | /blog/The-Comprehensive-Guide-to-Saudi-Business-Center | /blog/ZATCA | /blog/about-Qiwa-Platform | /blog/establishing-a-company-in-saudi-arabia-comprehensive-guide | /blog/facilitating-sovereign-financial-procedures-saudi-arabia-guide | /blog/freedom-of-ownership-in-saudi-arabia-investors-guide | /services/home | /blog/industrial-cities-saudi-arabia-comprehensive-guide | /blog/legal-consultant-in-saudi-arabia-investor-support-2026 | /blog/market-entry-strategy-in-KSA | /blog/open-branch-company-saudi-arabia-comprehensive-guide | /blog/opening-bank-account-saudi-arabia-investors-guide-2026 | /blog/professional-staff-saudi-arabia-management-guide | /blog/rhq-formation-saudi-arabia-comprehensive-guide | /blog/starting-a-company-in-saudi-arabia | /blog/starting-a-company-in-saudi-arabia-guide | /blog/tax-system-saudi-arabia-wht-vat-cit-guide
node,9,zh-hans,article,2030年愿景,node__body,body_value,6,/business-setup | /type-license | /vision-2030 | /zh-hans/business-setup | /zh-hans/type-license | /zh-hans/vision-2030,/services/business-setup | /blog/type-license | /blog/vision-2030 | /zh-hans/services/business-setup | /zh-hans/blog/type-license | /zh-hans/blog/vision-2030
node,65,ar,page,المناطق الحرة في السعودية,node__body,body_value,2,/ar/free-zones-ksa | /free-zones-ksa,/ar/services/free-zones-ksa | /services/free-zones-ksa
node,65,en,page,Free Zones in KSA,node__body,body_value,1,/free-zones-ksa,/services/free-zones-ksa
node,65,zh-hans,page,沙特阿拉伯的自由区,node__body,body_value,4,/free-zones-ksa | /vision-2030 | /zh-hans/free-zones-ksa | /zh-hans/vision-2030,/services/free-zones-ksa | /blog/vision-2030 | /zh-hans/services/free-zones-ksa | /zh-hans/blog/vision-2030
node,70,ar,page,لماذا الاستثمار في السعودية؟ دليل موجز للمستثمرين الأجانب,node__body,body_value,2,/ar/business-setup | /business-setup,/ar/blog/business-setup | /services/business-setup
node,70,en,page,Why Invest in Saudi Arabia? A Concise Guide for Foreign Investors,node__body,body_value,3,/business-setup | /vision-2030 | /what-neom,/services/business-setup | /blog/vision-2030 | /blog/what-neom
node,70,zh-hans,page,为何投资沙特阿拉伯？外国投资者简明指南,node__body,body_value,6,/business-setup | /vision-2030 | /what-neom | /zh-hans/business-setup | /zh-hans/vision-2030 | /zh-hans/what-neom,/services/business-setup | /blog/vision-2030 | /blog/what-neom | /zh-hans/services/business-setup | /zh-hans/blog/vision-2030 | /zh-hans/blog/what-neom
node,71,ar,page,من نحن,node__body,body_value,4,/ar/business-setup | /ar/pro-gro-services-streamline-your-saudi-business-setup | /business-setup | /consultation-services,/ar/blog/business-setup | /ar/services/pro-gro-services-streamline-your-saudi-business-setup | /services/business-setup | /services/consultation-services
node,71,en,page,Who We Are,node__body,body_value,3,/business-setup | /pro-gro-services-streamline-your-saudi-business-setup | /vision-2030,/services/business-setup | /services/pro-gro-services-streamline-your-saudi-business-setup | /blog/vision-2030
node,71,zh-hans,page,我们是谁,node__body,body_value,4,/business-setup | /vision-2030 | /zh-hans/business-setup | /zh-hans/pro-gro-services-streamline-your-saudi-business-setup,/services/business-setup | /blog/vision-2030 | /zh-hans/services/business-setup | /zh-hans/services/pro-gro-services-streamline-your-saudi-business-setup
node,83,ar,page,ترخيص المقرات الاقليمية (ترخيص منطقة الشرق الأوسط وشمال أفريقيا),node__body,body_value,4,/ar/business-setup | /ar/rhq-license-mena-license | /business-setup | /rhq-license-mena-license,/ar/blog/business-setup | /ar/services/rhq-license-mena-license | /services/business-setup | /services/rhq-license-mena-license
node,83,en,page,Regional Headquarters License in Saudi Arabia RHQ 2026 | Sovereign Leadership Guide - Motaded,node__body,body_value,13,/Regional-Headquarters-in-Saudi-Arabia | /ZATCA | /calculating-setup-and-renewal-costs-saudi-arabia-encyclopedia | /company-registration-in-saudi-arabia | /company-registration-in-saudi-arabia-comprehensive-guide | /establishing-a-company-in-saudi-arabia-comprehensive-guide | /facilitating-sovereign-financial-procedures-saudi-arabia-guide | /freedom-of-ownership-in-saudi-arabia-investors-guide | /market-entry-strategy-in-KSA | /opening-bank-account-saudi-arabia-investors-guide-2026 | /saudi-arabia-rhq-incentives-requirements-guide | /starting-a-company-in-saudi-arabia | /starting-a-company-in-saudi-arabia-guide,/blog/Regional-Headquarters-in-Saudi-Arabia | /blog/ZATCA | /blog/calculating-setup-and-renewal-costs-saudi-arabia-encyclopedia | /blog/company-registration-in-saudi-arabia | /blog/company-registration-in-saudi-arabia-comprehensive-guide | /blog/establishing-a-company-in-saudi-arabia-comprehensive-guide | /blog/facilitating-sovereign-financial-procedures-saudi-arabia-guide | /blog/freedom-of-ownership-in-saudi-arabia-investors-guide | /blog/market-entry-strategy-in-KSA | /blog/opening-bank-account-saudi-arabia-investors-guide-2026 | /blog/saudi-arabia-rhq-incentives-requirements-guide | /blog/starting-a-company-in-saudi-arabia | /blog/starting-a-company-in-saudi-arabia-guide
node,83,zh-hans,page,地区总部许可证（中东和北非许可证）,node__body,body_value,3,/business-setup | /rhq-license-mena-license | /zh-hans/rhq-license-mena-license,/services/business-setup | /services/rhq-license-mena-license | /zh-hans/services/rhq-license-mena-license
node,91,ar,page,مساحات العمل المشترك,node__body,body_value,2,/business-setup | /coworking-spaces,/services/business-setup | /services/coworking-spaces
node,91,en,page,Coworking Spaces,node__body,body_value,1,/coworking-spaces,/services/coworking-spaces
node,91,zh-hans,page,联合办公空间,node__body,body_value,3,/business-setup | /zh-hans/business-setup | /zh-hans/coworking-spaces,/services/business-setup | /zh-hans/services/business-setup | /zh-hans/services/coworking-spaces
node,92,ar,page,حاضنات الأعمال,node__body,body_value,1,/business-setup,/services/business-setup
node,92,en,page,Business Incubators,node__body,body_value,1,/business-setup,/services/business-setup
node,92,zh-hans,page,企业孵化器,node__body,body_value,2,/business-setup | /zh-hans/business-setup,/services/business-setup | /zh-hans/services/business-setup
node,94,ar,page,خدمات العلاقات العامة في السعودية و العلاقات الحكومية في السعودية,node__body,body_value,1,/ar/pro-gro-services-streamline-your-saudi-business-setup,/ar/services/pro-gro-services-streamline-your-saudi-business-setup
node,94,en,page,PRO & GRO Services in Saudi Arabia,node__body,body_value,2,/business-setup | /pro-gro-services-streamline-your-saudi-business-setup,/services/business-setup | /services/pro-gro-services-streamline-your-saudi-business-setup
node,94,zh-hans,page,沙特阿拉伯的 PRO & GRO 服务,node__body,body_value,3,/business-setup | /zh-hans/business-setup | /zh-hans/pro-gro-services-streamline-your-saudi-business-setup,/services/business-setup | /zh-hans/services/business-setup | /zh-hans/services/pro-gro-services-streamline-your-saudi-business-setup
node,96,ar,page,الإقامة المميزة في المملكة العربية السعودية,node__body,body_value,6,/ar/business-setup | /ar/premium-residency-saudi-arabia | /ar/visa-issuance | /business-setup | /premium-residency-saudi-arabia | /visa-issuance,/ar/blog/business-setup | /ar/services/premium-residency-saudi-arabia | /ar/services/visa-issuance | /services/business-setup | /services/premium-residency-saudi-arabia | /services/visa-issuance
node,96,en,page,Premium Residency in Saudi Arabia,node__body,body_value,1,/premium-residency-saudi-arabia,/services/premium-residency-saudi-arabia
node,96,zh-hans,page,沙特阿拉伯的高级居住,node__body,body_value,2,/premium-residency-saudi-arabia | /zh-hans/premium-residency-saudi-arabia,/services/premium-residency-saudi-arabia | /zh-hans/services/premium-residency-saudi-arabia
node,97,ar,page,إصدار التأشيرة,node__body,body_value,2,/ar/visa-issuance | /visa-issuance,/ar/services/visa-issuance | /services/visa-issuance
node,97,en,page,Visa Issuance,node__body,body_value,1,/visa-issuance,/services/visa-issuance
node,97,zh-hans,page,签证签发,node__body,body_value,2,/visa-issuance | /zh-hans/visa-issuance,/services/visa-issuance | /zh-hans/services/visa-issuance
node,98,ar,page,خدمات الترجمة,node__body,body_value,3,/ar/business-setup | /ar/translation-services | /business-setup,/ar/blog/business-setup | /ar/services/translation-services | /services/business-setup
node,98,en,page,Translation Services,node__body,body_value,1,/translation-services,/services/translation-services
node,98,zh-hans,page,翻译服务,node__body,body_value,4,/business-setup | /translation-services | /zh-hans/business-setup | /zh-hans/translation-services,/services/business-setup | /services/translation-services | /zh-hans/services/business-setup | /zh-hans/services/translation-services
node,99,ar,page,الخدمات الاستشارية,node__body,body_value,1,/consultation-services,/services/consultation-services
node,99,en,page,Business Consultancy Services in Saudi Arabia | Motaded Consulting,node__body,body_value,4,/Saudi-Corporate-Compliance-Services | /investment-systems-in-saudi-arabia-guide | /legal-consultant-in-saudi-arabia-investor-support-2026 | /market-entry-strategy-in-KSA,/blog/Saudi-Corporate-Compliance-Services | /blog/investment-systems-in-saudi-arabia-guide | /blog/legal-consultant-in-saudi-arabia-investor-support-2026 | /blog/market-entry-strategy-in-KSA
node,108,ar,page,سياسة الخصوصية,node__body,body_value,1,/privacy-policy,/services/privacy-policy
node,108,en,page,Privacy Policy,node__body,body_value,1,/privacy-policy,/services/privacy-policy
node,108,zh-hans,page,隐私政策,node__body,body_value,1,/privacy-policy,/services/privacy-policy
node,110,en,article,Why Invest in Saudi Arabia 2026? | Investment Sovereignty Guide - Motaded,node__body,body_value,23,/HR-Outsourcing-in-Saudi-Arabia | /MISA-Investment-License | /Ministry-of-Commerce-in-Saudi-Arabia | /Ministry-of-Investment-in-Saudi-Arabia | /Regional-Headquarters-in-Saudi-Arabia | /Saudi-Corporate-Compliance-Services | /Steps-for-Business-Setup-in-KSA | /ZATCA | /about-Qiwa-Platform | /company-registration-in-saudi-arabia | /company-registration-in-saudi-arabia-comprehensive-guide | /establishing-a-company-in-saudi-arabia-comprehensive-guide | /freedom-of-ownership-in-saudi-arabia-investors-guide | /home | /industrial-cities-saudi-arabia-comprehensive-guide | /legal-consultant-in-saudi-arabia-investor-support-2026 | /market-entry-strategy-in-KSA | /ministry-of-foreign-affairs-saudi-business-encyclopedic-guide | /opening-bank-account-saudi-arabia-investors-guide-2026 | /rhq-formation-saudi-arabia-comprehensive-guide | /starting-a-company-in-saudi-arabia | /starting-a-company-in-saudi-arabia-guide | /tax-system-saudi-arabia-wht-vat-cit-guide,/blog/HR-Outsourcing-in-Saudi-Arabia | /blog/MISA-Investment-License | /blog/Ministry-of-Commerce-in-Saudi-Arabia | /blog/Ministry-of-Investment-in-Saudi-Arabia | /blog/Regional-Headquarters-in-Saudi-Arabia | /blog/Saudi-Corporate-Compliance-Services | /blog/Steps-for-Business-Setup-in-KSA | /blog/ZATCA | /blog/about-Qiwa-Platform | /blog/company-registration-in-saudi-arabia | /blog/company-registration-in-saudi-arabia-comprehensive-guide | /blog/establishing-a-company-in-saudi-arabia-comprehensive-guide | /blog/freedom-of-ownership-in-saudi-arabia-investors-guide | /services/home | /blog/industrial-cities-saudi-arabia-comprehensive-guide | /blog/legal-consultant-in-saudi-arabia-investor-support-2026 | /blog/market-entry-strategy-in-KSA | /blog/ministry-of-foreign-affairs-saudi-business-encyclopedic-guide | /blog/opening-bank-account-saudi-arabia-investors-guide-2026 | /blog/rhq-formation-saudi-arabia-comprehensive-guide | /blog/starting-a-company-in-saudi-arabia | /blog/starting-a-company-in-saudi-arabia-guide | /blog/tax-system-saudi-arabia-wht-vat-cit-guide
node,110,zh-hans,article,为何投资沙特阿拉伯？外国投资者简明指南,node__body,body_value,4,/business-setup | /vision-2030 | /zh-hans/business-setup | /zh-hans/vision-2030,/services/business-setup | /blog/vision-2030 | /zh-hans/services/business-setup | /zh-hans/blog/vision-2030
node,119,ar,article,سجل شركتك في المملكة العربية السعودية,node__body,body_value,1,/ar/why-invest-saudi-arabia-concise-guide-foreign-investors,/ar/blog/why-invest-saudi-arabia-concise-guide-foreign-investors
node,119,en,article,Company Registration in Saudi Arabia 2026 | Licensing & Procedural Sovereignty Guide - Motaded,node__body,body_value,26,/Articles-of-Association | /Articles-of-Association-in-Saudi-Arabia | /Guide-to-Amending-the-MISA-Investment-License | /HR-Outsourcing-in-Saudi-Arabia | /MISA-Investment-License | /Ministry-of-Commerce-in-Saudi-Arabia | /Ministry-of-Investment-in-Saudi-Arabia | /PRO-services-in-Saudi-Arabia | /Steps-for-Business-Setup-in-KSA | /The-Comprehensive-Guide-to-Saudi-Business-Center | /Wage-Protection-System-in-saudi-arabia | /ZATCA | /about-Qiwa-Platform | /cash-flows-in-saudi-arabia-financial-guide | /company-registration-in-saudi-arabia | /company-registration-in-saudi-arabia-comprehensive-guide | /facilitating-sovereign-financial-procedures-saudi-arabia-guide | /freedom-of-ownership-in-saudi-arabia-investors-guide | /legal-consultant-in-saudi-arabia-investor-support-2026 | /legal-translation-services-in-saudi-arabia | /market-entry-strategy-in-KSA | /opening-bank-account-saudi-arabia-investors-guide-2026 | /professional-staff-saudi-arabia-management-guide | /starting-a-company-in-saudi-arabia | /starting-a-company-in-saudi-arabia-guide | /tax-system-saudi-arabia-wht-vat-cit-guide,/services/Articles-of-Association | /blog/Articles-of-Association-in-Saudi-Arabia | /blog/Guide-to-Amending-the-MISA-Investment-License | /blog/HR-Outsourcing-in-Saudi-Arabia | /blog/MISA-Investment-License | /blog/Ministry-of-Commerce-in-Saudi-Arabia | /blog/Ministry-of-Investment-in-Saudi-Arabia | /blog/PRO-services-in-Saudi-Arabia | /blog/Steps-for-Business-Setup-in-KSA | /blog/The-Comprehensive-Guide-to-Saudi-Business-Center | /blog/Wage-Protection-System-in-saudi-arabia | /blog/ZATCA | /blog/about-Qiwa-Platform | /blog/cash-flows-in-saudi-arabia-financial-guide | /blog/company-registration-in-saudi-arabia | /blog/company-registration-in-saudi-arabia-comprehensive-guide | /blog/facilitating-sovereign-financial-procedures-saudi-arabia-guide | /blog/freedom-of-ownership-in-saudi-arabia-investors-guide | /blog/legal-consultant-in-saudi-arabia-investor-support-2026 | /blog/legal-translation-services-in-saudi-arabia | /blog/market-entry-strategy-in-KSA | /blog/opening-bank-account-saudi-arabia-investors-guide-2026 | /blog/professional-staff-saudi-arabia-management-guide | /blog/starting-a-company-in-saudi-arabia | /blog/starting-a-company-in-saudi-arabia-guide | /blog/tax-system-saudi-arabia-wht-vat-cit-guide
node,119,zh-hans,article,在沙特阿拉伯注册您的公司,node__body,body_value,1,/zh-hans/why-invest-saudi-arabia-concise-guide-foreign-investors,/zh-hans/blog/why-invest-saudi-arabia-concise-guide-foreign-investors
node,127,ar,article,الموارد البشرية في السعودية 2026 | دليل السيادة الإجرائية والتحول الرقمي - متعدد,node__body,body_value,15,/HR-Outsourcing-in-Saudi-Arabia | /PRO-services-in-Saudi-Arabia | /Saudi-Corporate-Compliance-Services | /Steps-for-Business-Setup-in-KSA | /Wage-Protection-System-in-saudi-arabia | /ZATCA | /about-Qiwa-Platform | /home | /industrial-cities-saudi-arabia-comprehensive-guide | /legal-consultant-in-saudi-arabia-investor-support-2026 | /opening-bank-account-saudi-arabia-investors-guide-2026 | /professional-staff-saudi-arabia-management-guide | /starting-a-company-in-saudi-arabia | /starting-a-company-in-saudi-arabia-guide | /tax-system-saudi-arabia-wht-vat-cit-guide,/blog/HR-Outsourcing-in-Saudi-Arabia | /blog/PRO-services-in-Saudi-Arabia | /blog/Saudi-Corporate-Compliance-Services | /blog/Steps-for-Business-Setup-in-KSA | /blog/Wage-Protection-System-in-saudi-arabia | /blog/ZATCA | /blog/about-Qiwa-Platform | /services/home | /blog/industrial-cities-saudi-arabia-comprehensive-guide | /blog/legal-consultant-in-saudi-arabia-investor-support-2026 | /blog/opening-bank-account-saudi-arabia-investors-guide-2026 | /blog/professional-staff-saudi-arabia-management-guide | /blog/starting-a-company-in-saudi-arabia | /blog/starting-a-company-in-saudi-arabia-guide | /blog/tax-system-saudi-arabia-wht-vat-cit-guide
node,127,en,article,HR in Saudi Arabia 2026 | Procedural Sovereignty & Digital Transformation Guide - Motaded,node__body,body_value,15,/HR-Outsourcing-in-Saudi-Arabia | /PRO-services-in-Saudi-Arabia | /Saudi-Corporate-Compliance-Services | /Steps-for-Business-Setup-in-KSA | /Wage-Protection-System-in-saudi-arabia | /ZATCA | /about-Qiwa-Platform | /home | /industrial-cities-saudi-arabia-comprehensive-guide | /legal-consultant-in-saudi-arabia-investor-support-2026 | /opening-bank-account-saudi-arabia-investors-guide-2026 | /professional-staff-saudi-arabia-management-guide | /starting-a-company-in-saudi-arabia | /starting-a-company-in-saudi-arabia-guide | /tax-system-saudi-arabia-wht-vat-cit-guide,/blog/HR-Outsourcing-in-Saudi-Arabia | /blog/PRO-services-in-Saudi-Arabia | /blog/Saudi-Corporate-Compliance-Services | /blog/Steps-for-Business-Setup-in-KSA | /blog/Wage-Protection-System-in-saudi-arabia | /blog/ZATCA | /blog/about-Qiwa-Platform | /services/home | /blog/industrial-cities-saudi-arabia-comprehensive-guide | /blog/legal-consultant-in-saudi-arabia-investor-support-2026 | /blog/opening-bank-account-saudi-arabia-investors-guide-2026 | /blog/professional-staff-saudi-arabia-management-guide | /blog/starting-a-company-in-saudi-arabia | /blog/starting-a-company-in-saudi-arabia-guide | /blog/tax-system-saudi-arabia-wht-vat-cit-guide
node,127,zh-hans,article,人力资源服务,node__body,body_value,4,/hr-services | /visa-issuance | /zh-hans/hr-services | /zh-hans/visa-issuance,/services/hr-services | /services/visa-issuance | /zh-hans/services/hr-services | /zh-hans/services/visa-issuance
node,128,ar,page,المناطق الاقتصادية الخاصة الحرة في السعودية,node__body,body_value,2,/ar/free-zones-ksa | /free-zones-ksa,/ar/services/free-zones-ksa | /services/free-zones-ksa
node,132,ar,article,الضرائب في السعودية 2026 | دليل السيادة الضريبية والزكاة - متعدد,node__body,body_value,16,/HR-Outsourcing-in-Saudi-Arabia | /Steps-for-Business-Setup-in-KSA | /about-Qiwa-Platform | /company-registration-in-saudi-arabia | /company-registration-in-saudi-arabia-comprehensive-guide | /establishing-a-company-in-saudi-arabia-comprehensive-guide | /facilitating-sovereign-financial-procedures-saudi-arabia-guide | /freedom-of-ownership-in-saudi-arabia-investors-guide | /legal-consultant-in-saudi-arabia-investor-support-2026 | /legal-translation-services-in-saudi-arabia | /market-entry-strategy-in-KSA | /professional-staff-saudi-arabia-management-guide | /rhq-formation-saudi-arabia-comprehensive-guide | /starting-a-company-in-saudi-arabia | /starting-a-company-in-saudi-arabia-guide | /tax-system-saudi-arabia-wht-vat-cit-guide,/blog/HR-Outsourcing-in-Saudi-Arabia | /blog/Steps-for-Business-Setup-in-KSA | /blog/about-Qiwa-Platform | /blog/company-registration-in-saudi-arabia | /blog/company-registration-in-saudi-arabia-comprehensive-guide | /blog/establishing-a-company-in-saudi-arabia-comprehensive-guide | /blog/facilitating-sovereign-financial-procedures-saudi-arabia-guide | /blog/freedom-of-ownership-in-saudi-arabia-investors-guide | /blog/legal-consultant-in-saudi-arabia-investor-support-2026 | /blog/legal-translation-services-in-saudi-arabia | /blog/market-entry-strategy-in-KSA | /blog/professional-staff-saudi-arabia-management-guide | /blog/rhq-formation-saudi-arabia-comprehensive-guide | /blog/starting-a-company-in-saudi-arabia | /blog/starting-a-company-in-saudi-arabia-guide | /blog/tax-system-saudi-arabia-wht-vat-cit-guide
node,132,en,article,Taxation in Saudi Arabia 2026 | Investment Sovereignty & Zakat Guide - Motaded,node__body,body_value,17,/HR-Outsourcing-in-Saudi-Arabia | /Steps-for-Business-Setup-in-KSA | /about-Qiwa-Platform | /company-registration-in-saudi-arabia | /company-registration-in-saudi-arabia-comprehensive-guide | /establishing-a-company-in-saudi-arabia-comprehensive-guide | /facilitating-sovereign-financial-procedures-saudi-arabia-guide | /freedom-of-ownership-in-saudi-arabia-investors-guide | /legal-consultant-in-saudi-arabia-investor-support-2026 | /legal-translation-services-in-saudi-arabia | /market-entry-strategy-in-KSA | /opening-bank-account-saudi-arabia-investors-guide-2026 | /professional-staff-saudi-arabia-management-guide | /rhq-formation-saudi-arabia-comprehensive-guide | /starting-a-company-in-saudi-arabia | /starting-a-company-in-saudi-arabia-guide | /tax-system-saudi-arabia-wht-vat-cit-guide,/blog/HR-Outsourcing-in-Saudi-Arabia | /blog/Steps-for-Business-Setup-in-KSA | /blog/about-Qiwa-Platform | /blog/company-registration-in-saudi-arabia | /blog/company-registration-in-saudi-arabia-comprehensive-guide | /blog/establishing-a-company-in-saudi-arabia-comprehensive-guide | /blog/facilitating-sovereign-financial-procedures-saudi-arabia-guide | /blog/freedom-of-ownership-in-saudi-arabia-investors-guide | /blog/legal-consultant-in-saudi-arabia-investor-support-2026 | /blog/legal-translation-services-in-saudi-arabia | /blog/market-entry-strategy-in-KSA | /blog/opening-bank-account-saudi-arabia-investors-guide-2026 | /blog/professional-staff-saudi-arabia-management-guide | /blog/rhq-formation-saudi-arabia-comprehensive-guide | /blog/starting-a-company-in-saudi-arabia | /blog/starting-a-company-in-saudi-arabia-guide | /blog/tax-system-saudi-arabia-wht-vat-cit-guide
node,132,zh-hans,article,沙特阿拉伯的税收,node__body,body_value,6,/Taxes-in-Saudi-Arabia | /business-setup | /free-zones-ksa | /zh-hans/Taxes-in-Saudi-Arabia | /zh-hans/business-setup | /zh-hans/free-zones-ksa,/blog/Taxes-in-Saudi-Arabia | /services/business-setup | /services/free-zones-ksa | /zh-hans/blog/Taxes-in-Saudi-Arabia | /zh-hans/services/business-setup | /zh-hans/services/free-zones-ksa
node,133,en,article,LEAP 2025,node__body,body_value,1,/business-setup,/services/business-setup
node,133,zh-hans,article,飞跃2025,node__body,body_value,2,/business-setup | /zh-hans/business-setup,/services/business-setup | /zh-hans/services/business-setup
node,135,en,article,Developed Nitaqat System Saudi Arabia 2026 | Localization Sovereignty Guide - Motaded,node__body,body_value,22,/HR-Outsourcing-in-Saudi-Arabia | /MISA-Investment-License | /Ministry-of-Commerce-in-Saudi-Arabia | /Ministry-of-Investment-in-Saudi-Arabia | /PRO-services-in-Saudi-Arabia | /Saudi-Corporate-Compliance-Services | /Steps-for-Business-Setup-in-KSA | /Wage-Protection-System-in-saudi-arabia | /ZATCA | /about-Qiwa-Platform | /calculating-setup-and-renewal-costs-saudi-arabia-encyclopedia | /company-registration-in-saudi-arabia | /company-registration-in-saudi-arabia-comprehensive-guide | /establishing-a-company-in-saudi-arabia-comprehensive-guide | /home | /legal-consultant-in-saudi-arabia-investor-support-2026 | /market-entry-strategy-in-KSA | /opening-bank-account-saudi-arabia-investors-guide-2026 | /professional-staff-saudi-arabia-management-guide | /starting-a-company-in-saudi-arabia | /starting-a-company-in-saudi-arabia-guide | /tax-system-saudi-arabia-wht-vat-cit-guide,/blog/HR-Outsourcing-in-Saudi-Arabia | /blog/MISA-Investment-License | /blog/Ministry-of-Commerce-in-Saudi-Arabia | /blog/Ministry-of-Investment-in-Saudi-Arabia | /blog/PRO-services-in-Saudi-Arabia | /blog/Saudi-Corporate-Compliance-Services | /blog/Steps-for-Business-Setup-in-KSA | /blog/Wage-Protection-System-in-saudi-arabia | /blog/ZATCA | /blog/about-Qiwa-Platform | /blog/calculating-setup-and-renewal-costs-saudi-arabia-encyclopedia | /blog/company-registration-in-saudi-arabia | /blog/company-registration-in-saudi-arabia-comprehensive-guide | /blog/establishing-a-company-in-saudi-arabia-comprehensive-guide | /services/home | /blog/legal-consultant-in-saudi-arabia-investor-support-2026 | /blog/market-entry-strategy-in-KSA | /blog/opening-bank-account-saudi-arabia-investors-guide-2026 | /blog/professional-staff-saudi-arabia-management-guide | /blog/starting-a-company-in-saudi-arabia | /blog/starting-a-company-in-saudi-arabia-guide | /blog/tax-system-saudi-arabia-wht-vat-cit-guide
node,135,zh-hans,article,沙特化和 Nitaqat 证书,node__body,body_value,2,/business-setup | /zh-hans/business-setup,/services/business-setup | /zh-hans/services/business-setup
node,136,ar,article,تعزيز تجربة الموظف من خلال خدمات الموارد البشرية,node__body,body_value,2,/ar/pro-gro-services-streamline-your-saudi-business-setup | /hr-services,/ar/services/pro-gro-services-streamline-your-saudi-business-setup | /services/hr-services
node,136,en,article,Enhancing Employee Experience Through HR Services,node__body,body_value,3,/Saudization-And-Nitaqat-System | /hr-services | /pro-gro-services-streamline-your-saudi-business-setup,/blog/Saudization-And-Nitaqat-System | /services/hr-services | /services/pro-gro-services-streamline-your-saudi-business-setup
node,136,zh-hans,article,通过人力资源服务增强员工体验,node__body,body_value,3,/hr-services | /zh-hans/hr-services | /zh-hans/pro-gro-services-streamline-your-saudi-business-setup,/services/hr-services | /zh-hans/services/hr-services | /zh-hans/services/pro-gro-services-streamline-your-saudi-business-setup
node,137,ar,article,فرص الاستثمار في المملكة العربية السعودية,node__body,body_value,7,/Guide-to-Amending-the-MISA-Investment-License | /ar/Guide-to-Amending-the-MISA-Investment-License | /ar/Register-Your-Company-in-Saudi-Arabia | /ar/what-neom | /business-setup | /type-license | /vision-2030,/blog/Guide-to-Amending-the-MISA-Investment-License | /ar/blog/Guide-to-Amending-the-MISA-Investment-License | /ar/blog/Register-Your-Company-in-Saudi-Arabia | /ar/blog/what-neom | /services/business-setup | /blog/type-license | /blog/vision-2030
node,137,en,article,Investment Opportunities in Saudi Arabia,node__body,body_value,10,/Taxes-in-Saudi-Arabia | /Why-Invest-in-Saudi-Arabia | /business-setup | /free-zones-ksa | /pro-gro-services-streamline-your-saudi-business-setup | /rhq-license-mena-license | /type-license | /vision-2030 | /what-neom | /why-invest-saudi-arabia-concise-guide-foreign-investors,/blog/Taxes-in-Saudi-Arabia | /services/Why-Invest-in-Saudi-Arabia | /services/business-setup | /services/free-zones-ksa | /services/pro-gro-services-streamline-your-saudi-business-setup | /services/rhq-license-mena-license | /blog/type-license | /blog/vision-2030 | /blog/what-neom | /blog/why-invest-saudi-arabia-concise-guide-foreign-investors
node,137,zh-hans,article,沙特阿拉伯的投资机会,node__body,body_value,17,/Taxes-in-Saudi-Arabia | /Why-Invest-in-Saudi-Arabia | /business-setup | /free-zones-ksa | /rhq-license-mena-license | /type-license | /vision-2030 | /what-neom | /why-invest-saudi-arabia-concise-guide-foreign-investors | /zh-hans/Register-Your-Company-in-Saudi-Arabia | /zh-hans/Taxes-in-Saudi-Arabia | /zh-hans/business-setup | /zh-hans/free-zones-ksa | /zh-hans/pro-gro-services-streamline-your-saudi-business-setup | /zh-hans/rhq-license-mena-license | /zh-hans/type-license | /zh-hans/what-neom,/blog/Taxes-in-Saudi-Arabia | /services/Why-Invest-in-Saudi-Arabia | /services/business-setup | /services/free-zones-ksa | /services/rhq-license-mena-license | /blog/type-license | /blog/vision-2030 | /blog/what-neom | /blog/why-invest-saudi-arabia-concise-guide-foreign-investors | /zh-hans/blog/Register-Your-Company-in-Saudi-Arabia | /zh-hans/blog/Taxes-in-Saudi-Arabia | /zh-hans/services/business-setup | /zh-hans/services/free-zones-ksa | /zh-hans/services/pro-gro-services-streamline-your-saudi-business-setup | /zh-hans/services/rhq-license-mena-license | /zh-hans/blog/type-license | /zh-hans/blog/what-neom
node,138,ar,article,كأس العالم 2034,node__body,body_value,5,/ar/Register-Your-Company-in-Saudi-Arabia | /ar/rhq-license-mena-license | /pro-gro-services-streamline-your-saudi-business-setup | /rhq-license-mena-license | /vision-2030,/ar/blog/Register-Your-Company-in-Saudi-Arabia | /ar/services/rhq-license-mena-license | /services/pro-gro-services-streamline-your-saudi-business-setup | /services/rhq-license-mena-license | /blog/vision-2030
node,138,en,article,2034 World Cup,node__body,body_value,9,/2034-World-Cup | /Branch-business-in-Saudi-Arabia | /Investment-Opportunities-and-Business-Setup-in-riyadh | /branch-license-in-saudi-arabia | /business-setup | /consultation-services | /pro-gro-services-streamline-your-saudi-business-setup | /rhq-license-mena-license | /vision-2030,/blog/2034-World-Cup | /services/Branch-business-in-Saudi-Arabia | /blog/Investment-Opportunities-and-Business-Setup-in-riyadh | /services/branch-license-in-saudi-arabia | /services/business-setup | /services/consultation-services | /services/pro-gro-services-streamline-your-saudi-business-setup | /services/rhq-license-mena-license | /blog/vision-2030
node,138,zh-hans,article,2034年世界杯,node__body,body_value,12,/2034-World-Cup | /business-setup | /consultation-services | /pro-gro-services-streamline-your-saudi-business-setup | /rhq-license-mena-license | /vision-2030 | /zh-hans/2034-World-Cup | /zh-hans/Register-Your-Company-in-Saudi-Arabia | /zh-hans/business-setup | /zh-hans/consultation-services | /zh-hans/rhq-license-mena-license | /zh-hans/vision-2030,/blog/2034-World-Cup | /services/business-setup | /services/consultation-services | /services/pro-gro-services-streamline-your-saudi-business-setup | /services/rhq-license-mena-license | /blog/vision-2030 | /zh-hans/blog/2034-World-Cup | /zh-hans/blog/Register-Your-Company-in-Saudi-Arabia | /zh-hans/services/business-setup | /zh-hans/services/consultation-services | /zh-hans/services/rhq-license-mena-license | /zh-hans/blog/vision-2030
node,139,en,article,Saudi Arabia and Italy Sign Energy Cooperation Agreement: A New Era in Renewable Technologies,node__body,body_value,4,/business-setup | /consultation-services | /visa-issuance | /what-neom,/services/business-setup | /services/consultation-services | /services/visa-issuance | /blog/what-neom
node,141,ar,article,فتح فرص الاستثمار في مختلف الأنشطة التجارية في المملكة العربية السعودية: دليل شامل,node__body,body_value,6,/ar/rhq-license-mena-license | /ar/what-neom | /business-setup | /coworking-spaces | /rhq-license-mena-license | /vision-2030,/ar/services/rhq-license-mena-license | /ar/blog/what-neom | /services/business-setup | /services/coworking-spaces | /services/rhq-license-mena-license | /blog/vision-2030
node,141,en,article,Unlocking Investment Opportunities in Various Commercial Activities in Saudi Arabia: A Comprehensive Guide,node__body,body_value,12,/Investment-Opportunities-in-Saudi-Arabia | /about-us | /business-incubators | /business-setup | /consultation-services | /coworking-spaces | /free-zones-ksa | /premium-residency-saudi-arabia | /rhq-license-mena-license | /visa-issuance | /vision-2030 | /what-neom,/blog/Investment-Opportunities-in-Saudi-Arabia | /services/about-us | /services/business-incubators | /services/business-setup | /services/consultation-services | /services/coworking-spaces | /services/free-zones-ksa | /services/premium-residency-saudi-arabia | /services/rhq-license-mena-license | /services/visa-issuance | /blog/vision-2030 | /blog/what-neom
node,142,en,article,Business Activities in Saudi Arabia 2026 | Investment Sovereignty Guide - Motaded,node__body,body_value,24,/Articles-of-Association | /Articles-of-Association-in-Saudi-Arabia | /HR-Outsourcing-in-Saudi-Arabia | /MISA-Investment-License | /Ministry-of-Commerce-in-Saudi-Arabia | /Steps-for-Business-Setup-in-KSA | /ZATCA | /about-Qiwa-Platform | /calculating-setup-and-renewal-costs-saudi-arabia-encyclopedia | /company-registration-in-saudi-arabia | /company-registration-in-saudi-arabia-comprehensive-guide | /establishing-a-company-in-saudi-arabia-comprehensive-guide | /facilitating-sovereign-financial-procedures-saudi-arabia-guide | /freedom-of-ownership-in-saudi-arabia-investors-guide | /industrial-cities-saudi-arabia-comprehensive-guide | /legal-consultant-in-saudi-arabia-investor-support-2026 | /legal-translation-services-in-saudi-arabia | /market-entry-strategy-in-KSA | /opening-bank-account-saudi-arabia-investors-guide-2026 | /professional-staff-saudi-arabia-management-guide | /rhq-formation-saudi-arabia-comprehensive-guide | /starting-a-company-in-saudi-arabia | /starting-a-company-in-saudi-arabia-guide | /tax-system-saudi-arabia-wht-vat-cit-guide,/services/Articles-of-Association | /blog/Articles-of-Association-in-Saudi-Arabia | /blog/HR-Outsourcing-in-Saudi-Arabia | /blog/MISA-Investment-License | /blog/Ministry-of-Commerce-in-Saudi-Arabia | /blog/Steps-for-Business-Setup-in-KSA | /blog/ZATCA | /blog/about-Qiwa-Platform | /blog/calculating-setup-and-renewal-costs-saudi-arabia-encyclopedia | /blog/company-registration-in-saudi-arabia | /blog/company-registration-in-saudi-arabia-comprehensive-guide | /blog/establishing-a-company-in-saudi-arabia-comprehensive-guide | /blog/facilitating-sovereign-financial-procedures-saudi-arabia-guide | /blog/freedom-of-ownership-in-saudi-arabia-investors-guide | /blog/industrial-cities-saudi-arabia-comprehensive-guide | /blog/legal-consultant-in-saudi-arabia-investor-support-2026 | /blog/legal-translation-services-in-saudi-arabia | /blog/market-entry-strategy-in-KSA | /blog/opening-bank-account-saudi-arabia-investors-guide-2026 | /blog/professional-staff-saudi-arabia-management-guide | /blog/rhq-formation-saudi-arabia-comprehensive-guide | /blog/starting-a-company-in-saudi-arabia | /blog/starting-a-company-in-saudi-arabia-guide | /blog/tax-system-saudi-arabia-wht-vat-cit-guide
node,143,en,article,Manufacturing Activity in Saudi Arabia 2026 | Productive Sovereignty Guide - Motaded,node__body,body_value,22,/HR-Outsourcing-in-Saudi-Arabia | /MISA-Investment-License | /Ministry-of-Commerce-in-Saudi-Arabia | /Steps-for-Business-Setup-in-KSA | /The-Comprehensive-Guide-to-Saudi-Business-Center | /Wage-Protection-System-in-saudi-arabia | /ZATCA | /about-Qiwa-Platform | /company-registration-in-saudi-arabia | /company-registration-in-saudi-arabia-comprehensive-guide | /establishing-a-company-in-saudi-arabia-comprehensive-guide | /facilitating-sovereign-financial-procedures-saudi-arabia-guide | /freedom-of-ownership-in-saudi-arabia-investors-guide | /industrial-cities-saudi-arabia-comprehensive-guide | /legal-consultant-in-saudi-arabia-investor-support-2026 | /market-entry-strategy-in-KSA | /opening-bank-account-saudi-arabia-investors-guide-2026 | /professional-staff-saudi-arabia-management-guide | /rhq-formation-saudi-arabia-comprehensive-guide | /starting-a-company-in-saudi-arabia | /starting-a-company-in-saudi-arabia-guide | /tax-system-saudi-arabia-wht-vat-cit-guide,/blog/HR-Outsourcing-in-Saudi-Arabia | /blog/MISA-Investment-License | /blog/Ministry-of-Commerce-in-Saudi-Arabia | /blog/Steps-for-Business-Setup-in-KSA | /blog/The-Comprehensive-Guide-to-Saudi-Business-Center | /blog/Wage-Protection-System-in-saudi-arabia | /blog/ZATCA | /blog/about-Qiwa-Platform | /blog/company-registration-in-saudi-arabia | /blog/company-registration-in-saudi-arabia-comprehensive-guide | /blog/establishing-a-company-in-saudi-arabia-comprehensive-guide | /blog/facilitating-sovereign-financial-procedures-saudi-arabia-guide | /blog/freedom-of-ownership-in-saudi-arabia-investors-guide | /blog/industrial-cities-saudi-arabia-comprehensive-guide | /blog/legal-consultant-in-saudi-arabia-investor-support-2026 | /blog/market-entry-strategy-in-KSA | /blog/opening-bank-account-saudi-arabia-investors-guide-2026 | /blog/professional-staff-saudi-arabia-management-guide | /blog/rhq-formation-saudi-arabia-comprehensive-guide | /blog/starting-a-company-in-saudi-arabia | /blog/starting-a-company-in-saudi-arabia-guide | /blog/tax-system-saudi-arabia-wht-vat-cit-guide
node,144,en,article,Wholesale And Retail Trade: Repair of Motor Vehicles And Motorcycles is the Most Demanded activity in Saudi Arabia,node__body,body_value,2,/business-setup | /free-zones-ksa,/services/business-setup | /services/free-zones-ksa
node,145,en,article,Saudi Vision 2030 Projects and Investor Opportunities,node__body,body_value,3,/business-setup | /vision-2030 | /what-neom,/services/business-setup | /blog/vision-2030 | /blog/what-neom
node,146,en,article,Project Saudi Green Initiative,node__body,body_value,2,/business-setup | /vision-2030,/services/business-setup | /blog/vision-2030
node,147,en,article,King Salman Energy Park Project,node__body,body_value,1,/business-setup,/services/business-setup
node,148,en,article,Launch of CEER Electric Car Manufacturing Company in Saudi Arabia,node__body,body_value,1,/business-setup,/services/business-setup
node,149,en,article,Relocating & Living in Saudi Arabia 2026 | Living Sovereignty Guide - Motaded,node__body,body_value,15,/Articles-of-Association | /Articles-of-Association-in-Saudi-Arabia | /Saudi-Corporate-Compliance-Services | /Steps-for-Business-Setup-in-KSA | /about-Qiwa-Platform | /calculating-setup-and-renewal-costs-saudi-arabia-encyclopedia | /cash-flows-in-saudi-arabia-financial-guide | /facilitating-sovereign-financial-procedures-saudi-arabia-guide | /home | /legal-consultant-in-saudi-arabia-investor-support-2026 | /market-entry-strategy-in-KSA | /opening-bank-account-saudi-arabia-investors-guide-2026 | /starting-a-company-in-saudi-arabia | /starting-a-company-in-saudi-arabia-guide | /tax-system-saudi-arabia-wht-vat-cit-guide,/services/Articles-of-Association | /blog/Articles-of-Association-in-Saudi-Arabia | /blog/Saudi-Corporate-Compliance-Services | /blog/Steps-for-Business-Setup-in-KSA | /blog/about-Qiwa-Platform | /blog/calculating-setup-and-renewal-costs-saudi-arabia-encyclopedia | /blog/cash-flows-in-saudi-arabia-financial-guide | /blog/facilitating-sovereign-financial-procedures-saudi-arabia-guide | /services/home | /blog/legal-consultant-in-saudi-arabia-investor-support-2026 | /blog/market-entry-strategy-in-KSA | /blog/opening-bank-account-saudi-arabia-investors-guide-2026 | /blog/starting-a-company-in-saudi-arabia | /blog/starting-a-company-in-saudi-arabia-guide | /blog/tax-system-saudi-arabia-wht-vat-cit-guide
node,150,en,article,How to Obtain a Transportation and Storage License in Saudi Arabia,node__body,body_value,3,/ar/business-incubators | /business-setup | /vision-2030,/ar/services/business-incubators | /services/business-setup | /blog/vision-2030
node,151,en,article,Accommodation and food service activities,node__body,body_value,1,/business-setup,/services/business-setup
node,152,en,article,Information and Communications Activity License in Saudi Arabia,node__body,body_value,1,/business-setup,/services/business-setup
node,154,en,article,Obtaining an Education License in Saudi Arabia,node__body,body_value,2,/business-setup | /vision-2030,/services/business-setup | /blog/vision-2030
node,155,en,article,"Water Supply, Sanitation, Waste Management and Treatment License in Saudi Arabia",node__body,body_value,1,/business-setup,/services/business-setup
node,156,ar,article,نشاط المقاولات والإنشاءات في السعودية 2026 | دليل السيادة الإنشائية والاستثمار - متعدد,node__body,body_value,21,/Articles-of-Association | /Articles-of-Association-in-Saudi-Arabia | /HR-Outsourcing-in-Saudi-Arabia | /Ministry-of-Commerce-in-Saudi-Arabia | /Steps-for-Business-Setup-in-KSA | /Wage-Protection-System-in-saudi-arabia | /ZATCA | /about-Qiwa-Platform | /company-registration-in-saudi-arabia | /company-registration-in-saudi-arabia-comprehensive-guide | /establishing-a-company-in-saudi-arabia-comprehensive-guide | /facilitating-sovereign-financial-procedures-saudi-arabia-guide | /freedom-of-ownership-in-saudi-arabia-investors-guide | /industrial-cities-saudi-arabia-comprehensive-guide | /legal-consultant-in-saudi-arabia-investor-support-2026 | /market-entry-strategy-in-KSA | /opening-bank-account-saudi-arabia-investors-guide-2026 | /rhq-formation-saudi-arabia-comprehensive-guide | /starting-a-company-in-saudi-arabia | /starting-a-company-in-saudi-arabia-guide | /tax-system-saudi-arabia-wht-vat-cit-guide,/services/Articles-of-Association | /blog/Articles-of-Association-in-Saudi-Arabia | /blog/HR-Outsourcing-in-Saudi-Arabia | /blog/Ministry-of-Commerce-in-Saudi-Arabia | /blog/Steps-for-Business-Setup-in-KSA | /blog/Wage-Protection-System-in-saudi-arabia | /blog/ZATCA | /blog/about-Qiwa-Platform | /blog/company-registration-in-saudi-arabia | /blog/company-registration-in-saudi-arabia-comprehensive-guide | /blog/establishing-a-company-in-saudi-arabia-comprehensive-guide | /blog/facilitating-sovereign-financial-procedures-saudi-arabia-guide | /blog/freedom-of-ownership-in-saudi-arabia-investors-guide | /blog/industrial-cities-saudi-arabia-comprehensive-guide | /blog/legal-consultant-in-saudi-arabia-investor-support-2026 | /blog/market-entry-strategy-in-KSA | /blog/opening-bank-account-saudi-arabia-investors-guide-2026 | /blog/rhq-formation-saudi-arabia-comprehensive-guide | /blog/starting-a-company-in-saudi-arabia | /blog/starting-a-company-in-saudi-arabia-guide | /blog/tax-system-saudi-arabia-wht-vat-cit-guide
node,156,en,article,Construction Activity in Saudi Arabia 2026 | Investment Sovereignty & Contracting Guide - Motaded,node__body,body_value,20,/Articles-of-Association | /Articles-of-Association-in-Saudi-Arabia | /Construction-activity-in-Saudi-Arabia | /HR-Outsourcing-in-Saudi-Arabia | /Ministry-of-Commerce-in-Saudi-Arabia | /Steps-for-Business-Setup-in-KSA | /Wage-Protection-System-in-saudi-arabia | /ZATCA | /about-Qiwa-Platform | /company-registration-in-saudi-arabia | /company-registration-in-saudi-arabia-comprehensive-guide | /establishing-a-company-in-saudi-arabia-comprehensive-guide | /facilitating-sovereign-financial-procedures-saudi-arabia-guide | /freedom-of-ownership-in-saudi-arabia-investors-guide | /industrial-cities-saudi-arabia-comprehensive-guide | /legal-consultant-in-saudi-arabia-investor-support-2026 | /market-entry-strategy-in-KSA | /opening-bank-account-saudi-arabia-investors-guide-2026 | /rhq-formation-saudi-arabia-comprehensive-guide | /tax-system-saudi-arabia-wht-vat-cit-guide,/services/Articles-of-Association | /blog/Articles-of-Association-in-Saudi-Arabia | /blog/Construction-activity-in-Saudi-Arabia | /blog/HR-Outsourcing-in-Saudi-Arabia | /blog/Ministry-of-Commerce-in-Saudi-Arabia | /blog/Steps-for-Business-Setup-in-KSA | /blog/Wage-Protection-System-in-saudi-arabia | /blog/ZATCA | /blog/about-Qiwa-Platform | /blog/company-registration-in-saudi-arabia | /blog/company-registration-in-saudi-arabia-comprehensive-guide | /blog/establishing-a-company-in-saudi-arabia-comprehensive-guide | /blog/facilitating-sovereign-financial-procedures-saudi-arabia-guide | /blog/freedom-of-ownership-in-saudi-arabia-investors-guide | /blog/industrial-cities-saudi-arabia-comprehensive-guide | /blog/legal-consultant-in-saudi-arabia-investor-support-2026 | /blog/market-entry-strategy-in-KSA | /blog/opening-bank-account-saudi-arabia-investors-guide-2026 | /blog/rhq-formation-saudi-arabia-comprehensive-guide | /blog/tax-system-saudi-arabia-wht-vat-cit-guide
node,156,zh-hans,article,2026年沙特阿拉伯建筑活动 | 投资主权与承包指南 - Motaded,node__body,body_value,21,/Articles-of-Association | /Articles-of-Association-in-Saudi-Arabia | /HR-Outsourcing-in-Saudi-Arabia | /Ministry-of-Commerce-in-Saudi-Arabia | /Steps-for-Business-Setup-in-KSA | /Wage-Protection-System-in-saudi-arabia | /ZATCA | /about-Qiwa-Platform | /company-registration-in-saudi-arabia | /company-registration-in-saudi-arabia-comprehensive-guide | /establishing-a-company-in-saudi-arabia-comprehensive-guide | /facilitating-sovereign-financial-procedures-saudi-arabia-guide | /freedom-of-ownership-in-saudi-arabia-investors-guide | /industrial-cities-saudi-arabia-comprehensive-guide | /legal-consultant-in-saudi-arabia-investor-support-2026 | /market-entry-strategy-in-KSA | /opening-bank-account-saudi-arabia-investors-guide-2026 | /rhq-formation-saudi-arabia-comprehensive-guide | /starting-a-company-in-saudi-arabia | /starting-a-company-in-saudi-arabia-guide | /tax-system-saudi-arabia-wht-vat-cit-guide,/services/Articles-of-Association | /blog/Articles-of-Association-in-Saudi-Arabia | /blog/HR-Outsourcing-in-Saudi-Arabia | /blog/Ministry-of-Commerce-in-Saudi-Arabia | /blog/Steps-for-Business-Setup-in-KSA | /blog/Wage-Protection-System-in-saudi-arabia | /blog/ZATCA | /blog/about-Qiwa-Platform | /blog/company-registration-in-saudi-arabia | /blog/company-registration-in-saudi-arabia-comprehensive-guide | /blog/establishing-a-company-in-saudi-arabia-comprehensive-guide | /blog/facilitating-sovereign-financial-procedures-saudi-arabia-guide | /blog/freedom-of-ownership-in-saudi-arabia-investors-guide | /blog/industrial-cities-saudi-arabia-comprehensive-guide | /blog/legal-consultant-in-saudi-arabia-investor-support-2026 | /blog/market-entry-strategy-in-KSA | /blog/opening-bank-account-saudi-arabia-investors-guide-2026 | /blog/rhq-formation-saudi-arabia-comprehensive-guide | /blog/starting-a-company-in-saudi-arabia | /blog/starting-a-company-in-saudi-arabia-guide | /blog/tax-system-saudi-arabia-wht-vat-cit-guide
node,157,en,article,"Arts, Entertainment and Recreation Activity in Saudi Arabia",node__body,body_value,1,/business-setup,/services/business-setup
node,158,en,article,Other service activities in Saudi Arabia,node__body,body_value,1,/business-setup,/services/business-setup
node,159,en,article,"Professional, scientific and technical activities in Saudi Arabia",node__body,body_value,2,/business-setup | /vision-2030,/services/business-setup | /blog/vision-2030
node,160,en,article,Administrative activities and support services in Saudi Arabia,node__body,body_value,1,/business-setup,/services/business-setup
node,161,en,article,Financial and insurance activities in Saudi Arabia,node__body,body_value,1,/business-setup,/services/business-setup
node,162,en,article,Real estate activities in Saudi Arabia,node__body,body_value,2,/business-setup | /coworking-spaces,/services/business-setup | /services/coworking-spaces
node,164,en,article,"Business Activities Agriculture, Forestry and Fishing in Saudi Arabia",node__body,body_value,1,/business-setup,/services/business-setup
node,165,en,article,Human health and social work activities in Saudi Arabia,node__body,body_value,1,/business-setup,/services/business-setup
node,166,en,article,Public Administration and Defense Activities; Mandatory Social Security in Saudi Arabia,node__body,body_value,1,/business-setup,/services/business-setup
node,167,en,article,"Electricity, Gas, Steam and Air Conditioning Supply Activities in Saudi Arabia",node__body,body_value,1,/business-setup,/services/business-setup
node,168,en,article,Bilateral relations between Saudi Arabia and India,node__body,body_value,1,/business-setup,/services/business-setup
node,169,en,article,Visa or entry permit for Hajj and Umrah,node__body,body_value,1,/pro-gro-services-streamline-your-saudi-business-setup,/services/pro-gro-services-streamline-your-saudi-business-setup
node,170,en,article,Quality of Life in Saudi Arabia,node__body,body_value,1,/Life-in-Saudi-Arabia,/blog/Life-in-Saudi-Arabia
node,172,ar,article,قوانين المملكة العربية السعودية,node__body,body_value,1,/ar/Saudi-Arabian-Laws,/ar/blog/Saudi-Arabian-Laws
node,172,en,article,Saudi Arabian Laws,node__body,body_value,2,/Saudi-Arabian-Laws | /business-setup,/blog/Saudi-Arabian-Laws | /services/business-setup
node,173,en,article,Chambers of Commerce in Saudi Arabia 2026 | Investment Sovereignty & Attestation Guide - Motaded,node__body,body_value,21,/Articles-of-Association | /Articles-of-Association-in-Saudi-Arabia | /HR-Outsourcing-in-Saudi-Arabia | /MISA-Investment-License | /Ministry-of-Commerce-in-Saudi-Arabia | /Steps-for-Business-Setup-in-KSA | /about-Qiwa-Platform | /calculating-setup-and-renewal-costs-saudi-arabia-encyclopedia | /company-registration-in-saudi-arabia | /company-registration-in-saudi-arabia-comprehensive-guide | /establishing-a-company-in-saudi-arabia-comprehensive-guide | /facilitating-sovereign-financial-procedures-saudi-arabia-guide | /freedom-of-ownership-in-saudi-arabia-investors-guide | /legal-consultant-in-saudi-arabia-investor-support-2026 | /legal-translation-services-in-saudi-arabia | /market-entry-strategy-in-KSA | /professional-staff-saudi-arabia-management-guide | /rhq-formation-saudi-arabia-comprehensive-guide | /starting-a-company-in-saudi-arabia | /starting-a-company-in-saudi-arabia-guide | /tax-system-saudi-arabia-wht-vat-cit-guide,/services/Articles-of-Association | /blog/Articles-of-Association-in-Saudi-Arabia | /blog/HR-Outsourcing-in-Saudi-Arabia | /blog/MISA-Investment-License | /blog/Ministry-of-Commerce-in-Saudi-Arabia | /blog/Steps-for-Business-Setup-in-KSA | /blog/about-Qiwa-Platform | /blog/calculating-setup-and-renewal-costs-saudi-arabia-encyclopedia | /blog/company-registration-in-saudi-arabia | /blog/company-registration-in-saudi-arabia-comprehensive-guide | /blog/establishing-a-company-in-saudi-arabia-comprehensive-guide | /blog/facilitating-sovereign-financial-procedures-saudi-arabia-guide | /blog/freedom-of-ownership-in-saudi-arabia-investors-guide | /blog/legal-consultant-in-saudi-arabia-investor-support-2026 | /blog/legal-translation-services-in-saudi-arabia | /blog/market-entry-strategy-in-KSA | /blog/professional-staff-saudi-arabia-management-guide | /blog/rhq-formation-saudi-arabia-comprehensive-guide | /blog/starting-a-company-in-saudi-arabia | /blog/starting-a-company-in-saudi-arabia-guide | /blog/tax-system-saudi-arabia-wht-vat-cit-guide
node,174,en,article,The most important differences between the updated investment system and the foreign investment system,node__body,body_value,1,/business-setup,/services/business-setup
node,175,en,article,Saudi Startup Business Program 2026 | Investment Sovereignty & Innovation Guide - Motaded,node__body,body_value,21,/Articles-of-Association | /Articles-of-Association-in-Saudi-Arabia | /HR-Outsourcing-in-Saudi-Arabia | /MISA-Investment-License | /Steps-for-Business-Setup-in-KSA | /about-Qiwa-Platform | /calculating-setup-and-renewal-costs-saudi-arabia-encyclopedia | /company-registration-in-saudi-arabia | /company-registration-in-saudi-arabia-comprehensive-guide | /establishing-a-company-in-saudi-arabia-comprehensive-guide | /facilitating-sovereign-financial-procedures-saudi-arabia-guide | /freedom-of-ownership-in-saudi-arabia-investors-guide | /industrial-cities-saudi-arabia-comprehensive-guide | /legal-consultant-in-saudi-arabia-investor-support-2026 | /legal-translation-services-in-saudi-arabia | /market-entry-strategy-in-KSA | /professional-staff-saudi-arabia-management-guide | /rhq-formation-saudi-arabia-comprehensive-guide | /starting-a-company-in-saudi-arabia | /starting-a-company-in-saudi-arabia-guide | /tax-system-saudi-arabia-wht-vat-cit-guide,/services/Articles-of-Association | /blog/Articles-of-Association-in-Saudi-Arabia | /blog/HR-Outsourcing-in-Saudi-Arabia | /blog/MISA-Investment-License | /blog/Steps-for-Business-Setup-in-KSA | /blog/about-Qiwa-Platform | /blog/calculating-setup-and-renewal-costs-saudi-arabia-encyclopedia | /blog/company-registration-in-saudi-arabia | /blog/company-registration-in-saudi-arabia-comprehensive-guide | /blog/establishing-a-company-in-saudi-arabia-comprehensive-guide | /blog/facilitating-sovereign-financial-procedures-saudi-arabia-guide | /blog/freedom-of-ownership-in-saudi-arabia-investors-guide | /blog/industrial-cities-saudi-arabia-comprehensive-guide | /blog/legal-consultant-in-saudi-arabia-investor-support-2026 | /blog/legal-translation-services-in-saudi-arabia | /blog/market-entry-strategy-in-KSA | /blog/professional-staff-saudi-arabia-management-guide | /blog/rhq-formation-saudi-arabia-comprehensive-guide | /blog/starting-a-company-in-saudi-arabia | /blog/starting-a-company-in-saudi-arabia-guide | /blog/tax-system-saudi-arabia-wht-vat-cit-guide
node,176,en,article,Visiting Investor Visa,node__body,body_value,3,/business-setup | /free-zones-ksa | /visa-issuance,/services/business-setup | /services/free-zones-ksa | /services/visa-issuance
node,177,en,article,Saudi Ministry of Human Resources 2026 | Labor Sovereignty & Qiwa Guide - Motaded,node__body,body_value,19,/Articles-of-Association | /Articles-of-Association-in-Saudi-Arabia | /HR-Outsourcing-in-Saudi-Arabia | /MISA-Investment-License | /Ministry-of-Commerce-in-Saudi-Arabia | /Ministry-of-Labor-in-Saudi-Arabia | /Steps-for-Business-Setup-in-KSA | /about-Qiwa-Platform | /calculating-setup-and-renewal-costs-saudi-arabia-encyclopedia | /company-registration-in-saudi-arabia | /company-registration-in-saudi-arabia-comprehensive-guide | /establishing-a-company-in-saudi-arabia-comprehensive-guide | /facilitating-sovereign-financial-procedures-saudi-arabia-guide | /freedom-of-ownership-in-saudi-arabia-investors-guide | /legal-consultant-in-saudi-arabia-investor-support-2026 | /market-entry-strategy-in-KSA | /professional-staff-saudi-arabia-management-guide | /rhq-formation-saudi-arabia-comprehensive-guide | /tax-system-saudi-arabia-wht-vat-cit-guide,/services/Articles-of-Association | /blog/Articles-of-Association-in-Saudi-Arabia | /blog/HR-Outsourcing-in-Saudi-Arabia | /blog/MISA-Investment-License | /blog/Ministry-of-Commerce-in-Saudi-Arabia | /blog/Ministry-of-Labor-in-Saudi-Arabia | /blog/Steps-for-Business-Setup-in-KSA | /blog/about-Qiwa-Platform | /blog/calculating-setup-and-renewal-costs-saudi-arabia-encyclopedia | /blog/company-registration-in-saudi-arabia | /blog/company-registration-in-saudi-arabia-comprehensive-guide | /blog/establishing-a-company-in-saudi-arabia-comprehensive-guide | /blog/facilitating-sovereign-financial-procedures-saudi-arabia-guide | /blog/freedom-of-ownership-in-saudi-arabia-investors-guide | /blog/legal-consultant-in-saudi-arabia-investor-support-2026 | /blog/market-entry-strategy-in-KSA | /blog/professional-staff-saudi-arabia-management-guide | /blog/rhq-formation-saudi-arabia-comprehensive-guide | /blog/tax-system-saudi-arabia-wht-vat-cit-guide
node,178,en,article,General Organization for Social Insurance 2026 | Sovereignty & Compliance Guide - Motaded,node__body,body_value,12,/HR-Outsourcing-in-Saudi-Arabia | /Ministry-of-Commerce-in-Saudi-Arabia | /Steps-for-Business-Setup-in-KSA | /Wage-Protection-System-in-saudi-arabia | /ZATCA | /about-Qiwa-Platform | /establishing-a-company-in-saudi-arabia-comprehensive-guide | /facilitating-sovereign-financial-procedures-saudi-arabia-guide | /freedom-of-ownership-in-saudi-arabia-investors-guide | /market-entry-strategy-in-KSA | /opening-bank-account-saudi-arabia-investors-guide-2026 | /rhq-formation-saudi-arabia-comprehensive-guide,/blog/HR-Outsourcing-in-Saudi-Arabia | /blog/Ministry-of-Commerce-in-Saudi-Arabia | /blog/Steps-for-Business-Setup-in-KSA | /blog/Wage-Protection-System-in-saudi-arabia | /blog/ZATCA | /blog/about-Qiwa-Platform | /blog/establishing-a-company-in-saudi-arabia-comprehensive-guide | /blog/facilitating-sovereign-financial-procedures-saudi-arabia-guide | /blog/freedom-of-ownership-in-saudi-arabia-investors-guide | /blog/market-entry-strategy-in-KSA | /blog/opening-bank-account-saudi-arabia-investors-guide-2026 | /blog/rhq-formation-saudi-arabia-comprehensive-guide
node,179,en,article,"Zakat, Tax and Customs Authority (ZATCA) 2026 | Sovereignty & Compliance Guide - Motaded",node__body,body_value,17,/Articles-of-Association | /Articles-of-Association-in-Saudi-Arabia | /HR-Outsourcing-in-Saudi-Arabia | /Steps-for-Business-Setup-in-KSA | /ZATCA | /about-Qiwa-Platform | /establishing-a-company-in-saudi-arabia-comprehensive-guide | /facilitating-sovereign-financial-procedures-saudi-arabia-guide | /freedom-of-ownership-in-saudi-arabia-investors-guide | /legal-consultant-in-saudi-arabia-investor-support-2026 | /legal-translation-services-in-saudi-arabia | /market-entry-strategy-in-KSA | /professional-staff-saudi-arabia-management-guide | /rhq-formation-saudi-arabia-comprehensive-guide | /starting-a-company-in-saudi-arabia | /starting-a-company-in-saudi-arabia-guide | /tax-system-saudi-arabia-wht-vat-cit-guide,/services/Articles-of-Association | /blog/Articles-of-Association-in-Saudi-Arabia | /blog/HR-Outsourcing-in-Saudi-Arabia | /blog/Steps-for-Business-Setup-in-KSA | /blog/ZATCA | /blog/about-Qiwa-Platform | /blog/establishing-a-company-in-saudi-arabia-comprehensive-guide | /blog/facilitating-sovereign-financial-procedures-saudi-arabia-guide | /blog/freedom-of-ownership-in-saudi-arabia-investors-guide | /blog/legal-consultant-in-saudi-arabia-investor-support-2026 | /blog/legal-translation-services-in-saudi-arabia | /blog/market-entry-strategy-in-KSA | /blog/professional-staff-saudi-arabia-management-guide | /blog/rhq-formation-saudi-arabia-comprehensive-guide | /blog/starting-a-company-in-saudi-arabia | /blog/starting-a-company-in-saudi-arabia-guide | /blog/tax-system-saudi-arabia-wht-vat-cit-guide
node,180,en,page,Branch business in Saudi Arabia,node__body,body_value,1,/business-setup,/services/business-setup
node,182,en,page,company formation in saudi arabia,node__body,body_value,1,/company-formation-in-saudi-arabia,/services/company-formation-in-saudi-arabia
node,185,en,page,The Saudi National Address,node__body,body_value,2,/branch-license-in-saudi-arabia | /business-setup,/services/branch-license-in-saudi-arabia | /services/business-setup
node,186,ar,article,العنوان الوطني السعودي (سبل) 2026 | دليل السيادة المكانية والامتثال - متعدد,node__body,body_value,20,/Articles-of-Association | /Articles-of-Association-in-Saudi-Arabia | /HR-Outsourcing-in-Saudi-Arabia | /MISA-Investment-License | /Ministry-of-Commerce-in-Saudi-Arabia | /Steps-for-Business-Setup-in-KSA | /ZATCA | /about-Qiwa-Platform | /company-registration-in-saudi-arabia | /company-registration-in-saudi-arabia-comprehensive-guide | /establishing-a-company-in-saudi-arabia-comprehensive-guide | /facilitating-sovereign-financial-procedures-saudi-arabia-guide | /freedom-of-ownership-in-saudi-arabia-investors-guide | /legal-translation-services-in-saudi-arabia | /market-entry-strategy-in-KSA | /opening-bank-account-saudi-arabia-investors-guide-2026 | /professional-staff-saudi-arabia-management-guide | /rhq-formation-saudi-arabia-comprehensive-guide | /starting-a-company-in-saudi-arabia | /starting-a-company-in-saudi-arabia-guide,/services/Articles-of-Association | /blog/Articles-of-Association-in-Saudi-Arabia | /blog/HR-Outsourcing-in-Saudi-Arabia | /blog/MISA-Investment-License | /blog/Ministry-of-Commerce-in-Saudi-Arabia | /blog/Steps-for-Business-Setup-in-KSA | /blog/ZATCA | /blog/about-Qiwa-Platform | /blog/company-registration-in-saudi-arabia | /blog/company-registration-in-saudi-arabia-comprehensive-guide | /blog/establishing-a-company-in-saudi-arabia-comprehensive-guide | /blog/facilitating-sovereign-financial-procedures-saudi-arabia-guide | /blog/freedom-of-ownership-in-saudi-arabia-investors-guide | /blog/legal-translation-services-in-saudi-arabia | /blog/market-entry-strategy-in-KSA | /blog/opening-bank-account-saudi-arabia-investors-guide-2026 | /blog/professional-staff-saudi-arabia-management-guide | /blog/rhq-formation-saudi-arabia-comprehensive-guide | /blog/starting-a-company-in-saudi-arabia | /blog/starting-a-company-in-saudi-arabia-guide
node,186,en,article,Saudi National Address (SPL) 2026 | Sovereignty & Compliance Guide - Motaded,node__body,body_value,20,/Articles-of-Association | /Articles-of-Association-in-Saudi-Arabia | /HR-Outsourcing-in-Saudi-Arabia | /MISA-Investment-License | /Ministry-of-Commerce-in-Saudi-Arabia | /Steps-for-Business-Setup-in-KSA | /ZATCA | /about-Qiwa-Platform | /company-registration-in-saudi-arabia | /company-registration-in-saudi-arabia-comprehensive-guide | /establishing-a-company-in-saudi-arabia-comprehensive-guide | /facilitating-sovereign-financial-procedures-saudi-arabia-guide | /freedom-of-ownership-in-saudi-arabia-investors-guide | /legal-translation-services-in-saudi-arabia | /market-entry-strategy-in-KSA | /opening-bank-account-saudi-arabia-investors-guide-2026 | /professional-staff-saudi-arabia-management-guide | /rhq-formation-saudi-arabia-comprehensive-guide | /starting-a-company-in-saudi-arabia | /starting-a-company-in-saudi-arabia-guide,/services/Articles-of-Association | /blog/Articles-of-Association-in-Saudi-Arabia | /blog/HR-Outsourcing-in-Saudi-Arabia | /blog/MISA-Investment-License | /blog/Ministry-of-Commerce-in-Saudi-Arabia | /blog/Steps-for-Business-Setup-in-KSA | /blog/ZATCA | /blog/about-Qiwa-Platform | /blog/company-registration-in-saudi-arabia | /blog/company-registration-in-saudi-arabia-comprehensive-guide | /blog/establishing-a-company-in-saudi-arabia-comprehensive-guide | /blog/facilitating-sovereign-financial-procedures-saudi-arabia-guide | /blog/freedom-of-ownership-in-saudi-arabia-investors-guide | /blog/legal-translation-services-in-saudi-arabia | /blog/market-entry-strategy-in-KSA | /blog/opening-bank-account-saudi-arabia-investors-guide-2026 | /blog/professional-staff-saudi-arabia-management-guide | /blog/rhq-formation-saudi-arabia-comprehensive-guide | /blog/starting-a-company-in-saudi-arabia | /blog/starting-a-company-in-saudi-arabia-guide
node,187,en,page,Open a bank account in Saudi Arabia,node__body,body_value,2,/branch-license-in-saudi-arabia | /business-setup,/services/branch-license-in-saudi-arabia | /services/business-setup
node,188,en,article,Opening a Bank Account in Saudi Arabia 2026 | Sovereignty & Financial Guide - Motaded,node__body,body_value,37,/Articles-of-Association | /Articles-of-Association-in-Saudi-Arabia | /Business-Operations-in-Saudi-Arabia | /Cloud-Computing-Special-Economic-Zone | /Incorporating-a-Company-in-Saudi-Arabia | /Investment-Registration-Certificate | /Ministry-of-Commerce-in-Saudi-Arabia | /Outsourced-HR-and-Operational-Support | /Saudi-Corporate-Compliance-Services | /Steps-for-Business-Setup-in-KSA | /The-Comprehensive-Guide-to-Saudi-Business-Center | /Wage-Protection-System-in-saudi-arabia | /ZATCA | /about-Qiwa-Platform | /business-opportunities-saudi-arabia-comprehensive-guide | /business-setup | /business-setup-process-in-ksa-sovereign-guide | /calculating-setup-and-renewal-costs-saudi-arabia-encyclopedia | /cash-flows-in-saudi-arabia-financial-guide | /company-license-saudi-arabia-sovereign-guide | /company-registration-in-saudi-arabia | /company-registration-in-saudi-arabia-comprehensive-guide | /consulting-firm-saudi-arabia-investors-comprehensive-guide | /establishing-a-company-in-saudi-arabia-comprehensive-guide | /facilitating-sovereign-financial-procedures-saudi-arabia-guide | /freedom-of-ownership-in-saudi-arabia-investors-guide | /investment-systems-in-saudi-arabia-guide | /issuing-general-manager-visa-via-qiwa-guide | /legal-consultant-in-saudi-arabia-investor-support-2026 | /market-entry-strategy-in-KSA | /opening-bank-account-saudi-arabia-investors-guide-2026 | /professional-licenses-saudi-arabia-guide | /professional-staff-saudi-arabia-management-guide | /starting-a-company-in-saudi-arabia | /starting-a-company-in-saudi-arabia-guide | /startup-business-investment-opportunities-2026-guide | /tax-system-saudi-arabia-wht-vat-cit-guide,/services/Articles-of-Association | /blog/Articles-of-Association-in-Saudi-Arabia | /blog/Business-Operations-in-Saudi-Arabia | /blog/Cloud-Computing-Special-Economic-Zone | /blog/Incorporating-a-Company-in-Saudi-Arabia | /blog/Investment-Registration-Certificate | /blog/Ministry-of-Commerce-in-Saudi-Arabia | /blog/Outsourced-HR-and-Operational-Support | /blog/Saudi-Corporate-Compliance-Services | /blog/Steps-for-Business-Setup-in-KSA | /blog/The-Comprehensive-Guide-to-Saudi-Business-Center | /blog/Wage-Protection-System-in-saudi-arabia | /blog/ZATCA | /blog/about-Qiwa-Platform | /blog/business-opportunities-saudi-arabia-comprehensive-guide | /services/business-setup | /blog/business-setup-process-in-ksa-sovereign-guide | /blog/calculating-setup-and-renewal-costs-saudi-arabia-encyclopedia | /blog/cash-flows-in-saudi-arabia-financial-guide | /blog/company-license-saudi-arabia-sovereign-guide | /blog/company-registration-in-saudi-arabia | /blog/company-registration-in-saudi-arabia-comprehensive-guide | /blog/consulting-firm-saudi-arabia-investors-comprehensive-guide | /blog/establishing-a-company-in-saudi-arabia-comprehensive-guide | /blog/facilitating-sovereign-financial-procedures-saudi-arabia-guide | /blog/freedom-of-ownership-in-saudi-arabia-investors-guide | /blog/investment-systems-in-saudi-arabia-guide | /blog/issuing-general-manager-visa-via-qiwa-guide | /blog/legal-consultant-in-saudi-arabia-investor-support-2026 | /blog/market-entry-strategy-in-KSA | /blog/opening-bank-account-saudi-arabia-investors-guide-2026 | /blog/professional-licenses-saudi-arabia-guide | /blog/professional-staff-saudi-arabia-management-guide | /blog/starting-a-company-in-saudi-arabia | /blog/starting-a-company-in-saudi-arabia-guide | /blog/startup-business-investment-opportunities-2026-guide | /blog/tax-system-saudi-arabia-wht-vat-cit-guide
node,190,en,page,Ras Al-Khair SEZ,node__body,body_value,3,/Ras-AlKhair-SEZ | /business-setup | /free-zones-ksa,/services/Ras-AlKhair-SEZ | /services/business-setup | /services/free-zones-ksa
node,191,ar,article,منطقة رأس الخير الاقتصادية الخاصة 2026 | دليل السيادة والتمكين البحري - متعدد,node__body,body_value,14,/HR-Outsourcing-in-Saudi-Arabia | /MISA-Investment-License | /Ministry-of-Commerce-in-Saudi-Arabia | /Steps-for-Business-Setup-in-KSA | /calculating-setup-and-renewal-costs-saudi-arabia-encyclopedia | /company-registration-in-saudi-arabia | /company-registration-in-saudi-arabia-comprehensive-guide | /establishing-a-company-in-saudi-arabia-comprehensive-guide | /facilitating-sovereign-financial-procedures-saudi-arabia-guide | /freedom-of-ownership-in-saudi-arabia-investors-guide | /market-entry-strategy-in-KSA | /professional-staff-saudi-arabia-management-guide | /starting-a-company-in-saudi-arabia | /starting-a-company-in-saudi-arabia-guide,/blog/HR-Outsourcing-in-Saudi-Arabia | /blog/MISA-Investment-License | /blog/Ministry-of-Commerce-in-Saudi-Arabia | /blog/Steps-for-Business-Setup-in-KSA | /blog/calculating-setup-and-renewal-costs-saudi-arabia-encyclopedia | /blog/company-registration-in-saudi-arabia | /blog/company-registration-in-saudi-arabia-comprehensive-guide | /blog/establishing-a-company-in-saudi-arabia-comprehensive-guide | /blog/facilitating-sovereign-financial-procedures-saudi-arabia-guide | /blog/freedom-of-ownership-in-saudi-arabia-investors-guide | /blog/market-entry-strategy-in-KSA | /blog/professional-staff-saudi-arabia-management-guide | /blog/starting-a-company-in-saudi-arabia | /blog/starting-a-company-in-saudi-arabia-guide
node,191,en,article,Ras Al-Khair Special Economic Zone 2026 | Maritime Sovereignty & Empowerment Guide - Motaded,node__body,body_value,14,/HR-Outsourcing-in-Saudi-Arabia | /MISA-Investment-License | /Ministry-of-Commerce-in-Saudi-Arabia | /Steps-for-Business-Setup-in-KSA | /calculating-setup-and-renewal-costs-saudi-arabia-encyclopedia | /company-registration-in-saudi-arabia | /company-registration-in-saudi-arabia-comprehensive-guide | /establishing-a-company-in-saudi-arabia-comprehensive-guide | /facilitating-sovereign-financial-procedures-saudi-arabia-guide | /freedom-of-ownership-in-saudi-arabia-investors-guide | /market-entry-strategy-in-KSA | /professional-staff-saudi-arabia-management-guide | /starting-a-company-in-saudi-arabia | /starting-a-company-in-saudi-arabia-guide,/blog/HR-Outsourcing-in-Saudi-Arabia | /blog/MISA-Investment-License | /blog/Ministry-of-Commerce-in-Saudi-Arabia | /blog/Steps-for-Business-Setup-in-KSA | /blog/calculating-setup-and-renewal-costs-saudi-arabia-encyclopedia | /blog/company-registration-in-saudi-arabia | /blog/company-registration-in-saudi-arabia-comprehensive-guide | /blog/establishing-a-company-in-saudi-arabia-comprehensive-guide | /blog/facilitating-sovereign-financial-procedures-saudi-arabia-guide | /blog/freedom-of-ownership-in-saudi-arabia-investors-guide | /blog/market-entry-strategy-in-KSA | /blog/professional-staff-saudi-arabia-management-guide | /blog/starting-a-company-in-saudi-arabia | /blog/starting-a-company-in-saudi-arabia-guide
node,192,ar,article,مدينة الملك عبدالله الاقتصادية 2026: الدليل الموسوعي للاستثمار الاستراتيجي والتمكين الملياري في السعودية,node__body,body_value,14,/HR-Outsourcing-in-Saudi-Arabia | /MISA-Investment-License | /Steps-for-Business-Setup-in-KSA | /about-Qiwa-Platform | /calculating-setup-and-renewal-costs-saudi-arabia-encyclopedia | /company-registration-in-saudi-arabia | /company-registration-in-saudi-arabia-comprehensive-guide | /establishing-a-company-in-saudi-arabia-comprehensive-guide | /facilitating-sovereign-financial-procedures-saudi-arabia-guide | /freedom-of-ownership-in-saudi-arabia-investors-guide | /market-entry-strategy-in-KSA | /professional-staff-saudi-arabia-management-guide | /starting-a-company-in-saudi-arabia | /starting-a-company-in-saudi-arabia-guide,/blog/HR-Outsourcing-in-Saudi-Arabia | /blog/MISA-Investment-License | /blog/Steps-for-Business-Setup-in-KSA | /blog/about-Qiwa-Platform | /blog/calculating-setup-and-renewal-costs-saudi-arabia-encyclopedia | /blog/company-registration-in-saudi-arabia | /blog/company-registration-in-saudi-arabia-comprehensive-guide | /blog/establishing-a-company-in-saudi-arabia-comprehensive-guide | /blog/facilitating-sovereign-financial-procedures-saudi-arabia-guide | /blog/freedom-of-ownership-in-saudi-arabia-investors-guide | /blog/market-entry-strategy-in-KSA | /blog/professional-staff-saudi-arabia-management-guide | /blog/starting-a-company-in-saudi-arabia | /blog/starting-a-company-in-saudi-arabia-guide
node,192,en,article,King Abdullah Economic City (KAEC) 2026 | Investment Sovereignty & Empowerment Guide - Motaded,node__body,body_value,14,/HR-Outsourcing-in-Saudi-Arabia | /MISA-Investment-License | /Steps-for-Business-Setup-in-KSA | /about-Qiwa-Platform | /calculating-setup-and-renewal-costs-saudi-arabia-encyclopedia | /company-registration-in-saudi-arabia | /company-registration-in-saudi-arabia-comprehensive-guide | /establishing-a-company-in-saudi-arabia-comprehensive-guide | /facilitating-sovereign-financial-procedures-saudi-arabia-guide | /freedom-of-ownership-in-saudi-arabia-investors-guide | /market-entry-strategy-in-KSA | /professional-staff-saudi-arabia-management-guide | /starting-a-company-in-saudi-arabia | /starting-a-company-in-saudi-arabia-guide,/blog/HR-Outsourcing-in-Saudi-Arabia | /blog/MISA-Investment-License | /blog/Steps-for-Business-Setup-in-KSA | /blog/about-Qiwa-Platform | /blog/calculating-setup-and-renewal-costs-saudi-arabia-encyclopedia | /blog/company-registration-in-saudi-arabia | /blog/company-registration-in-saudi-arabia-comprehensive-guide | /blog/establishing-a-company-in-saudi-arabia-comprehensive-guide | /blog/facilitating-sovereign-financial-procedures-saudi-arabia-guide | /blog/freedom-of-ownership-in-saudi-arabia-investors-guide | /blog/market-entry-strategy-in-KSA | /blog/professional-staff-saudi-arabia-management-guide | /blog/starting-a-company-in-saudi-arabia | /blog/starting-a-company-in-saudi-arabia-guide
node,193,en,page,The King Abdullah Economic City (KAEC),node__body,body_value,2,/King-Abdullah-Economic-City-KAEC | /free-zones-ksa,/services/King-Abdullah-Economic-City-KAEC | /services/free-zones-ksa
node,194,en,page,Jazan's Special Economic Zone,node__body,body_value,2,/business-setup | /free-zones-ksa,/services/business-setup | /services/free-zones-ksa
node,195,en,article,Jazan's Special Economic Zone,node__body,body_value,2,/business-setup | /free-zones-ksa,/services/business-setup | /services/free-zones-ksa
node,196,ar,article,الإقامة ورخص العمل في السعودية 2026 | دليل السيادة والامتثال المالي - متعدد,node__body,body_value,23,/Business-Operations-in-Saudi-Arabia | /Chambers-of-Commerce-in-Saudi-Arabia | /Commercial-Registration-Renewal | /HR-Governance-in-Saudi-Arabia | /HR-Outsourcing-in-Saudi-Arabia | /Ministry-of-Labor-in-Saudi-Arabia | /Saudi-Corporate-Compliance-Services | /Steps-for-Business-Setup-in-KSA | /Wage-Protection-System-in-saudi-arabia | /about-Qiwa-Platform | /calculating-setup-and-renewal-costs-saudi-arabia-encyclopedia | /company-registration-in-saudi-arabia | /company-registration-in-saudi-arabia-comprehensive-guide | /consulting-license-saudi-arabia-legal-management-consultant-guide | /establishing-a-company-in-saudi-arabia-comprehensive-guide | /facilitating-sovereign-financial-procedures-saudi-arabia-guide | /freedom-of-ownership-in-saudi-arabia-investors-guide | /market-entry-strategy-in-KSA | /ministry-of-foreign-affairs-saudi-business-encyclopedic-guide | /opening-bank-account-saudi-arabia-investors-guide-2026 | /saudi-freelance-regulations-guide | /starting-a-company-in-saudi-arabia | /starting-a-company-in-saudi-arabia-guide,/blog/Business-Operations-in-Saudi-Arabia | /blog/Chambers-of-Commerce-in-Saudi-Arabia | /blog/Commercial-Registration-Renewal | /blog/HR-Governance-in-Saudi-Arabia | /blog/HR-Outsourcing-in-Saudi-Arabia | /blog/Ministry-of-Labor-in-Saudi-Arabia | /blog/Saudi-Corporate-Compliance-Services | /blog/Steps-for-Business-Setup-in-KSA | /blog/Wage-Protection-System-in-saudi-arabia | /blog/about-Qiwa-Platform | /blog/calculating-setup-and-renewal-costs-saudi-arabia-encyclopedia | /blog/company-registration-in-saudi-arabia | /blog/company-registration-in-saudi-arabia-comprehensive-guide | /blog/consulting-license-saudi-arabia-legal-management-consultant-guide | /blog/establishing-a-company-in-saudi-arabia-comprehensive-guide | /blog/facilitating-sovereign-financial-procedures-saudi-arabia-guide | /blog/freedom-of-ownership-in-saudi-arabia-investors-guide | /blog/market-entry-strategy-in-KSA | /blog/ministry-of-foreign-affairs-saudi-business-encyclopedic-guide | /blog/opening-bank-account-saudi-arabia-investors-guide-2026 | /blog/saudi-freelance-regulations-guide | /blog/starting-a-company-in-saudi-arabia | /blog/starting-a-company-in-saudi-arabia-guide
node,196,en,article,Residency and Work Permit Costs in Saudi Arabia 2026 | Sovereignty & Compliance Guide - Motaded,node__body,body_value,23,/Business-Operations-in-Saudi-Arabia | /Chambers-of-Commerce-in-Saudi-Arabia | /Commercial-Registration-Renewal | /HR-Governance-in-Saudi-Arabia | /HR-Outsourcing-in-Saudi-Arabia | /Ministry-of-Labor-in-Saudi-Arabia | /Saudi-Corporate-Compliance-Services | /Steps-for-Business-Setup-in-KSA | /Wage-Protection-System-in-saudi-arabia | /about-Qiwa-Platform | /calculating-setup-and-renewal-costs-saudi-arabia-encyclopedia | /company-registration-in-saudi-arabia | /company-registration-in-saudi-arabia-comprehensive-guide | /consulting-license-saudi-arabia-legal-management-consultant-guide | /establishing-a-company-in-saudi-arabia-comprehensive-guide | /facilitating-sovereign-financial-procedures-saudi-arabia-guide | /freedom-of-ownership-in-saudi-arabia-investors-guide | /market-entry-strategy-in-KSA | /ministry-of-foreign-affairs-saudi-business-encyclopedic-guide | /opening-bank-account-saudi-arabia-investors-guide-2026 | /saudi-freelance-regulations-guide | /starting-a-company-in-saudi-arabia | /starting-a-company-in-saudi-arabia-guide,/blog/Business-Operations-in-Saudi-Arabia | /blog/Chambers-of-Commerce-in-Saudi-Arabia | /blog/Commercial-Registration-Renewal | /blog/HR-Governance-in-Saudi-Arabia | /blog/HR-Outsourcing-in-Saudi-Arabia | /blog/Ministry-of-Labor-in-Saudi-Arabia | /blog/Saudi-Corporate-Compliance-Services | /blog/Steps-for-Business-Setup-in-KSA | /blog/Wage-Protection-System-in-saudi-arabia | /blog/about-Qiwa-Platform | /blog/calculating-setup-and-renewal-costs-saudi-arabia-encyclopedia | /blog/company-registration-in-saudi-arabia | /blog/company-registration-in-saudi-arabia-comprehensive-guide | /blog/consulting-license-saudi-arabia-legal-management-consultant-guide | /blog/establishing-a-company-in-saudi-arabia-comprehensive-guide | /blog/facilitating-sovereign-financial-procedures-saudi-arabia-guide | /blog/freedom-of-ownership-in-saudi-arabia-investors-guide | /blog/market-entry-strategy-in-KSA | /blog/ministry-of-foreign-affairs-saudi-business-encyclopedic-guide | /blog/opening-bank-account-saudi-arabia-investors-guide-2026 | /blog/saudi-freelance-regulations-guide | /blog/starting-a-company-in-saudi-arabia | /blog/starting-a-company-in-saudi-arabia-guide
node,197,en,article,Difference Between Opening a Subsidiary Limited Liability Company and a Branch of a Foreign Company in Saudi Arabia,node__body,body_value,1,/business-setup,/services/business-setup
node,198,en,article,Everything about investing in Saudi Arabia,node__body,body_value,1,/business-setup,/services/business-setup
node,199,en,article,“Motaded’s Role in Aramco Recruitment and Workforce Solutions in Saudi Arabia”,node__body,body_value,1,/career,/services/career
node,200,en,article,Al-Ula: A Gateway to Investment Opportunities in Saudi Arabia,node__body,body_value,1,/business-setup,/services/business-setup
node,201,en,article,Qiddiya Project: A Gateway to Investment Opportunities in Saudi Arabia,node__body,body_value,1,/business-setup,/services/business-setup
node,202,en,article,The Saudi Arabian Stadiums Project: A Major Investment Opportunity for Foreign Companies,node__body,body_value,3,/2034-World-Cup | /business-setup | /what-neom,/blog/2034-World-Cup | /services/business-setup | /blog/what-neom
node,203,en,article,Al-Soudah,node__body,body_value,1,/business-setup,/services/business-setup
node,204,en,article,Business Setup for Foreigners in Saudi Arabia,node__body,body_value,1,/business-setup,/services/business-setup
node,205,en,article,A Hub for Diverse Business Ventures in RIUADH,node__body,body_value,1,/business-setup,/services/business-setup
node,206,en,article,Riyadh: A Comprehensive Guide to Investment Opportunities and Business Setup,node__body,body_value,2,/Setup-a-business-in-Riyadh | /business-setup,/blog/Setup-a-business-in-Riyadh | /services/business-setup
node,207,en,article,Giga projects in Saudi Arabia,node__body,body_value,1,/business-setup,/services/business-setup
node,208,en,article,Six Flags In Saudi Arabia,node__body,body_value,1,/business-setup,/services/business-setup
node,209,en,article,MUSAHAMA Program,node__body,body_value,1,/business-setup,/services/business-setup
node,210,en,article,Fueling Saudi Arabia’s Manufacturing Future,node__body,body_value,1,/business-setup,/services/business-setup
node,211,en,article,Contractor Program in Saudi Arabia,node__body,body_value,1,/business-setup,/services/business-setup
node,212,en,article,Bridging Opportunities: The PIF Private Sector Forum and the Future of Business Setup in Saudi Arabia,node__body,body_value,1,/business-setup,/services/business-setup
node,213,en,article,Empowering Saudi Arabia’s SMEs: An In-Depth Look at Portfolio Companies SME Programs,node__body,body_value,1,/business-setup,/services/business-setup
node,214,en,article,Become a Supplier in Saudi Arabia,node__body,body_value,1,/business-setup,/services/business-setup
node,215,en,article,The National Investment Strategy: Shaping Saudi Arabia's Future,node__body,body_value,8,/branch-setup-in-saudi-arabia | /business-setup | /business-setup-in-saudi-arabia | /company-formation-in-saudi-arabia | /llc-company-formation-saudi | /register-a-business-in-saudi-arabia | /set-up-business-in-saudi | /starting-a-business-in-saudi-arabia,/blog/branch-setup-in-saudi-arabia | /services/business-setup | /blog/business-setup-in-saudi-arabia | /services/company-formation-in-saudi-arabia | /blog/llc-company-formation-saudi | /blog/register-a-business-in-saudi-arabia | /blog/set-up-business-in-saudi | /blog/starting-a-business-in-saudi-arabia
node,216,en,article,Working hours in Ramadan in Saudi Arabia for the year 2025,node__body,body_value,1,/business-setup,/services/business-setup
node,217,en,article,Investment for foreigners is now allowed in Mecca and Medina,node__body,body_value,1,/business-setup,/services/business-setup
node,218,en,page,Register Your Company in Saudi Arabia | Complete Setup Guide 2026,node__body,body_value,3,/MISA-Investment-License | /freedom-of-ownership-in-saudi-arabia-investors-guide | /market-entry-strategy-in-KSA,/blog/MISA-Investment-License | /blog/freedom-of-ownership-in-saudi-arabia-investors-guide | /blog/market-entry-strategy-in-KSA
node,219,en,article,Eastern Province Municipality signs investment contracts worth 600 million riyals,node__body,body_value,2,/business-setup | /type-license,/services/business-setup | /blog/type-license
node,220,en,article,Chinese Investments in Saudi Arabia,node__body,body_value,1,/business-setup,/services/business-setup
node,221,en,article,Direct Foreign Investments in Saudi Arabia,node__body,body_value,1,/business-setup,/services/business-setup
node,222,en,article,Investment Projects Between Saudi Arabia and the USA,node__body,body_value,1,/business-setup,/services/business-setup
node,223,en,article,Saudi Arabia Stock Market,node__body,body_value,2,/business-setup | /home,/services/business-setup | /services/home
node,227,en,article,Investor License in Saudi Arabia 2026 | Company Formation & Sovereignty - Motaded,node__body,body_value,37,/Cloud-Computing-Special-Economic-Zone | /Guide-to-Amending-the-MISA-Investment-License | /HR-Outsourcing-in-Saudi-Arabia | /MISA-Investment-License | /Ministry-of-Commerce-in-Saudi-Arabia | /Ministry-of-Investment-in-Saudi-Arabia | /Ministry-of-Labor-in-Saudi-Arabia | /Steps-for-Business-Setup-in-KSA | /The-Comprehensive-Guide-to-Saudi-Business-Center | /Wage-Protection-System-in-saudi-arabia | /ZATCA | /about-Qiwa-Platform | /business-etiquette-comprehensive-guide-saudi-arabia | /business-setup | /business-setup-process-in-ksa-sovereign-guide | /calculating-setup-and-renewal-costs-saudi-arabia-encyclopedia | /cash-flows-in-saudi-arabia-financial-guide | /comprehensive-development-rights-saudi-arabia-guide | /consulting-firm-saudi-arabia-investors-comprehensive-guide | /consulting-license-saudi-arabia-legal-management-consultant-guide | /establishing-a-company-in-saudi-arabia-comprehensive-guide | /facilitating-sovereign-financial-procedures-saudi-arabia-guide | /freedom-of-ownership-in-saudi-arabia-investors-guide | /home | /industrial-cities-saudi-arabia-comprehensive-guide | /instant-license-issuance-saudi-arabia-guide | /invest-in-saudi-arabia-company-formation | /investor-license-in-saudi-arabia | /legal-consultant-in-saudi-arabia-investor-support-2026 | /legal-translation-services-in-saudi-arabia | /license-investment-saudi-arabia-comprehensive-guide | /market-entry-strategy-in-KSA | /ministry-of-foreign-affairs-saudi-business-encyclopedic-guide | /opening-bank-account-saudi-arabia-investors-guide-2026 | /professional-staff-saudi-arabia-management-guide | /saudi-arabia-rhq-incentives-requirements-guide | /tax-system-saudi-arabia-wht-vat-cit-guide,/blog/Cloud-Computing-Special-Economic-Zone | /blog/Guide-to-Amending-the-MISA-Investment-License | /blog/HR-Outsourcing-in-Saudi-Arabia | /blog/MISA-Investment-License | /blog/Ministry-of-Commerce-in-Saudi-Arabia | /blog/Ministry-of-Investment-in-Saudi-Arabia | /blog/Ministry-of-Labor-in-Saudi-Arabia | /blog/Steps-for-Business-Setup-in-KSA | /blog/The-Comprehensive-Guide-to-Saudi-Business-Center | /blog/Wage-Protection-System-in-saudi-arabia | /blog/ZATCA | /blog/about-Qiwa-Platform | /blog/business-etiquette-comprehensive-guide-saudi-arabia | /services/business-setup | /blog/business-setup-process-in-ksa-sovereign-guide | /blog/calculating-setup-and-renewal-costs-saudi-arabia-encyclopedia | /blog/cash-flows-in-saudi-arabia-financial-guide | /blog/comprehensive-development-rights-saudi-arabia-guide | /blog/consulting-firm-saudi-arabia-investors-comprehensive-guide | /blog/consulting-license-saudi-arabia-legal-management-consultant-guide | /blog/establishing-a-company-in-saudi-arabia-comprehensive-guide | /blog/facilitating-sovereign-financial-procedures-saudi-arabia-guide | /blog/freedom-of-ownership-in-saudi-arabia-investors-guide | /services/home | /blog/industrial-cities-saudi-arabia-comprehensive-guide | /blog/instant-license-issuance-saudi-arabia-guide | /blog/invest-in-saudi-arabia-company-formation | /blog/investor-license-in-saudi-arabia | /blog/legal-consultant-in-saudi-arabia-investor-support-2026 | /blog/legal-translation-services-in-saudi-arabia | /blog/license-investment-saudi-arabia-comprehensive-guide | /blog/market-entry-strategy-in-KSA | /blog/ministry-of-foreign-affairs-saudi-business-encyclopedic-guide | /blog/opening-bank-account-saudi-arabia-investors-guide-2026 | /blog/professional-staff-saudi-arabia-management-guide | /blog/saudi-arabia-rhq-incentives-requirements-guide | /blog/tax-system-saudi-arabia-wht-vat-cit-guide
node,229,en,article,Setting up license in Saudi Arabia and Licensing Requirements,node__body,body_value,2,/Register-Your-Company-in-Saudi-Arabia/ksa | /Taxes-in-Saudi-Arabia,/blog/Register-Your-Company-in-Saudi-Arabia/ksa | /blog/Taxes-in-Saudi-Arabia
node,230,en,article,Setup Your Business in Saudi Arabia with Expert Support,node__body,body_value,2,/Business-Setup-for-Foreigners-in-Saudi-Arabia | /business-setup,/blog/Business-Setup-for-Foreigners-in-Saudi-Arabia | /services/business-setup
node,231,en,article,Branch License in Saudi Arabia | Complete 2025 Guide,node__body,body_value,1,/branch-license-in-saudi-arabia,/services/branch-license-in-saudi-arabia
node,233,en,article,Starting commercial in Saudi Arabia,node__body,body_value,1,/Business-activities-in-saudi-arabia-investment-sovereignty,/blog/Business-activities-in-saudi-arabia-investment-sovereignty
node,234,en,article,Subsidiary Company in Saudi Arabia: A Comprehensive Guide,node__body,body_value,1,/Branch-of-a-Foreign-Company-in-Saudi-Arabia,/blog/Branch-of-a-Foreign-Company-in-Saudi-Arabia
node,235,en,article,Setting up Company in Saudi Arabia: The Ultimate Guide,node__body,body_value,1,/business-setup,/services/business-setup
node,236,en,article,Free Zones License in Saudi Arabia: A Comprehensive Guide,node__body,body_value,1,/Investment-Opportunities-in-Saudi-Arabia,/blog/Investment-Opportunities-in-Saudi-Arabia
node,237,en,article,"Business Setup in Saudi Arabia: A Complete Guide to Legal Requirements, Benefits, and Steps",node__body,body_value,2,/Financial-and-insurance-activities-in-Saudi-Arabia | /Information-and-Communications-Activity-License-in-Saudi-Arabia,/blog/Financial-and-insurance-activities-in-Saudi-Arabia | /blog/Information-and-Communications-Activity-License-in-Saudi-Arabia
node,238,en,article,Steps for Saudi Arabia company setup with Motaded,node__body,body_value,1,/saudi-arabia-company-incorporation,/blog/saudi-arabia-company-incorporation
node,239,en,article,Create company in Saudi Arabia,node__body,body_value,2,/Taxes-in-Saudi-Arabia | /type-license,/blog/Taxes-in-Saudi-Arabia | /blog/type-license
node,240,en,article,Step-by-Step Process of how to set up business in saudi,node__body,body_value,2,/about-us | /set-up-JSC-in-saudi-arabia,/services/about-us | /blog/set-up-JSC-in-saudi-arabia
node,242,ar,article,ابدأ مشروعك الآن - خطوات إنشاء شركة في السعودية بشكل قانوني,node__body,body_value,1,/vision-2030,/blog/vision-2030
node,244,en,article,Why should I have business registration in Saudi Arabia?,node__body,body_value,1,/Taxes-in-Saudi-Arabia,/blog/Taxes-in-Saudi-Arabia
node,245,en,article,What Are the Benefits Commercial Registration Saudi Arabia?,node__body,body_value,1,/commercial-registration-saudi-arabia,/blog/commercial-registration-saudi-arabia
node,246,en,article,How about setting up a company in Saudi Arabia?,node__body,body_value,2,/about-us | /vision-2030,/services/about-us | /blog/vision-2030
node,247,en,article,Why choose Motadad to open company in Saudi Arabia?,node__body,body_value,4,/Open-Branch-company-in-Saudi-Arabia | /Visiting-Investor-Visa | /Why-Invest-in-Saudi-Arabia | /about-us,/blog/Open-Branch-company-in-Saudi-Arabia | /blog/Visiting-Investor-Visa | /services/Why-Invest-in-Saudi-Arabia | /services/about-us
node,248,en,article,Registering a Company in Saudi Arabia: Step-by-Step Guide,node__body,body_value,2,/about-us | /type-license,/services/about-us | /blog/type-license
node,250,en,article,Company Registration in Saudi Arabia – Fast & Hassle-Free,node__body,body_value,1,/why-invest-saudi-arabia-concise-guide-foreign-investors,/blog/why-invest-saudi-arabia-concise-guide-foreign-investors
node,251,en,article,Setup Company in Saudi Arabia 2026 | Sovereign Investment Guide - Motaded,node__body,body_value,71,/Articles-of-Association | /Articles-of-Association-in-Saudi-Arabia | /Business-Operations-in-Saudi-Arabia | /Commercial-Registration-Renewal | /Cost-of-starting-a-business-in-Saudi-Arabia-2026 | /Government-Relations-Services | /Guide-to-Amending-the-MISA-Investment-License | /Guide-to-Company-Formation-in-Saudi-Arabia | /HR-Governance-in-Saudi-Arabia | /Incorporating-a-Company-in-Saudi-Arabia | /Integrated-Logistics-Special-Bonded-Zone | /Iqama-Issuance-and-Renewal-Services-in-Saudi-Arabia | /MISA-Investment-License | /MISA-Investment-License-Renewal | /Ministry-of-Commerce-in-Saudi-Arabia | /Ministry-of-Labor-in-Saudi-Arabia | /Outsourced-HR-and-Operational-Support | /PRO-Services-in-Saudi-Arabia-for-Foreign-Companies | /PRO-services-in-Saudi-Arabia | /Regional-Headquarters-in-Saudi-Arabia | /Saudi-Corporate-Compliance-Services | /Steps-for-Business-Setup-in-KSA | /Wage-Protection-System-in-saudi-arabia | /ZATCA | /about-Qiwa-Platform | /balady-platform-saudi-arabia-guide | /business-etiquette-comprehensive-guide-saudi-arabia | /business-setup | /business-setup-in-saudi-arabia | /business-setup-in-saudi-arabia-comprehensive-guide | /calculating-setup-and-renewal-costs-saudi-arabia-encyclopedia | /cash-flows-in-saudi-arabia-financial-guide | /commercial-business-setup-ksa-comprehensive-guide | /company-registration-in-saudi-arabia | /company-registration-in-saudi-arabia-comprehensive-guide | /company-setup-in-saudi-arabia-comprehensive-guide | /comprehensive-development-rights-saudi-arabia-guide | /consulting-firm-saudi-arabia-investors-comprehensive-guide | /consulting-license-saudi-arabia-legal-management-consultant-guide | /entrepreneur-license-saudi-arabia | /facilitating-sovereign-financial-procedures-saudi-arabia-guide | /freedom-of-ownership-in-saudi-arabia-investors-guide | /home | /industrial-cities-saudi-arabia-comprehensive-guide | /industrial-license-in-saudi-arabia | /instant-license-issuance-saudi-arabia-guide | /insurance-brokerage-license-saudi-arabia-guide | /invest-in-saudi-arabia-company-formation | /investment-systems-in-saudi-arabia-guide | /license-investor-saudi-arabia-comprehensive-guide | /market-entry-strategy-in-KSA | /misa-license-saudi-arabia-comprehensive-guide | /open-branch-company-saudi-arabia-comprehensive-guide | /open-business-in-saudi-arabia | /open-business-in-saudi-arabia-comprehensive-guide | /opening-bank-account-saudi-arabia-investors-guide-2026 | /professional-staff-saudi-arabia-management-guide | /real-estate-developer-license-saudi-arabia-guide | /register-license-in-saudi-arabia-comprehensive-guide | /rhq-formation-saudi-arabia-comprehensive-guide | /saudi-arabia-company-incorporation | /saudi-arabia-company-incorporation-guide | /saudi-arabia-rhq-incentives-requirements-guide | /saudi-company-incorporation-comprehensive-guide | /saudi-freelance-regulations-guide | /setting-up-business-in-ksa-comprehensive-guide | /setting-up-company-in-saudi-arabia | /setting-up-company-in-saudi-arabia-guide | /starting-a-company-in-saudi-arabia | /starting-a-company-in-saudi-arabia-guide | /startup-business-investment-opportunities-2026-guide,/services/Articles-of-Association | /blog/Articles-of-Association-in-Saudi-Arabia | /blog/Business-Operations-in-Saudi-Arabia | /blog/Commercial-Registration-Renewal | /blog/Cost-of-starting-a-business-in-Saudi-Arabia-2026 | /blog/Government-Relations-Services | /blog/Guide-to-Amending-the-MISA-Investment-License | /blog/Guide-to-Company-Formation-in-Saudi-Arabia | /blog/HR-Governance-in-Saudi-Arabia | /blog/Incorporating-a-Company-in-Saudi-Arabia | /blog/Integrated-Logistics-Special-Bonded-Zone | /blog/Iqama-Issuance-and-Renewal-Services-in-Saudi-Arabia | /blog/MISA-Investment-License | /blog/MISA-Investment-License-Renewal | /blog/Ministry-of-Commerce-in-Saudi-Arabia | /blog/Ministry-of-Labor-in-Saudi-Arabia | /blog/Outsourced-HR-and-Operational-Support | /blog/PRO-Services-in-Saudi-Arabia-for-Foreign-Companies | /blog/PRO-services-in-Saudi-Arabia | /blog/Regional-Headquarters-in-Saudi-Arabia | /blog/Saudi-Corporate-Compliance-Services | /blog/Steps-for-Business-Setup-in-KSA | /blog/Wage-Protection-System-in-saudi-arabia | /blog/ZATCA | /blog/about-Qiwa-Platform | /blog/balady-platform-saudi-arabia-guide | /blog/business-etiquette-comprehensive-guide-saudi-arabia | /services/business-setup | /blog/business-setup-in-saudi-arabia | /blog/business-setup-in-saudi-arabia-comprehensive-guide | /blog/calculating-setup-and-renewal-costs-saudi-arabia-encyclopedia | /blog/cash-flows-in-saudi-arabia-financial-guide | /blog/commercial-business-setup-ksa-comprehensive-guide | /blog/company-registration-in-saudi-arabia | /blog/company-registration-in-saudi-arabia-comprehensive-guide | /blog/company-setup-in-saudi-arabia-comprehensive-guide | /blog/comprehensive-development-rights-saudi-arabia-guide | /blog/consulting-firm-saudi-arabia-investors-comprehensive-guide | /blog/consulting-license-saudi-arabia-legal-management-consultant-guide | /blog/entrepreneur-license-saudi-arabia | /blog/facilitating-sovereign-financial-procedures-saudi-arabia-guide | /blog/freedom-of-ownership-in-saudi-arabia-investors-guide | /services/home | /blog/industrial-cities-saudi-arabia-comprehensive-guide | /blog/industrial-license-in-saudi-arabia | /blog/instant-license-issuance-saudi-arabia-guide | /blog/insurance-brokerage-license-saudi-arabia-guide | /blog/invest-in-saudi-arabia-company-formation | /blog/investment-systems-in-saudi-arabia-guide | /blog/license-investor-saudi-arabia-comprehensive-guide | /blog/market-entry-strategy-in-KSA | /blog/misa-license-saudi-arabia-comprehensive-guide | /blog/open-branch-company-saudi-arabia-comprehensive-guide | /blog/open-business-in-saudi-arabia | /blog/open-business-in-saudi-arabia-comprehensive-guide | /blog/opening-bank-account-saudi-arabia-investors-guide-2026 | /blog/professional-staff-saudi-arabia-management-guide | /blog/real-estate-developer-license-saudi-arabia-guide | /blog/register-license-in-saudi-arabia-comprehensive-guide | /blog/rhq-formation-saudi-arabia-comprehensive-guide | /blog/saudi-arabia-company-incorporation | /blog/saudi-arabia-company-incorporation-guide | /blog/saudi-arabia-rhq-incentives-requirements-guide | /blog/saudi-company-incorporation-comprehensive-guide | /blog/saudi-freelance-regulations-guide | /blog/setting-up-business-in-ksa-comprehensive-guide | /blog/setting-up-company-in-saudi-arabia | /blog/setting-up-company-in-saudi-arabia-guide | /blog/starting-a-company-in-saudi-arabia | /blog/starting-a-company-in-saudi-arabia-guide | /blog/startup-business-investment-opportunities-2026-guide
node,252,en,article,What do I need to know about the Saudi company register?,node__body,body_value,1,/why-invest-saudi-arabia-concise-guide-foreign-investors,/blog/why-invest-saudi-arabia-concise-guide-foreign-investors
node,253,en,article,Set Up Your Foreign Branch in Saudi Arabia Today: 2025 Guide,node__body,body_value,2,/Branch-of-a-Foreign-Company-in-Saudi-Arabia | /Business-Setup-for-Foreigners-in-Saudi-Arabia,/blog/Branch-of-a-Foreign-Company-in-Saudi-Arabia | /blog/Business-Setup-for-Foreigners-in-Saudi-Arabia
node,254,en,article,How To Set Up a Business in Saudi Arabia: 5-Golden Steps,node__body,body_value,3,/saudization | /type-license | /vision-2030,/blog/saudization | /blog/type-license | /blog/vision-2030
node,255,en,article,Company Formation in Saudi Arabia: Your Path to Success,node__body,body_value,2,/Business-Setup-for-Foreigners-in-Saudi-Arabia | /Why-Invest-in-Saudi-Arabia,/blog/Business-Setup-for-Foreigners-in-Saudi-Arabia | /services/Why-Invest-in-Saudi-Arabia
node,256,en,article,Saudi Arabia Business Registration,node__body,body_value,2,/Set-Up-Business-in-Saudi-Arabia | /business-registration-in-saudi-rabia,/blog/Set-Up-Business-in-Saudi-Arabia | /blog/business-registration-in-saudi-rabia
node,257,en,article,Commercial Registration in Saudi Arabia: Get Started,node__body,body_value,3,/Branch-of-a-Foreign-Company-in-Saudi-Arabia | /Business-Setup-for-Foreigners-in-Saudi-Arabia | /Everything-about-investing-in-Saudi-Arabia,/blog/Branch-of-a-Foreign-Company-in-Saudi-Arabia | /blog/Business-Setup-for-Foreigners-in-Saudi-Arabia | /blog/Everything-about-investing-in-Saudi-Arabia
node,258,en,article,Setting Up A Business In Saudi Arabia,node__body,body_value,3,/Set-Up-Business-in-Saudi-Arabia | /business-setup | /business-setup-in-ksa,/blog/Set-Up-Business-in-Saudi-Arabia | /services/business-setup | /blog/business-setup-in-ksa
node,259,en,article,Register a License in Saudi Arabia: A Step-by-Step Guide,node__body,body_value,3,/business-setup | /business-setup-in-ksa | /investor-license-in-saudi-arabia,/services/business-setup | /blog/business-setup-in-ksa | /blog/investor-license-in-saudi-arabia
node,260,en,article,Free Zone Company in Saudi Arabia: Maximize Your Business,node__body,body_value,3,/consultation-services | /free-zones-license-in-saudi-arabia | /special-economic-zones-saudi-arabia,/services/consultation-services | /blog/free-zones-license-in-saudi-arabia | /services/special-economic-zones-saudi-arabia
node,261,en,article,Company Setup in Saudi Arabia: Unlock Business Opportunities,node__body,body_value,2,/business-setup | /business-setup-in-ksa,/services/business-setup | /blog/business-setup-in-ksa
node,262,en,article,Starting a Business in Saudi Arabia: Setup Process Guide,node__body,body_value,2,/vision-2030 | /why-invest-saudi-arabia-concise-guide-foreign-investors,/blog/vision-2030 | /blog/why-invest-saudi-arabia-concise-guide-foreign-investors
node,263,en,article,Branch License Company in Saudi Arabia: Key Insights,node__body,body_value,2,/Branch-of-a-Foreign-Company-in-Saudi-Arabia | /foreign-branch-setup-in-saudi,/blog/Branch-of-a-Foreign-Company-in-Saudi-Arabia | /blog/foreign-branch-setup-in-saudi
node,264,en,article,Guide on how to setup a foreign branch in saudi,node__body,body_value,2,/Branch-of-a-Foreign-Company-in-Saudi-Arabia | /Business-Setup-for-Foreigners-in-Saudi-Arabia,/blog/Branch-of-a-Foreign-Company-in-Saudi-Arabia | /blog/Business-Setup-for-Foreigners-in-Saudi-Arabia
node,265,en,article,"Company Formation in KSA: Steps, Licenses & Ownership Guide",node__body,body_value,3,/business-setup | /business-setup-in-ksa | /how-to-set-up-a-business-in-saudi-arabia,/services/business-setup | /blog/business-setup-in-ksa | /blog/how-to-set-up-a-business-in-saudi-arabia
node,266,en,article,The advantages of Saudi Arabia company incorporation,node__body,body_value,2,/Business-Setup-for-Foreigners-in-Saudi-Arabia | /Everything-about-investing-in-Saudi-Arabia,/blog/Business-Setup-for-Foreigners-in-Saudi-Arabia | /blog/Everything-about-investing-in-Saudi-Arabia
node,267,ar,article,تأسيس فرع شركة أجنبية في السعودية 2026 | دليل السيادة الإجرائية - متعدد,node__body,body_value,27,/Guide-to-Amending-the-MISA-Investment-License | /HR-Outsourcing-in-Saudi-Arabia | /MISA-Investment-License | /PRO-services-in-Saudi-Arabia | /Regional-Headquarters-in-Saudi-Arabia | /Steps-for-Business-Setup-in-KSA | /The-Comprehensive-Guide-to-Saudi-Business-Center | /Wage-Protection-System-in-saudi-arabia | /ZATCA | /about-Qiwa-Platform | /calculating-setup-and-renewal-costs-saudi-arabia-encyclopedia | /cash-flows-in-saudi-arabia-financial-guide | /consulting-firm-saudi-arabia-investors-comprehensive-guide | /ejar-platform-saudi-arabia-guide | /establishing-a-company-in-saudi-arabia-comprehensive-guide | /facilitating-sovereign-financial-procedures-saudi-arabia-guide | /freedom-of-ownership-in-saudi-arabia-investors-guide | /home | /industrial-cities-saudi-arabia-comprehensive-guide | /instant-license-issuance-saudi-arabia-guide | /legal-translation-services-in-saudi-arabia | /market-entry-strategy-in-KSA | /open-branch-company-saudi-arabia-comprehensive-guide | /opening-bank-account-saudi-arabia-investors-guide-2026 | /professional-staff-saudi-arabia-management-guide | /saudi-arabia-rhq-incentives-requirements-guide | /tax-system-saudi-arabia-wht-vat-cit-guide,/blog/Guide-to-Amending-the-MISA-Investment-License | /blog/HR-Outsourcing-in-Saudi-Arabia | /blog/MISA-Investment-License | /blog/PRO-services-in-Saudi-Arabia | /blog/Regional-Headquarters-in-Saudi-Arabia | /blog/Steps-for-Business-Setup-in-KSA | /blog/The-Comprehensive-Guide-to-Saudi-Business-Center | /blog/Wage-Protection-System-in-saudi-arabia | /blog/ZATCA | /blog/about-Qiwa-Platform | /blog/calculating-setup-and-renewal-costs-saudi-arabia-encyclopedia | /blog/cash-flows-in-saudi-arabia-financial-guide | /blog/consulting-firm-saudi-arabia-investors-comprehensive-guide | /blog/ejar-platform-saudi-arabia-guide | /blog/establishing-a-company-in-saudi-arabia-comprehensive-guide | /blog/facilitating-sovereign-financial-procedures-saudi-arabia-guide | /blog/freedom-of-ownership-in-saudi-arabia-investors-guide | /services/home | /blog/industrial-cities-saudi-arabia-comprehensive-guide | /blog/instant-license-issuance-saudi-arabia-guide | /blog/legal-translation-services-in-saudi-arabia | /blog/market-entry-strategy-in-KSA | /blog/open-branch-company-saudi-arabia-comprehensive-guide | /blog/opening-bank-account-saudi-arabia-investors-guide-2026 | /blog/professional-staff-saudi-arabia-management-guide | /blog/saudi-arabia-rhq-incentives-requirements-guide | /blog/tax-system-saudi-arabia-wht-vat-cit-guide
node,267,en,article,Establishing a Foreign Company Branch in Saudi Arabia 2026 | Full Guide - Motaded,node__body,body_value,29,/Guide-to-Amending-the-MISA-Investment-License | /HR-Outsourcing-in-Saudi-Arabia | /MISA-Investment-License | /Ministry-of-Commerce-in-Saudi-Arabia | /PRO-services-in-Saudi-Arabia | /Regional-Headquarters-in-Saudi-Arabia | /Steps-for-Business-Setup-in-KSA | /The-Comprehensive-Guide-to-Saudi-Business-Center | /Wage-Protection-System-in-saudi-arabia | /ZATCA | /about-Qiwa-Platform | /calculating-setup-and-renewal-costs-saudi-arabia-encyclopedia | /cash-flows-in-saudi-arabia-financial-guide | /consulting-firm-saudi-arabia-investors-comprehensive-guide | /ejar-platform-saudi-arabia-guide | /establishing-a-company-in-saudi-arabia-comprehensive-guide | /facilitating-sovereign-financial-procedures-saudi-arabia-guide | /freedom-of-ownership-in-saudi-arabia-investors-guide | /home | /industrial-cities-saudi-arabia-comprehensive-guide | /instant-license-issuance-saudi-arabia-guide | /legal-consultant-in-saudi-arabia-investor-support-2026 | /legal-translation-services-in-saudi-arabia | /market-entry-strategy-in-KSA | /open-branch-company-saudi-arabia-comprehensive-guide | /opening-bank-account-saudi-arabia-investors-guide-2026 | /professional-staff-saudi-arabia-management-guide | /saudi-arabia-rhq-incentives-requirements-guide | /tax-system-saudi-arabia-wht-vat-cit-guide,/blog/Guide-to-Amending-the-MISA-Investment-License | /blog/HR-Outsourcing-in-Saudi-Arabia | /blog/MISA-Investment-License | /blog/Ministry-of-Commerce-in-Saudi-Arabia | /blog/PRO-services-in-Saudi-Arabia | /blog/Regional-Headquarters-in-Saudi-Arabia | /blog/Steps-for-Business-Setup-in-KSA | /blog/The-Comprehensive-Guide-to-Saudi-Business-Center | /blog/Wage-Protection-System-in-saudi-arabia | /blog/ZATCA | /blog/about-Qiwa-Platform | /blog/calculating-setup-and-renewal-costs-saudi-arabia-encyclopedia | /blog/cash-flows-in-saudi-arabia-financial-guide | /blog/consulting-firm-saudi-arabia-investors-comprehensive-guide | /blog/ejar-platform-saudi-arabia-guide | /blog/establishing-a-company-in-saudi-arabia-comprehensive-guide | /blog/facilitating-sovereign-financial-procedures-saudi-arabia-guide | /blog/freedom-of-ownership-in-saudi-arabia-investors-guide | /services/home | /blog/industrial-cities-saudi-arabia-comprehensive-guide | /blog/instant-license-issuance-saudi-arabia-guide | /blog/legal-consultant-in-saudi-arabia-investor-support-2026 | /blog/legal-translation-services-in-saudi-arabia | /blog/market-entry-strategy-in-KSA | /blog/open-branch-company-saudi-arabia-comprehensive-guide | /blog/opening-bank-account-saudi-arabia-investors-guide-2026 | /blog/professional-staff-saudi-arabia-management-guide | /blog/saudi-arabia-rhq-incentives-requirements-guide | /blog/tax-system-saudi-arabia-wht-vat-cit-guide
node,268,en,article,Guide for foreign company registration in Saudi Arabia,node__body,body_value,2,/differences-between-the-updated-investment-system-and-the-foreign-investment-system | /why-invest-saudi-arabia-concise-guide-foreign-investors,/blog/differences-between-the-updated-investment-system-and-the-foreign-investment-system | /blog/why-invest-saudi-arabia-concise-guide-foreign-investors
node,269,en,article,Register a Company in Saudi Arabia 2026 | Sovereign Billion-Dollar Guide - Motaded,node__body,body_value,27,/Cloud-Computing-Special-Economic-Zone | /MISA-Investment-License | /Ministry-of-Commerce-in-Saudi-Arabia | /Ministry-of-Investment-in-Saudi-Arabia | /PRO-services-in-Saudi-Arabia | /Regional-Headquarters-in-Saudi-Arabia | /Saudi-Corporate-Compliance-Services | /The-Comprehensive-Guide-to-Saudi-Business-Center | /Wage-Protection-System-in-saudi-arabia | /ZATCA | /about-Etimad-Platform | /about-Qiwa-Platform | /business-setup | /business-setup-in-saudi-arabia | /business-setup-in-saudi-arabia-comprehensive-guide | /company-registration-in-saudi-arabia | /company-registration-in-saudi-arabia-comprehensive-guide | /ejar-platform-saudi-arabia-guide | /establishing-a-company-in-saudi-arabia-comprehensive-guide | /industrial-licenses-and-cities-saudi-arabia-guide | /invest-in-saudi-arabia-comprehensive-encyclopedic-guide | /legal-consultant-in-saudi-arabia-investor-support-2026 | /ministry-of-foreign-affairs-saudi-business-encyclopedic-guide | /opening-bank-account-saudi-arabia-investors-guide-2026 | /professional-licenses-saudi-arabia-guide | /saudi-company-incorporation-comprehensive-guide | /tax-system-saudi-arabia-wht-vat-cit-guide,/blog/Cloud-Computing-Special-Economic-Zone | /blog/MISA-Investment-License | /blog/Ministry-of-Commerce-in-Saudi-Arabia | /blog/Ministry-of-Investment-in-Saudi-Arabia | /blog/PRO-services-in-Saudi-Arabia | /blog/Regional-Headquarters-in-Saudi-Arabia | /blog/Saudi-Corporate-Compliance-Services | /blog/The-Comprehensive-Guide-to-Saudi-Business-Center | /blog/Wage-Protection-System-in-saudi-arabia | /blog/ZATCA | /blog/about-Etimad-Platform | /blog/about-Qiwa-Platform | /services/business-setup | /blog/business-setup-in-saudi-arabia | /blog/business-setup-in-saudi-arabia-comprehensive-guide | /blog/company-registration-in-saudi-arabia | /blog/company-registration-in-saudi-arabia-comprehensive-guide | /blog/ejar-platform-saudi-arabia-guide | /blog/establishing-a-company-in-saudi-arabia-comprehensive-guide | /blog/industrial-licenses-and-cities-saudi-arabia-guide | /blog/invest-in-saudi-arabia-comprehensive-encyclopedic-guide | /blog/legal-consultant-in-saudi-arabia-investor-support-2026 | /blog/ministry-of-foreign-affairs-saudi-business-encyclopedic-guide | /blog/opening-bank-account-saudi-arabia-investors-guide-2026 | /blog/professional-licenses-saudi-arabia-guide | /blog/saudi-company-incorporation-comprehensive-guide | /blog/tax-system-saudi-arabia-wht-vat-cit-guide
node,270,en,article,Saudi Company Registration Guide | Simple Steps to Launch,node__body,body_value,3,/Taxes-in-Saudi-Arabia | /about-us | /type-license,/blog/Taxes-in-Saudi-Arabia | /services/about-us | /blog/type-license
node,271,en,article,Check the business setup cost in Saudi Arabia for investing,node__body,body_value,1,/free-zones-ksa,/services/free-zones-ksa
node,272,en,article,Saudi Company Setup: Expert Guidance For Starting a Business,node__body,body_value,2,/Business-Setup-for-Foreigners-in-Saudi-Arabia | /why-invest-saudi-arabia-concise-guide-foreign-investors,/blog/Business-Setup-for-Foreigners-in-Saudi-Arabia | /blog/why-invest-saudi-arabia-concise-guide-foreign-investors
node,273,en,article,How to Register a Company in Saudi Arabia: a Complete Guide!,node__body,body_value,3,/Business-Setup-for-Foreigners-in-Saudi-Arabia | /vision-2030 | /what-neom,/blog/Business-Setup-for-Foreigners-in-Saudi-Arabia | /blog/vision-2030 | /blog/what-neom
node,274,en,article,How to Obtain a Commercial License in Saudi Arabia Easily,node__body,body_value,3,/Business-Setup-for-Foreigners-in-Saudi-Arabia | /Everything-about-investing-in-Saudi-Arabia | /saudization,/blog/Business-Setup-for-Foreigners-in-Saudi-Arabia | /blog/Everything-about-investing-in-Saudi-Arabia | /blog/saudization
node,275,en,article,Register a Company in Jeddah: A Step-by-Step Guide,node__body,body_value,3,/business-setup | /business-setup-cost-in-saudi-arabia | /why-invest-saudi-arabia-concise-guide-foreign-investors,/services/business-setup | /blog/business-setup-cost-in-saudi-arabia | /blog/why-invest-saudi-arabia-concise-guide-foreign-investors
node,276,en,article,LLC Company Formation Saudi: An Easy Guide for Investors,node__body,body_value,3,/Investment-Opportunities-in-Saudi-Arabia | /Register-Your-Company-in-Saudi-Arabia/ksa | /why-invest-saudi-arabia-concise-guide-foreign-investors,/blog/Investment-Opportunities-in-Saudi-Arabia | /blog/Register-Your-Company-in-Saudi-Arabia/ksa | /blog/why-invest-saudi-arabia-concise-guide-foreign-investors
node,277,en,article,Saudi Arabia Commercial License: Full Guide to Start Your Business,node__body,body_value,3,/Everything-about-investing-in-Saudi-Arabia | /business-registration-in-saudi-rabia | /vision-2030,/blog/Everything-about-investing-in-Saudi-Arabia | /blog/business-registration-in-saudi-rabia | /blog/vision-2030
node,278,en,article,how to get business license in Saudi Arabia with steps?,node__body,body_value,2,/Saudi-Vision-2030-Projects-and-Investor-Opportunities | /vision-2030,/blog/Saudi-Vision-2030-Projects-and-Investor-Opportunities | /blog/vision-2030
node,279,en,article,Business in Saudi Arabia for Foreigners: Opening Doorways,node__body,body_value,2,/type-license | /vision-2030,/blog/type-license | /blog/vision-2030
node,280,en,article,How to Open a Foreign Company Branch in Saudi Arabia,node__body,body_value,2,/Everything-about-investing-in-Saudi-Arabia | /vision-2030,/blog/Everything-about-investing-in-Saudi-Arabia | /blog/vision-2030
node,281,en,article,How to Get a Business License in Saudi Arabia Rapidly,node__body,body_value,2,/how-to-get-business-license-in-saudi-arabia | /why-invest-saudi-arabia-concise-guide-foreign-investors,/blog/how-to-get-business-license-in-saudi-arabia | /blog/why-invest-saudi-arabia-concise-guide-foreign-investors
node,282,en,article,How are investors opening a company in saudi arabia?,node__body,body_value,2,/how-to-register-a-company-in-saudi-arabia | /type-license,/blog/how-to-register-a-company-in-saudi-arabia | /blog/type-license
node,283,ar,article,تسجيل الأعمال في السعودية 2026 | دليل التأسيس وبدء الشركات - متعدد,node__body,body_value,35,/Articles-of-Association | /Articles-of-Association-in-Saudi-Arabia | /Guide-to-Amending-the-MISA-Investment-License | /HR-Outsourcing-in-Saudi-Arabia | /MISA-Investment-License | /Ministry-of-Commerce-in-Saudi-Arabia | /Ministry-of-Investment-in-Saudi-Arabia | /PRO-services-in-Saudi-Arabia | /Regional-Headquarters-in-Saudi-Arabia | /Saudi-Corporate-Compliance-Services | /The-Comprehensive-Guide-to-Saudi-Business-Center | /Wage-Protection-System-in-saudi-arabia | /ZATCA | /about-Qiwa-Platform | /cash-flows-in-saudi-arabia-financial-guide | /company-registration-in-saudi-arabia | /company-registration-in-saudi-arabia-comprehensive-guide | /comprehensive-development-rights-saudi-arabia-guide | /consulting-firm-saudi-arabia-investors-comprehensive-guide | /ejar-platform-saudi-arabia-guide | /establishing-a-company-in-saudi-arabia-comprehensive-guide | /facilitating-sovereign-financial-procedures-saudi-arabia-guide | /freedom-of-ownership-in-saudi-arabia-investors-guide | /home | /industrial-cities-saudi-arabia-comprehensive-guide | /legal-translation-services-in-saudi-arabia | /market-entry-strategy-in-KSA | /ministry-of-foreign-affairs-saudi-business-encyclopedic-guide | /opening-bank-account-saudi-arabia-investors-guide-2026 | /professional-staff-saudi-arabia-management-guide | /rhq-formation-saudi-arabia-comprehensive-guide | /saudi-arabia-rhq-incentives-requirements-guide | /starting-a-company-in-saudi-arabia | /starting-a-company-in-saudi-arabia-guide | /tax-system-saudi-arabia-wht-vat-cit-guide,/services/Articles-of-Association | /blog/Articles-of-Association-in-Saudi-Arabia | /blog/Guide-to-Amending-the-MISA-Investment-License | /blog/HR-Outsourcing-in-Saudi-Arabia | /blog/MISA-Investment-License | /blog/Ministry-of-Commerce-in-Saudi-Arabia | /blog/Ministry-of-Investment-in-Saudi-Arabia | /blog/PRO-services-in-Saudi-Arabia | /blog/Regional-Headquarters-in-Saudi-Arabia | /blog/Saudi-Corporate-Compliance-Services | /blog/The-Comprehensive-Guide-to-Saudi-Business-Center | /blog/Wage-Protection-System-in-saudi-arabia | /blog/ZATCA | /blog/about-Qiwa-Platform | /blog/cash-flows-in-saudi-arabia-financial-guide | /blog/company-registration-in-saudi-arabia | /blog/company-registration-in-saudi-arabia-comprehensive-guide | /blog/comprehensive-development-rights-saudi-arabia-guide | /blog/consulting-firm-saudi-arabia-investors-comprehensive-guide | /blog/ejar-platform-saudi-arabia-guide | /blog/establishing-a-company-in-saudi-arabia-comprehensive-guide | /blog/facilitating-sovereign-financial-procedures-saudi-arabia-guide | /blog/freedom-of-ownership-in-saudi-arabia-investors-guide | /services/home | /blog/industrial-cities-saudi-arabia-comprehensive-guide | /blog/legal-translation-services-in-saudi-arabia | /blog/market-entry-strategy-in-KSA | /blog/ministry-of-foreign-affairs-saudi-business-encyclopedic-guide | /blog/opening-bank-account-saudi-arabia-investors-guide-2026 | /blog/professional-staff-saudi-arabia-management-guide | /blog/rhq-formation-saudi-arabia-comprehensive-guide | /blog/saudi-arabia-rhq-incentives-requirements-guide | /blog/starting-a-company-in-saudi-arabia | /blog/starting-a-company-in-saudi-arabia-guide | /blog/tax-system-saudi-arabia-wht-vat-cit-guide
node,283,en,article,Register a Business in Saudi Arabia 2026 | Start Company Guide - Motaded,node__body,body_value,35,/Articles-of-Association | /Articles-of-Association-in-Saudi-Arabia | /Guide-to-Amending-the-MISA-Investment-License | /HR-Outsourcing-in-Saudi-Arabia | /MISA-Investment-License | /Ministry-of-Commerce-in-Saudi-Arabia | /Ministry-of-Investment-in-Saudi-Arabia | /PRO-services-in-Saudi-Arabia | /Regional-Headquarters-in-Saudi-Arabia | /Saudi-Corporate-Compliance-Services | /The-Comprehensive-Guide-to-Saudi-Business-Center | /Wage-Protection-System-in-saudi-arabia | /ZATCA | /about-Qiwa-Platform | /cash-flows-in-saudi-arabia-financial-guide | /company-registration-in-saudi-arabia | /company-registration-in-saudi-arabia-comprehensive-guide | /comprehensive-development-rights-saudi-arabia-guide | /consulting-firm-saudi-arabia-investors-comprehensive-guide | /ejar-platform-saudi-arabia-guide | /establishing-a-company-in-saudi-arabia-comprehensive-guide | /facilitating-sovereign-financial-procedures-saudi-arabia-guide | /freedom-of-ownership-in-saudi-arabia-investors-guide | /home | /industrial-cities-saudi-arabia-comprehensive-guide | /legal-translation-services-in-saudi-arabia | /market-entry-strategy-in-KSA | /ministry-of-foreign-affairs-saudi-business-encyclopedic-guide | /opening-bank-account-saudi-arabia-investors-guide-2026 | /professional-staff-saudi-arabia-management-guide | /rhq-formation-saudi-arabia-comprehensive-guide | /saudi-arabia-rhq-incentives-requirements-guide | /starting-a-company-in-saudi-arabia | /starting-a-company-in-saudi-arabia-guide | /tax-system-saudi-arabia-wht-vat-cit-guide,/services/Articles-of-Association | /blog/Articles-of-Association-in-Saudi-Arabia | /blog/Guide-to-Amending-the-MISA-Investment-License | /blog/HR-Outsourcing-in-Saudi-Arabia | /blog/MISA-Investment-License | /blog/Ministry-of-Commerce-in-Saudi-Arabia | /blog/Ministry-of-Investment-in-Saudi-Arabia | /blog/PRO-services-in-Saudi-Arabia | /blog/Regional-Headquarters-in-Saudi-Arabia | /blog/Saudi-Corporate-Compliance-Services | /blog/The-Comprehensive-Guide-to-Saudi-Business-Center | /blog/Wage-Protection-System-in-saudi-arabia | /blog/ZATCA | /blog/about-Qiwa-Platform | /blog/cash-flows-in-saudi-arabia-financial-guide | /blog/company-registration-in-saudi-arabia | /blog/company-registration-in-saudi-arabia-comprehensive-guide | /blog/comprehensive-development-rights-saudi-arabia-guide | /blog/consulting-firm-saudi-arabia-investors-comprehensive-guide | /blog/ejar-platform-saudi-arabia-guide | /blog/establishing-a-company-in-saudi-arabia-comprehensive-guide | /blog/facilitating-sovereign-financial-procedures-saudi-arabia-guide | /blog/freedom-of-ownership-in-saudi-arabia-investors-guide | /services/home | /blog/industrial-cities-saudi-arabia-comprehensive-guide | /blog/legal-translation-services-in-saudi-arabia | /blog/market-entry-strategy-in-KSA | /blog/ministry-of-foreign-affairs-saudi-business-encyclopedic-guide | /blog/opening-bank-account-saudi-arabia-investors-guide-2026 | /blog/professional-staff-saudi-arabia-management-guide | /blog/rhq-formation-saudi-arabia-comprehensive-guide | /blog/saudi-arabia-rhq-incentives-requirements-guide | /blog/starting-a-company-in-saudi-arabia | /blog/starting-a-company-in-saudi-arabia-guide | /blog/tax-system-saudi-arabia-wht-vat-cit-guide
node,284,en,article,"How to Open  Business in Saudi Arabia: Your Complete, Human Guide",node__body,body_value,2,/Investment-Opportunities-in-Saudi-Arabia | /type-license,/blog/Investment-Opportunities-in-Saudi-Arabia | /blog/type-license
node,285,en,article,Saudi Arabia Company Formation: Your Friendly Guide to Starting a Business in the Kingdom,node__body,body_value,1,/business-setup,/services/business-setup
node,286,en,article,Saudi Arabia business license: What You Need to Know,node__body,body_value,2,/Taxes-in-Saudi-Arabia | /saudi-company-registration,/blog/Taxes-in-Saudi-Arabia | /blog/saudi-company-registration
node,287,en,article,"Types, Costs & How to Get a Saudi Business License Easily",node__body,body_value,2,/Al-Ula | /commercial-license-in-saudi-arabia,/blog/Al-Ula | /blog/commercial-license-in-saudi-arabia
node,288,en,article,Open Branch Company in Saudi Arabia 2026 | Sovereignty & Empowerment Guide - Motaded,node__body,body_value,34,/Business-Operations-in-Saudi-Arabia | /Commercial-Registration-Renewal | /Guide-to-Company-Formation-in-Saudi-Arabia | /HR-Governance-in-Saudi-Arabia | /HR-System-KSA | /MISA-Investment-License | /MISA-License-Saudi-Arabia | /Ministry-of-Commerce-in-Saudi-Arabia | /Ministry-of-Investment-in-Saudi-Arabia | /Public-Investment-Fund-Meaning-Strategy-and-Global-Impact | /Steps-for-Business-Setup-in-KSA | /The-Comprehensive-Guide-to-Saudi-Business-Center | /Wage-Protection-System-in-saudi-arabia | /ZATCA | /about-Qiwa-Platform | /balady-platform-saudi-arabia-guide | /calculating-setup-and-renewal-costs-saudi-arabia-encyclopedia | /cash-flows-in-saudi-arabia-financial-guide | /company-registration-in-saudi-arabia | /company-registration-in-saudi-arabia-comprehensive-guide | /ejar-platform-saudi-arabia-guide | /facilitating-sovereign-financial-procedures-saudi-arabia-guide | /freedom-of-ownership-in-saudi-arabia-investors-guide | /issuing-general-manager-visa-via-qiwa-guide | /legal-consultant-in-saudi-arabia-investor-support-2026 | /legal-translation-services-in-saudi-arabia | /market-entry-strategy-in-KSA | /ministry-of-foreign-affairs-saudi-business-encyclopedic-guide | /open-branch-company-saudi-arabia-comprehensive-guide | /opening-bank-account-saudi-arabia-investors-guide-2026 | /professional-staff-saudi-arabia-management-guide | /rhq-formation-saudi-arabia-comprehensive-guide | /saudi-arabia-rhq-incentives-requirements-guide | /tax-system-saudi-arabia-wht-vat-cit-guide,/blog/Business-Operations-in-Saudi-Arabia | /blog/Commercial-Registration-Renewal | /blog/Guide-to-Company-Formation-in-Saudi-Arabia | /blog/HR-Governance-in-Saudi-Arabia | /blog/HR-System-KSA | /blog/MISA-Investment-License | /blog/MISA-License-Saudi-Arabia | /blog/Ministry-of-Commerce-in-Saudi-Arabia | /blog/Ministry-of-Investment-in-Saudi-Arabia | /blog/Public-Investment-Fund-Meaning-Strategy-and-Global-Impact | /blog/Steps-for-Business-Setup-in-KSA | /blog/The-Comprehensive-Guide-to-Saudi-Business-Center | /blog/Wage-Protection-System-in-saudi-arabia | /blog/ZATCA | /blog/about-Qiwa-Platform | /blog/balady-platform-saudi-arabia-guide | /blog/calculating-setup-and-renewal-costs-saudi-arabia-encyclopedia | /blog/cash-flows-in-saudi-arabia-financial-guide | /blog/company-registration-in-saudi-arabia | /blog/company-registration-in-saudi-arabia-comprehensive-guide | /blog/ejar-platform-saudi-arabia-guide | /blog/facilitating-sovereign-financial-procedures-saudi-arabia-guide | /blog/freedom-of-ownership-in-saudi-arabia-investors-guide | /blog/issuing-general-manager-visa-via-qiwa-guide | /blog/legal-consultant-in-saudi-arabia-investor-support-2026 | /blog/legal-translation-services-in-saudi-arabia | /blog/market-entry-strategy-in-KSA | /blog/ministry-of-foreign-affairs-saudi-business-encyclopedic-guide | /blog/open-branch-company-saudi-arabia-comprehensive-guide | /blog/opening-bank-account-saudi-arabia-investors-guide-2026 | /blog/professional-staff-saudi-arabia-management-guide | /blog/rhq-formation-saudi-arabia-comprehensive-guide | /blog/saudi-arabia-rhq-incentives-requirements-guide | /blog/tax-system-saudi-arabia-wht-vat-cit-guide
node,289,en,article,Saudi Arabia Commercial Register: Guide to Business Success,node__body,body_value,2,/Everything-about-investing-in-Saudi-Arabia | /Investment-Opportunities-and-Business-Setup-in-riyadh,/blog/Everything-about-investing-in-Saudi-Arabia | /blog/Investment-Opportunities-and-Business-Setup-in-riyadh
node,290,en,article,"Can Foreigners Do Business in Saudi Arabia? Yes, Start Here",node__body,body_value,1,/foreign-company-branch-in-saudi-arabia,/blog/foreign-company-branch-in-saudi-arabia
node,291,en,article,Guiding For Commercial Registration Fees in Saudi Arabia,node__body,body_value,2,/saudi-arabia-commercial-license | /saudi-arabia-commercial-register,/blog/saudi-arabia-commercial-license | /blog/saudi-arabia-commercial-register
node,292,en,article,100% Foreign Business Ownership in Saudi Arabia: No Partner,node__body,body_value,2,/business-in-saudi-arabia-for-foreigners | /can-foreigners-do-business-in-saudi-arabia,/blog/business-in-saudi-arabia-for-foreigners | /blog/can-foreigners-do-business-in-saudi-arabia
node,294,en,article,Set Up JSC in Saudi Arabia and Dominate Your Sector,node__body,body_value,2,/type-license | /why-invest-saudi-arabia-concise-guide-foreign-investors,/blog/type-license | /blog/why-invest-saudi-arabia-concise-guide-foreign-investors
node,295,en,article,Cost of Opening a Company in Saudi Arabia: Full 2026 Guide - Motaded,node__body,body_value,6,/MISA-Investment-License | /cash-flows-in-saudi-arabia-financial-guide | /cost-of-opening-a-company-in-saudi-arabia | /legal-consultant-in-saudi-arabia-investor-support-2026 | /open-company-in-saudi | /open-company-in-saudi-arabia,/blog/MISA-Investment-License | /blog/cash-flows-in-saudi-arabia-financial-guide | /blog/cost-of-opening-a-company-in-saudi-arabia | /blog/legal-consultant-in-saudi-arabia-investor-support-2026 | /blog/open-company-in-saudi | /blog/open-company-in-saudi-arabia
node,296,en,article,Starting with Business Setup Service in Saudi Arabia Now!,node__body,body_value,3,/Open-a-bank-account-in-Saudi-Arabia | /differences-between-the-updated-investment-system-and-the-foreign-investment-system | /why-invest-saudi-arabia-concise-guide-foreign-investors,/blog/Open-a-bank-account-in-Saudi-Arabia | /blog/differences-between-the-updated-investment-system-and-the-foreign-investment-system | /blog/why-invest-saudi-arabia-concise-guide-foreign-investors
node,297,en,article,How to start a small business in saudi arabia easily today!,node__body,body_value,4,/business-setup | /business-setup-cost-in-saudi-arabia | /open-company-in-saudi | /open-company-in-saudi-arabia,/services/business-setup | /blog/business-setup-cost-in-saudi-arabia | /blog/open-company-in-saudi | /blog/open-company-in-saudi-arabia
node,298,en,article,Business Setup Process in Saudi Arabia: Step-by-Step Guide,node__body,body_value,2,/business-registration-in-saudi-rabia | /foreign-company-registration-in-saudi-arabia,/blog/business-registration-in-saudi-rabia | /blog/foreign-company-registration-in-saudi-arabia
node,299,en,article,How to Start a Business in Saudi Arabia: A Step-by-Step Guide,node__body,body_value,4,/can-foreigners-do-business-in-saudi-arabia | /cost-of-opening-a-company-in-saudi-arabia | /how-to-start-a-small-business-in-saudi-arabia | /vision-2030,/blog/can-foreigners-do-business-in-saudi-arabia | /blog/cost-of-opening-a-company-in-saudi-arabia | /blog/how-to-start-a-small-business-in-saudi-arabia | /blog/vision-2030
node,300,en,article,Saudi Arabia Company Registration – UAE 7-Step Guide,node__body,body_value,3,/business-setup | /business-setup-service-in-saudi-arabia | /saudi-business-license,/services/business-setup | /blog/business-setup-service-in-saudi-arabia | /blog/saudi-business-license
node,301,en,article,Types of Companies in Saudi Arabia: Guidance for Experts,node__body,body_value,3,/cost-of-opening-a-company-in-saudi-arabia | /foreign-business-ownership-in-saudi-arabia | /vision-2030,/blog/cost-of-opening-a-company-in-saudi-arabia | /blog/foreign-business-ownership-in-saudi-arabia | /blog/vision-2030
node,302,en,article,Establish Company in Saudi Arabia: Business Setup Guidance,node__body,body_value,1,/branch-setup-in-saudi-arabia,/blog/branch-setup-in-saudi-arabia
node,303,en,article,Explore Promising Industries in Saudi Arabia for UAE Firms,node__body,body_value,1,/establish-company-in-saudi-arabia,/blog/establish-company-in-saudi-arabia
node,304,en,article,Start a Business in KSA with a Saudi Arabia license Today,node__body,body_value,2,/How-to-Obtain-a-Transportation-and-Storage-License-in-Saudi-Arabia | /type-license,/blog/How-to-Obtain-a-Transportation-and-Storage-License-in-Saudi-Arabia | /blog/type-license
node,305,en,article,Practical business ideas in Saudi Arabia for expansion 2025,node__body,body_value,1,/Business-activities-in-saudi-arabia-investment-sovereignty,/blog/Business-activities-in-saudi-arabia-investment-sovereignty
node,306,ar,article,رخصة استثمار وزارة الاستثمار السعودية 2026 | دليل الاستثمار الكامل - متعدد,node__body,body_value,32,/Articles-of-Association | /Articles-of-Association-in-Saudi-Arabia | /Guide-to-Amending-the-MISA-Investment-License | /HR-Outsourcing-in-Saudi-Arabia | /MISA-Investment-License | /Ministry-of-Commerce-in-Saudi-Arabia | /Ministry-of-Investment-in-Saudi-Arabia | /Regional-Headquarters-in-Saudi-Arabia | /Steps-for-Business-Setup-in-KSA | /The-Comprehensive-Guide-to-Saudi-Business-Center | /Wage-Protection-System-in-saudi-arabia | /ZATCA | /about-Qiwa-Platform | /business-etiquette-comprehensive-guide-saudi-arabia | /business-setup | /business-setup-in-saudi-arabia | /business-setup-in-saudi-arabia-comprehensive-guide | /business-setup-process-in-ksa-sovereign-guide | /calculating-setup-and-renewal-costs-saudi-arabia-encyclopedia | /company-registration-in-saudi-arabia | /company-registration-in-saudi-arabia-comprehensive-guide | /consulting-license-saudi-arabia-legal-management-consultant-guide | /freedom-of-ownership-in-saudi-arabia-investors-guide | /home | /industrial-cities-saudi-arabia-comprehensive-guide | /instant-license-issuance-saudi-arabia-guide | /legal-consultant-in-saudi-arabia-investor-support-2026 | /market-entry-strategy-in-KSA | /opening-bank-account-saudi-arabia-investors-guide-2026 | /professional-staff-saudi-arabia-management-guide | /rhq-formation-saudi-arabia-comprehensive-guide | /tax-system-saudi-arabia-wht-vat-cit-guide,/services/Articles-of-Association | /blog/Articles-of-Association-in-Saudi-Arabia | /blog/Guide-to-Amending-the-MISA-Investment-License | /blog/HR-Outsourcing-in-Saudi-Arabia | /blog/MISA-Investment-License | /blog/Ministry-of-Commerce-in-Saudi-Arabia | /blog/Ministry-of-Investment-in-Saudi-Arabia | /blog/Regional-Headquarters-in-Saudi-Arabia | /blog/Steps-for-Business-Setup-in-KSA | /blog/The-Comprehensive-Guide-to-Saudi-Business-Center | /blog/Wage-Protection-System-in-saudi-arabia | /blog/ZATCA | /blog/about-Qiwa-Platform | /blog/business-etiquette-comprehensive-guide-saudi-arabia | /services/business-setup | /blog/business-setup-in-saudi-arabia | /blog/business-setup-in-saudi-arabia-comprehensive-guide | /blog/business-setup-process-in-ksa-sovereign-guide | /blog/calculating-setup-and-renewal-costs-saudi-arabia-encyclopedia | /blog/company-registration-in-saudi-arabia | /blog/company-registration-in-saudi-arabia-comprehensive-guide | /blog/consulting-license-saudi-arabia-legal-management-consultant-guide | /blog/freedom-of-ownership-in-saudi-arabia-investors-guide | /services/home | /blog/industrial-cities-saudi-arabia-comprehensive-guide | /blog/instant-license-issuance-saudi-arabia-guide | /blog/legal-consultant-in-saudi-arabia-investor-support-2026 | /blog/market-entry-strategy-in-KSA | /blog/opening-bank-account-saudi-arabia-investors-guide-2026 | /blog/professional-staff-saudi-arabia-management-guide | /blog/rhq-formation-saudi-arabia-comprehensive-guide | /blog/tax-system-saudi-arabia-wht-vat-cit-guide
node,306,en,article,MISA Business Licensing Saudi Arabia 2026 | Full Investment Guide - Motaded,node__body,body_value,38,/Articles-of-Association | /Articles-of-Association-in-Saudi-Arabia | /Cost-of-starting-a-business-in-Saudi-Arabia-2026 | /Guide-to-Amending-the-MISA-Investment-License | /Guide-to-Company-Formation-in-Saudi-Arabia | /HR-Outsourcing-in-Saudi-Arabia | /Incorporating-a-Company-in-Saudi-Arabia | /MISA-Investment-License | /Ministry-of-Commerce-in-Saudi-Arabia | /Ministry-of-Investment-in-Saudi-Arabia | /Regional-Headquarters-in-Saudi-Arabia | /Steps-for-Business-Setup-in-KSA | /The-Comprehensive-Guide-to-Saudi-Business-Center | /Wage-Protection-System-in-saudi-arabia | /ZATCA | /about-Qiwa-Platform | /business-etiquette-comprehensive-guide-saudi-arabia | /business-setup | /business-setup-process-in-ksa-sovereign-guide | /calculating-setup-and-renewal-costs-saudi-arabia-encyclopedia | /cash-flows-in-saudi-arabia-financial-guide | /company-registration-in-saudi-arabia | /company-registration-in-saudi-arabia-comprehensive-guide | /comprehensive-development-rights-saudi-arabia-guide | /consulting-license-saudi-arabia-legal-management-consultant-guide | /freedom-of-ownership-in-saudi-arabia-investors-guide | /home | /industrial-cities-saudi-arabia-comprehensive-guide | /instant-license-issuance-saudi-arabia-guide | /legal-consultant-in-saudi-arabia-investor-support-2026 | /market-entry-strategy-in-KSA | /misa-business-licensing-in-saudi-arabia | /opening-bank-account-saudi-arabia-investors-guide-2026 | /professional-staff-saudi-arabia-management-guide | /qiwa-platform-sovereign-encyclopedia | /rhq-formation-saudi-arabia-comprehensive-guide | /saudi-arabia-rhq-incentives-requirements-guide | /tax-system-saudi-arabia-wht-vat-cit-guide,/services/Articles-of-Association | /blog/Articles-of-Association-in-Saudi-Arabia | /blog/Cost-of-starting-a-business-in-Saudi-Arabia-2026 | /blog/Guide-to-Amending-the-MISA-Investment-License | /blog/Guide-to-Company-Formation-in-Saudi-Arabia | /blog/HR-Outsourcing-in-Saudi-Arabia | /blog/Incorporating-a-Company-in-Saudi-Arabia | /blog/MISA-Investment-License | /blog/Ministry-of-Commerce-in-Saudi-Arabia | /blog/Ministry-of-Investment-in-Saudi-Arabia | /blog/Regional-Headquarters-in-Saudi-Arabia | /blog/Steps-for-Business-Setup-in-KSA | /blog/The-Comprehensive-Guide-to-Saudi-Business-Center | /blog/Wage-Protection-System-in-saudi-arabia | /blog/ZATCA | /blog/about-Qiwa-Platform | /blog/business-etiquette-comprehensive-guide-saudi-arabia | /services/business-setup | /blog/business-setup-process-in-ksa-sovereign-guide | /blog/calculating-setup-and-renewal-costs-saudi-arabia-encyclopedia | /blog/cash-flows-in-saudi-arabia-financial-guide | /blog/company-registration-in-saudi-arabia | /blog/company-registration-in-saudi-arabia-comprehensive-guide | /blog/comprehensive-development-rights-saudi-arabia-guide | /blog/consulting-license-saudi-arabia-legal-management-consultant-guide | /blog/freedom-of-ownership-in-saudi-arabia-investors-guide | /services/home | /blog/industrial-cities-saudi-arabia-comprehensive-guide | /blog/instant-license-issuance-saudi-arabia-guide | /blog/legal-consultant-in-saudi-arabia-investor-support-2026 | /blog/market-entry-strategy-in-KSA | /blog/misa-business-licensing-in-saudi-arabia | /blog/opening-bank-account-saudi-arabia-investors-guide-2026 | /blog/professional-staff-saudi-arabia-management-guide | /blog/qiwa-platform-sovereign-encyclopedia | /blog/rhq-formation-saudi-arabia-comprehensive-guide | /blog/saudi-arabia-rhq-incentives-requirements-guide | /blog/tax-system-saudi-arabia-wht-vat-cit-guide
node,306,zh-hans,article,沙特阿拉伯MISA业务许可2026 | 完整投资指南 - Motaded,node__body,body_value,36,/Articles-of-Association | /Articles-of-Association-in-Saudi-Arabia | /Cost-of-starting-a-business-in-Saudi-Arabia-2026 | /Guide-to-Amending-the-MISA-Investment-License | /Guide-to-Company-Formation-in-Saudi-Arabia | /Incorporating-a-Company-in-Saudi-Arabia | /MISA-Investment-License | /Ministry-of-Commerce-in-Saudi-Arabia | /Ministry-of-Investment-in-Saudi-Arabia | /Regional-Headquarters-in-Saudi-Arabia | /Steps-for-Business-Setup-in-KSA | /The-Comprehensive-Guide-to-Saudi-Business-Center | /Wage-Protection-System-in-saudi-arabia | /ZATCA | /about-Qiwa-Platform | /business-etiquette-comprehensive-guide-saudi-arabia | /business-setup | /business-setup-process-in-ksa-sovereign-guide | /calculating-setup-and-renewal-costs-saudi-arabia-encyclopedia | /cash-flows-in-saudi-arabia-financial-guide | /company-registration-in-saudi-arabia | /company-registration-in-saudi-arabia-comprehensive-guide | /comprehensive-development-rights-saudi-arabia-guide | /consulting-license-saudi-arabia-legal-management-consultant-guide | /freedom-of-ownership-in-saudi-arabia-investors-guide | /home | /industrial-cities-saudi-arabia-comprehensive-guide | /instant-license-issuance-saudi-arabia-guide | /legal-consultant-in-saudi-arabia-investor-support-2026 | /market-entry-strategy-in-KSA | /opening-bank-account-saudi-arabia-investors-guide-2026 | /professional-staff-saudi-arabia-management-guide | /qiwa-platform-sovereign-encyclopedia | /rhq-formation-saudi-arabia-comprehensive-guide | /saudi-arabia-rhq-incentives-requirements-guide | /tax-system-saudi-arabia-wht-vat-cit-guide,/services/Articles-of-Association | /blog/Articles-of-Association-in-Saudi-Arabia | /blog/Cost-of-starting-a-business-in-Saudi-Arabia-2026 | /blog/Guide-to-Amending-the-MISA-Investment-License | /blog/Guide-to-Company-Formation-in-Saudi-Arabia | /blog/Incorporating-a-Company-in-Saudi-Arabia | /blog/MISA-Investment-License | /blog/Ministry-of-Commerce-in-Saudi-Arabia | /blog/Ministry-of-Investment-in-Saudi-Arabia | /blog/Regional-Headquarters-in-Saudi-Arabia | /blog/Steps-for-Business-Setup-in-KSA | /blog/The-Comprehensive-Guide-to-Saudi-Business-Center | /blog/Wage-Protection-System-in-saudi-arabia | /blog/ZATCA | /blog/about-Qiwa-Platform | /blog/business-etiquette-comprehensive-guide-saudi-arabia | /services/business-setup | /blog/business-setup-process-in-ksa-sovereign-guide | /blog/calculating-setup-and-renewal-costs-saudi-arabia-encyclopedia | /blog/cash-flows-in-saudi-arabia-financial-guide | /blog/company-registration-in-saudi-arabia | /blog/company-registration-in-saudi-arabia-comprehensive-guide | /blog/comprehensive-development-rights-saudi-arabia-guide | /blog/consulting-license-saudi-arabia-legal-management-consultant-guide | /blog/freedom-of-ownership-in-saudi-arabia-investors-guide | /services/home | /blog/industrial-cities-saudi-arabia-comprehensive-guide | /blog/instant-license-issuance-saudi-arabia-guide | /blog/legal-consultant-in-saudi-arabia-investor-support-2026 | /blog/market-entry-strategy-in-KSA | /blog/opening-bank-account-saudi-arabia-investors-guide-2026 | /blog/professional-staff-saudi-arabia-management-guide | /blog/qiwa-platform-sovereign-encyclopedia | /blog/rhq-formation-saudi-arabia-comprehensive-guide | /blog/saudi-arabia-rhq-incentives-requirements-guide | /blog/tax-system-saudi-arabia-wht-vat-cit-guide
node,307,en,article,What is setup a sole establishment company in Saudi?,node__body,body_value,2,/about-us | /branch-setup-in-saudi-arabia,/services/about-us | /blog/branch-setup-in-saudi-arabia
node,308,en,article,Latest Saudization Rules| A Guide for UAE Companies,node__body,body_value,1,/setup-asole-establishment-company-in-saudi,/blog/setup-asole-establishment-company-in-saudi
node,309,en,article,What UAE firms must know about company registration in KSA,node__body,body_value,3,/Investment-Opportunities-in-Saudi-Arabia | /Saudization-And-Nitaqat-System | /Taxes-in-Saudi-Arabia,/blog/Investment-Opportunities-in-Saudi-Arabia | /blog/Saudization-And-Nitaqat-System | /blog/Taxes-in-Saudi-Arabia
node,310,en,article,Everything You Need to Know About Getting a Car License,node__body,body_value,1,/misa-business-licensing-in-saudi-arabia,/blog/misa-business-licensing-in-saudi-arabia
node,311,en,article,How to Get a GOSI Certificate: A Step-by-Step Guide,node__body,body_value,2,/cr | /create-company-in-saudi-arabia,/blog/cr | /blog/create-company-in-saudi-arabia
node,312,en,article,Key Features of how to start  llc in saudi Regulations 2025,node__body,body_value,2,/Set-Up-Business-in-Saudi-Arabia | /Why-Invest-in-Saudi-Arabia,/blog/Set-Up-Business-in-Saudi-Arabia | /services/Why-Invest-in-Saudi-Arabia
node,313,en,article,"Saudi Arabia Trade License 2025: Costs, Types, and Process",node__body,body_value,1,/how-to-start-llc-in-saudi,/blog/how-to-start-llc-in-saudi
node,314,en,article,"Driving License Process in Saudi Arabia: Steps, Rules",node__body,body_value,1,/car-license,/blog/car-license
node,315,en,article,How to Obtain a Commercial Registration in Saudi Arabia(CR),node__body,body_value,2,/cr | /trade-license,/blog/cr | /blog/trade-license
node,316,en,article,Steps to how to get driving license in Saudi arabia,node__body,body_value,1,/cr,/blog/cr
node,317,en,article,"Driving Licence Categories Saudi Arabia: Rules, Eligibility",node__body,body_value,1,/how-to-get-driving-license-in-saudi-arabia,/blog/how-to-get-driving-license-in-saudi-arabia
node,318,en,article,"Company Red or Green Status: Compliance, and Business Impact",node__body,body_value,1,/driving-licence-categories,/blog/driving-licence-categories
node,319,en,article,"E commerce in Saudi Arabia: Insights, and Key Drivers",node__body,body_value,1,/company-red-or-green,/blog/company-red-or-green
node,320,en,article,How Can Motaded Support gcc company Saudi Arabia in market?,node__body,body_value,1,/ecommerce-in-saudi-arabia,/blog/ecommerce-in-saudi-arabia
node,321,en,article,Chamber of commerce certificate Saudi Arabia: Uses,node__body,body_value,1,/gcc-company-saudi-arabia,/blog/gcc-company-saudi-arabia
node,322,en,article,Unveiling Untapped Potential: Company Formation in Saudi Arabia Under Vision 2030,node__body,body_value,2,/company-formation-in-ksa | /saudi-arabia-company-formation,/blog/company-formation-in-ksa | /blog/saudi-arabia-company-formation
node,323,en,article,Step-by-Step Guide: how to apply for driving license in ksa,node__body,body_value,1,/chamber-of-commerce-certificate-saudi-arabia,/blog/chamber-of-commerce-certificate-saudi-arabia
node,324,en,article,Get New Rules for Iqama Renewal in Saudi Arabia 2025,node__body,body_value,1,/how-to-apply-for-driving-license-in-ksa,/blog/how-to-apply-for-driving-license-in-ksa
node,325,en,article,Muqeem Portal Registration: Step-by-Step Guide for Expats,node__body,body_value,1,/new-rules-for-iqama-renewal,/blog/new-rules-for-iqama-renewal
node,326,en,article,How to Apply for a Driving License KSA: Complete Guide,node__body,body_value,1,/muqeem-portal-registration,/blog/muqeem-portal-registration
node,327,en,article,"Licence Saudi Arabia: Types, Process & Business Use",node__body,body_value,1,/driving-license-ksa,/blog/driving-license-ksa
node,328,en,article,"Saudi Premium Residency: Eligibility, Benefits, Investment",node__body,body_value,1,/driving-license-ksa,/blog/driving-license-ksa
node,329,en,article,"Value Added Tax in Saudi Arabia: Rates, Rules, and Compliance",node__body,body_value,1,/saudi-premium-residency,/blog/saudi-premium-residency
node,330,en,article,Starting a Company in Saudi Arabia: Complete Setup Guide,node__body,body_value,1,/value-added-tax-in-saudi-arabia,/blog/value-added-tax-in-saudi-arabia
node,331,en,article,Obtain Industrial License Saudi Arabia for Manufacturing,node__body,body_value,1,/starting-a-company-in-saudi-arabia,/blog/starting-a-company-in-saudi-arabia
node,332,en,article,Zakat and Tax in Saudi Arabia: Business Compliance Guide,node__body,body_value,2,/industrial-license-in-saudi-arabia | /zakat,/blog/industrial-license-in-saudi-arabia | /services/zakat
node,333,en,article,Guide to Understanding Income Tax Saudi Arabia Policies,node__body,body_value,2,/zakat | /zakat-and-tax-in-saudi-arabia,/services/zakat | /blog/zakat-and-tax-in-saudi-arabia
node,334,en,article,VAT Registration in Saudi Arabia: Businesses and Compliance,node__body,body_value,1,/income-tax-saudi-arabia,/blog/income-tax-saudi-arabia
node,335,en,article,Set Up Business in Saudi with Expert Guidance and Ease,node__body,body_value,1,/vat-registration-in-saudi-arabia,/blog/vat-registration-in-saudi-arabia
node,336,en,article,Industrial License in Saudi Arabia 2026 | Sovereignty & Manufacturing Guide - Motaded,node__body,body_value,30,/Cloud-Computing-Special-Economic-Zone | /MISA-Investment-License | /MISA-Investment-License-Renewal | /MISA-License-Saudi-Arabia | /Ministry-of-Investment-in-Saudi-Arabia | /Outsourced-HR-and-Operational-Support | /Steps-for-Business-Setup-in-KSA | /The-Comprehensive-Guide-to-Saudi-Business-Center | /Wage-Protection-System-in-saudi-arabia | /ZATCA | /about-Qiwa-Platform | /business-setup | /business-setup-in-saudi-arabia | /business-setup-in-saudi-arabia-comprehensive-guide | /calculating-setup-and-renewal-costs-saudi-arabia-encyclopedia | /cash-flows-in-saudi-arabia-financial-guide | /company-registration-in-saudi-arabia | /company-registration-in-saudi-arabia-comprehensive-guide | /consulting-firm-saudi-arabia-investors-comprehensive-guide | /establishing-a-company-in-saudi-arabia-comprehensive-guide | /foreign-investment-in-saudi-arabia-sovereign-growth-fdi-guide | /freedom-of-ownership-in-saudi-arabia-investors-guide | /home | /industrial-cities-saudi-arabia-comprehensive-guide | /industrial-licenses-and-cities-saudi-arabia-guide | /investment-systems-in-saudi-arabia-guide | /legal-consultant-in-saudi-arabia-investor-support-2026 | /market-entry-strategy-in-KSA | /professional-staff-saudi-arabia-management-guide | /tax-system-saudi-arabia-wht-vat-cit-guide,/blog/Cloud-Computing-Special-Economic-Zone | /blog/MISA-Investment-License | /blog/MISA-Investment-License-Renewal | /blog/MISA-License-Saudi-Arabia | /blog/Ministry-of-Investment-in-Saudi-Arabia | /blog/Outsourced-HR-and-Operational-Support | /blog/Steps-for-Business-Setup-in-KSA | /blog/The-Comprehensive-Guide-to-Saudi-Business-Center | /blog/Wage-Protection-System-in-saudi-arabia | /blog/ZATCA | /blog/about-Qiwa-Platform | /services/business-setup | /blog/business-setup-in-saudi-arabia | /blog/business-setup-in-saudi-arabia-comprehensive-guide | /blog/calculating-setup-and-renewal-costs-saudi-arabia-encyclopedia | /blog/cash-flows-in-saudi-arabia-financial-guide | /blog/company-registration-in-saudi-arabia | /blog/company-registration-in-saudi-arabia-comprehensive-guide | /blog/consulting-firm-saudi-arabia-investors-comprehensive-guide | /blog/establishing-a-company-in-saudi-arabia-comprehensive-guide | /blog/foreign-investment-in-saudi-arabia-sovereign-growth-fdi-guide | /blog/freedom-of-ownership-in-saudi-arabia-investors-guide | /services/home | /blog/industrial-cities-saudi-arabia-comprehensive-guide | /blog/industrial-licenses-and-cities-saudi-arabia-guide | /blog/investment-systems-in-saudi-arabia-guide | /blog/legal-consultant-in-saudi-arabia-investor-support-2026 | /blog/market-entry-strategy-in-KSA | /blog/professional-staff-saudi-arabia-management-guide | /blog/tax-system-saudi-arabia-wht-vat-cit-guide
node,337,en,article,Entrepreneur License in Saudi Arabia 2026 | Sovereignty & Innovation Guide - Motaded,node__body,body_value,43,/Advanced-Business-Operations-in-Saudi-Arabia | /Articles-of-Association | /Articles-of-Association-in-Saudi-Arabia | /Business-Operations-in-Saudi-Arabia | /Cost-of-starting-a-business-in-Saudi-Arabia-2026 | /Guide-to-Amending-the-MISA-Investment-License | /Guide-to-Company-Formation-in-Saudi-Arabia | /HR-Governance-in-Saudi-Arabia | /HR-System-KSA | /MISA-Investment-License | /Ministry-of-Commerce-in-Saudi-Arabia | /Ministry-of-Investment-in-Saudi-Arabia | /Outsourced-HR-and-Operational-Support | /Saudi-Corporate-Compliance-Services | /Steps-for-Business-Setup-in-KSA | /The-Comprehensive-Guide-to-Saudi-Business-Center | /Wage-Protection-System-in-saudi-arabia | /ZATCA | /about-Qiwa-Platform | /business-setup | /business-setup-in-saudi-arabia | /business-setup-in-saudi-arabia-comprehensive-guide | /business-visa-in-saudi-arabia-comprehensive-guide | /calculating-setup-and-renewal-costs-saudi-arabia-encyclopedia | /cash-flows-in-saudi-arabia-financial-guide | /company-registration-in-saudi-arabia | /company-registration-in-saudi-arabia-comprehensive-guide | /company-setup-in-saudi-arabia-comprehensive-guide | /ejar-platform-saudi-arabia-guide | /entrepreneur-license-saudi-arabia | /establishing-a-company-in-saudi-arabia-comprehensive-guide | /freedom-of-ownership-in-saudi-arabia-investors-guide | /invest-in-saudi-arabia-comprehensive-encyclopedic-guide | /issuing-general-manager-visa-via-qiwa-guide | /legal-consultant-in-saudi-arabia-investor-support-2026 | /market-entry-strategy-in-KSA | /misa-license-saudi-arabia-comprehensive-guide | /professional-staff-saudi-arabia-management-guide | /saudi-arabia-company-incorporation | /saudi-arabia-company-incorporation-guide | /starting-a-company-in-saudi-arabia | /starting-a-company-in-saudi-arabia-guide | /tax-system-saudi-arabia-wht-vat-cit-guide,/blog/Advanced-Business-Operations-in-Saudi-Arabia | /services/Articles-of-Association | /blog/Articles-of-Association-in-Saudi-Arabia | /blog/Business-Operations-in-Saudi-Arabia | /blog/Cost-of-starting-a-business-in-Saudi-Arabia-2026 | /blog/Guide-to-Amending-the-MISA-Investment-License | /blog/Guide-to-Company-Formation-in-Saudi-Arabia | /blog/HR-Governance-in-Saudi-Arabia | /blog/HR-System-KSA | /blog/MISA-Investment-License | /blog/Ministry-of-Commerce-in-Saudi-Arabia | /blog/Ministry-of-Investment-in-Saudi-Arabia | /blog/Outsourced-HR-and-Operational-Support | /blog/Saudi-Corporate-Compliance-Services | /blog/Steps-for-Business-Setup-in-KSA | /blog/The-Comprehensive-Guide-to-Saudi-Business-Center | /blog/Wage-Protection-System-in-saudi-arabia | /blog/ZATCA | /blog/about-Qiwa-Platform | /services/business-setup | /blog/business-setup-in-saudi-arabia | /blog/business-setup-in-saudi-arabia-comprehensive-guide | /blog/business-visa-in-saudi-arabia-comprehensive-guide | /blog/calculating-setup-and-renewal-costs-saudi-arabia-encyclopedia | /blog/cash-flows-in-saudi-arabia-financial-guide | /blog/company-registration-in-saudi-arabia | /blog/company-registration-in-saudi-arabia-comprehensive-guide | /blog/company-setup-in-saudi-arabia-comprehensive-guide | /blog/ejar-platform-saudi-arabia-guide | /blog/entrepreneur-license-saudi-arabia | /blog/establishing-a-company-in-saudi-arabia-comprehensive-guide | /blog/freedom-of-ownership-in-saudi-arabia-investors-guide | /blog/invest-in-saudi-arabia-comprehensive-encyclopedic-guide | /blog/issuing-general-manager-visa-via-qiwa-guide | /blog/legal-consultant-in-saudi-arabia-investor-support-2026 | /blog/market-entry-strategy-in-KSA | /blog/misa-license-saudi-arabia-comprehensive-guide | /blog/professional-staff-saudi-arabia-management-guide | /blog/saudi-arabia-company-incorporation | /blog/saudi-arabia-company-incorporation-guide | /blog/starting-a-company-in-saudi-arabia | /blog/starting-a-company-in-saudi-arabia-guide | /blog/tax-system-saudi-arabia-wht-vat-cit-guide
node,338,en,article,SAGIA Investment License in Saudi Arabia 2026 | Sovereignty & Empowerment Guide - Motaded,node__body,body_value,30,/Advanced-Business-Operations-in-Saudi-Arabia | /Commercial-Service-Offices-in-Saudi-Arabia | /Guide-to-Amending-the-MISA-Investment-License | /Integrated-Logistics-Special-Bonded-Zone | /MISA-Investment-License | /Ministry-of-Commerce-in-Saudi-Arabia | /Outsourced-HR-and-Operational-Support | /Saudi-Corporate-Compliance-Services | /Steps-for-Business-Setup-in-KSA | /Wage-Protection-System-in-saudi-arabia | /ZATCA | /about-Qiwa-Platform | /calculating-setup-and-renewal-costs-saudi-arabia-encyclopedia | /company-registration-in-saudi-arabia | /company-registration-in-saudi-arabia-comprehensive-guide | /consulting-license-saudi-arabia-legal-management-consultant-guide | /ejar-platform-saudi-arabia-guide | /facilitating-sovereign-financial-procedures-saudi-arabia-guide | /freedom-of-ownership-in-saudi-arabia-investors-guide | /industrial-licenses-and-cities-saudi-arabia-guide | /insurance-brokerage-license-saudi-arabia-guide | /investment-systems-in-saudi-arabia-guide | /market-entry-strategy-in-KSA | /opening-bank-account-saudi-arabia-investors-guide-2026 | /professional-staff-saudi-arabia-management-guide | /rhq-formation-saudi-arabia-comprehensive-guide | /starting-a-company-in-saudi-arabia | /starting-a-company-in-saudi-arabia-guide | /startup-business-investment-opportunities-2026-guide | /tax-system-saudi-arabia-wht-vat-cit-guide,/blog/Advanced-Business-Operations-in-Saudi-Arabia | /blog/Commercial-Service-Offices-in-Saudi-Arabia | /blog/Guide-to-Amending-the-MISA-Investment-License | /blog/Integrated-Logistics-Special-Bonded-Zone | /blog/MISA-Investment-License | /blog/Ministry-of-Commerce-in-Saudi-Arabia | /blog/Outsourced-HR-and-Operational-Support | /blog/Saudi-Corporate-Compliance-Services | /blog/Steps-for-Business-Setup-in-KSA | /blog/Wage-Protection-System-in-saudi-arabia | /blog/ZATCA | /blog/about-Qiwa-Platform | /blog/calculating-setup-and-renewal-costs-saudi-arabia-encyclopedia | /blog/company-registration-in-saudi-arabia | /blog/company-registration-in-saudi-arabia-comprehensive-guide | /blog/consulting-license-saudi-arabia-legal-management-consultant-guide | /blog/ejar-platform-saudi-arabia-guide | /blog/facilitating-sovereign-financial-procedures-saudi-arabia-guide | /blog/freedom-of-ownership-in-saudi-arabia-investors-guide | /blog/industrial-licenses-and-cities-saudi-arabia-guide | /blog/insurance-brokerage-license-saudi-arabia-guide | /blog/investment-systems-in-saudi-arabia-guide | /blog/market-entry-strategy-in-KSA | /blog/opening-bank-account-saudi-arabia-investors-guide-2026 | /blog/professional-staff-saudi-arabia-management-guide | /blog/rhq-formation-saudi-arabia-comprehensive-guide | /blog/starting-a-company-in-saudi-arabia | /blog/starting-a-company-in-saudi-arabia-guide | /blog/startup-business-investment-opportunities-2026-guide | /blog/tax-system-saudi-arabia-wht-vat-cit-guide
node,339,en,article,How to Register for a VAT License in Saudi Arabia Easily,node__body,body_value,1,/entrepreneur-license-saudi-arabia,/blog/entrepreneur-license-saudi-arabia
node,340,en,article,Setting Up Company in Saudi Arabia Made Easy and Legal,node__body,body_value,1,/vat-license-in-saudi-arabia,/blog/vat-license-in-saudi-arabia
node,341,en,article,Steps to Launch Start Up Company in Saudi Arabia Today,node__body,body_value,1,/setting-up-company-in-saudi-arabia,/blog/setting-up-company-in-saudi-arabia
node,342,en,article,Investor Visa in Saudi Arabia: Unlock Business Opportunities,node__body,body_value,1,/vat-license-in-saudi-arabia,/blog/vat-license-in-saudi-arabia
node,343,en,article,Complete Doing Business Guide KSA for Entrepreneurs,node__body,body_value,1,/investor-visa-in-saudi-arabia,/blog/investor-visa-in-saudi-arabia
node,344,en,article,Can Expats Start Business in Saudi Arabia: Full Legal Guide,node__body,body_value,1,/doing-business-guide-ksa,/blog/doing-business-guide-ksa
node,345,en,article,Ajeer Paper in Saudi Arabia: Temporary Work Authorization,node__body,body_value,1,/can-expats-start-business-in-saudi-arabia,/blog/can-expats-start-business-in-saudi-arabia
node,346,en,article,Work Permit System,node__body,body_value,9,/Ministry-of-Labor-in-Saudi-Arabia | /Residency-in-Saudi-Arabia | /Saudi-Arabia-Business-Registration | /Saudi-Arabian-Laws | /Saudi-Vision-2030-Projects-and-Investor-Opportunities | /Saudization-And-Nitaqat-System | /Work-Permit-Classification-by-Skill-Categories-in-Saudi-Arabia | /about-Qiwa-Platform | /investor-visa-in-saudi-arabia,/blog/Ministry-of-Labor-in-Saudi-Arabia | /blog/Residency-in-Saudi-Arabia | /blog/Saudi-Arabia-Business-Registration | /blog/Saudi-Arabian-Laws | /blog/Saudi-Vision-2030-Projects-and-Investor-Opportunities | /blog/Saudization-And-Nitaqat-System | /blog/Work-Permit-Classification-by-Skill-Categories-in-Saudi-Arabia | /blog/about-Qiwa-Platform | /blog/investor-visa-in-saudi-arabia
node,347,en,article,Professional Accreditation Program in Saudi Arabia 2026 | Sovereignty & Skill Guide - Motaded,node__body,body_value,30,/Advanced-Business-Operations-in-Saudi-Arabia | /Articles-of-Association | /Articles-of-Association-in-Saudi-Arabia | /Commercial-Service-Offices-in-Saudi-Arabia | /Guide-to-Amending-the-MISA-Investment-License | /Guide-to-Company-Formation-in-Saudi-Arabia | /HR-Governance-in-Saudi-Arabia | /Integrated-Logistics-Special-Bonded-Zone | /Ministry-of-Labor-in-Saudi-Arabia | /Regional-Headquarters-in-Saudi-Arabia | /Saudi-Corporate-Compliance-Services | /Steps-for-Business-Setup-in-KSA | /Wage-Protection-System-in-saudi-arabia | /ZATCA | /about-Qiwa-Platform | /calculating-setup-and-renewal-costs-saudi-arabia-encyclopedia | /company-registration-in-saudi-arabia | /company-registration-in-saudi-arabia-comprehensive-guide | /consulting-firm-saudi-arabia-investors-comprehensive-guide | /establishing-a-company-in-saudi-arabia-comprehensive-guide | /facilitating-sovereign-financial-procedures-saudi-arabia-guide | /freedom-of-ownership-in-saudi-arabia-investors-guide | /market-entry-strategy-in-KSA | /ministry-of-foreign-affairs-saudi-business-encyclopedic-guide | /opening-bank-account-saudi-arabia-investors-guide-2026 | /professional-staff-saudi-arabia-management-guide | /rhq-formation-saudi-arabia-comprehensive-guide | /saudi-arabia-rhq-incentives-requirements-guide | /starting-a-company-in-saudi-arabia | /starting-a-company-in-saudi-arabia-guide,/blog/Advanced-Business-Operations-in-Saudi-Arabia | /services/Articles-of-Association | /blog/Articles-of-Association-in-Saudi-Arabia | /blog/Commercial-Service-Offices-in-Saudi-Arabia | /blog/Guide-to-Amending-the-MISA-Investment-License | /blog/Guide-to-Company-Formation-in-Saudi-Arabia | /blog/HR-Governance-in-Saudi-Arabia | /blog/Integrated-Logistics-Special-Bonded-Zone | /blog/Ministry-of-Labor-in-Saudi-Arabia | /blog/Regional-Headquarters-in-Saudi-Arabia | /blog/Saudi-Corporate-Compliance-Services | /blog/Steps-for-Business-Setup-in-KSA | /blog/Wage-Protection-System-in-saudi-arabia | /blog/ZATCA | /blog/about-Qiwa-Platform | /blog/calculating-setup-and-renewal-costs-saudi-arabia-encyclopedia | /blog/company-registration-in-saudi-arabia | /blog/company-registration-in-saudi-arabia-comprehensive-guide | /blog/consulting-firm-saudi-arabia-investors-comprehensive-guide | /blog/establishing-a-company-in-saudi-arabia-comprehensive-guide | /blog/facilitating-sovereign-financial-procedures-saudi-arabia-guide | /blog/freedom-of-ownership-in-saudi-arabia-investors-guide | /blog/market-entry-strategy-in-KSA | /blog/ministry-of-foreign-affairs-saudi-business-encyclopedic-guide | /blog/opening-bank-account-saudi-arabia-investors-guide-2026 | /blog/professional-staff-saudi-arabia-management-guide | /blog/rhq-formation-saudi-arabia-comprehensive-guide | /blog/saudi-arabia-rhq-incentives-requirements-guide | /blog/starting-a-company-in-saudi-arabia | /blog/starting-a-company-in-saudi-arabia-guide
node,350,en,article,10 Steps to Setting Up Your Business in Saudi Arabia,node__body,body_value,8,/10-Steps-to-Setting-Up-Your-Business-in-Saudi-Arabia | /Company-Formation-in-Saudi | /Investment-Opportunities-in-Saudi-Arabia | /Saudi-Arabian-Laws | /business-setup | /free-zones-ksa | /premium-residency-saudi-arabia | /rhq-license-mena-license,/blog/10-Steps-to-Setting-Up-Your-Business-in-Saudi-Arabia | /blog/Company-Formation-in-Saudi | /blog/Investment-Opportunities-in-Saudi-Arabia | /blog/Saudi-Arabian-Laws | /services/business-setup | /services/free-zones-ksa | /services/premium-residency-saudi-arabia | /services/rhq-license-mena-license
node,354,en,article,Saudi Business Center SBC 2026 | Sovereign Procedural Guide - Motaded,node__body,body_value,20,/Articles-of-Association | /Articles-of-Association-in-Saudi-Arabia | /Chambers-of-Commerce-in-Saudi-Arabia | /Guide-to-Company-Formation-in-Saudi-Arabia | /MISA-Investment-License | /Ministry-of-Commerce-in-Saudi-Arabia | /PRO-services-in-Saudi-Arabia | /Regional-Headquarters-in-Saudi-Arabia | /ZATCA | /about-Qiwa-Platform | /balady-platform-saudi-arabia-guide | /calculating-setup-and-renewal-costs-saudi-arabia-encyclopedia | /company-registration-in-saudi-arabia | /company-registration-in-saudi-arabia-comprehensive-guide | /establishing-a-company-in-saudi-arabia-comprehensive-guide | /market-entry-strategy-in-KSA | /opening-bank-account-saudi-arabia-investors-guide-2026 | /saudi-company-incorporation-comprehensive-guide | /starting-a-company-in-saudi-arabia | /starting-a-company-in-saudi-arabia-guide,/services/Articles-of-Association | /blog/Articles-of-Association-in-Saudi-Arabia | /blog/Chambers-of-Commerce-in-Saudi-Arabia | /blog/Guide-to-Company-Formation-in-Saudi-Arabia | /blog/MISA-Investment-License | /blog/Ministry-of-Commerce-in-Saudi-Arabia | /blog/PRO-services-in-Saudi-Arabia | /blog/Regional-Headquarters-in-Saudi-Arabia | /blog/ZATCA | /blog/about-Qiwa-Platform | /blog/balady-platform-saudi-arabia-guide | /blog/calculating-setup-and-renewal-costs-saudi-arabia-encyclopedia | /blog/company-registration-in-saudi-arabia | /blog/company-registration-in-saudi-arabia-comprehensive-guide | /blog/establishing-a-company-in-saudi-arabia-comprehensive-guide | /blog/market-entry-strategy-in-KSA | /blog/opening-bank-account-saudi-arabia-investors-guide-2026 | /blog/saudi-company-incorporation-comprehensive-guide | /blog/starting-a-company-in-saudi-arabia | /blog/starting-a-company-in-saudi-arabia-guide
node,355,en,article,Qiwa Platform 2026 | Sovereign Labor & Compliance Guide - Motaded,node__body,body_value,12,/Articles-of-Association | /Articles-of-Association-in-Saudi-Arabia | /Ministry-of-Labor-in-Saudi-Arabia | /PRO-services-in-Saudi-Arabia | /Regional-Headquarters-in-Saudi-Arabia | /Wage-Protection-System-in-saudi-arabia | /about-Qiwa-Platform | /company-registration-in-saudi-arabia | /company-registration-in-saudi-arabia-comprehensive-guide | /facilitating-sovereign-financial-procedures-saudi-arabia-guide | /ministry-of-foreign-affairs-saudi-business-encyclopedic-guide | /opening-bank-account-saudi-arabia-investors-guide-2026,/services/Articles-of-Association | /blog/Articles-of-Association-in-Saudi-Arabia | /blog/Ministry-of-Labor-in-Saudi-Arabia | /blog/PRO-services-in-Saudi-Arabia | /blog/Regional-Headquarters-in-Saudi-Arabia | /blog/Wage-Protection-System-in-saudi-arabia | /blog/about-Qiwa-Platform | /blog/company-registration-in-saudi-arabia | /blog/company-registration-in-saudi-arabia-comprehensive-guide | /blog/facilitating-sovereign-financial-procedures-saudi-arabia-guide | /blog/ministry-of-foreign-affairs-saudi-business-encyclopedic-guide | /blog/opening-bank-account-saudi-arabia-investors-guide-2026
node,356,en,article,Mudad Platform & Wage Protection System Saudi Arabia 2026 | Sovereign Compliance - Motaded,node__body,body_value,16,/PRO-services-in-Saudi-Arabia | /Regional-Headquarters-in-Saudi-Arabia | /Saudi-Corporate-Compliance-Services | /Wage-Protection-System-in-saudi-arabia | /ZATCA | /about-Mudad-Platform | /about-Qiwa-Platform | /business-setup | /business-setup-process-in-ksa-sovereign-guide | /cash-flows-in-saudi-arabia-financial-guide | /home | /industrial-cities-saudi-arabia-comprehensive-guide | /opening-bank-account-saudi-arabia-investors-guide-2026 | /professional-staff-saudi-arabia-management-guide | /qiwa-platform-sovereign-encyclopedia | /rhq-formation-saudi-arabia-comprehensive-guide,/blog/PRO-services-in-Saudi-Arabia | /blog/Regional-Headquarters-in-Saudi-Arabia | /blog/Saudi-Corporate-Compliance-Services | /blog/Wage-Protection-System-in-saudi-arabia | /blog/ZATCA | /blog/about-Mudad-Platform | /blog/about-Qiwa-Platform | /services/business-setup | /blog/business-setup-process-in-ksa-sovereign-guide | /blog/cash-flows-in-saudi-arabia-financial-guide | /services/home | /blog/industrial-cities-saudi-arabia-comprehensive-guide | /blog/opening-bank-account-saudi-arabia-investors-guide-2026 | /blog/professional-staff-saudi-arabia-management-guide | /blog/qiwa-platform-sovereign-encyclopedia | /blog/rhq-formation-saudi-arabia-comprehensive-guide
node,358,en,article,Fasah Platform 2026 | Sovereign Logistics & Customs Guide - Motaded,node__body,body_value,12,/Integrated-Logistics-Special-Bonded-Zone | /Ministry-of-Commerce-in-Saudi-Arabia | /PRO-services-in-Saudi-Arabia | /Regional-Headquarters-in-Saudi-Arabia | /ZATCA | /calculating-setup-and-renewal-costs-saudi-arabia-encyclopedia | /company-registration-in-saudi-arabia | /company-registration-in-saudi-arabia-comprehensive-guide | /market-entry-strategy-in-KSA | /saudi-company-incorporation-comprehensive-guide | /starting-a-company-in-saudi-arabia | /starting-a-company-in-saudi-arabia-guide,/blog/Integrated-Logistics-Special-Bonded-Zone | /blog/Ministry-of-Commerce-in-Saudi-Arabia | /blog/PRO-services-in-Saudi-Arabia | /blog/Regional-Headquarters-in-Saudi-Arabia | /blog/ZATCA | /blog/calculating-setup-and-renewal-costs-saudi-arabia-encyclopedia | /blog/company-registration-in-saudi-arabia | /blog/company-registration-in-saudi-arabia-comprehensive-guide | /blog/market-entry-strategy-in-KSA | /blog/saudi-company-incorporation-comprehensive-guide | /blog/starting-a-company-in-saudi-arabia | /blog/starting-a-company-in-saudi-arabia-guide
node,359,en,article,Saudi Food and Drug Authority 2026 | Sovereign & Compliance Guide - Motaded,node__body,body_value,15,/Articles-of-Association | /Articles-of-Association-in-Saudi-Arabia | /Commercial-Service-Offices-in-Saudi-Arabia | /MISA-Investment-License | /Ministry-of-Commerce-in-Saudi-Arabia | /PRO-services-in-Saudi-Arabia | /Regional-Headquarters-in-Saudi-Arabia | /company-registration-in-saudi-arabia | /company-registration-in-saudi-arabia-comprehensive-guide | /freedom-of-ownership-in-saudi-arabia-investors-guide | /opening-bank-account-saudi-arabia-investors-guide-2026 | /saudi-arabia-rhq-incentives-requirements-guide | /saudi-company-incorporation-comprehensive-guide | /starting-a-company-in-saudi-arabia | /starting-a-company-in-saudi-arabia-guide,/services/Articles-of-Association | /blog/Articles-of-Association-in-Saudi-Arabia | /blog/Commercial-Service-Offices-in-Saudi-Arabia | /blog/MISA-Investment-License | /blog/Ministry-of-Commerce-in-Saudi-Arabia | /blog/PRO-services-in-Saudi-Arabia | /blog/Regional-Headquarters-in-Saudi-Arabia | /blog/company-registration-in-saudi-arabia | /blog/company-registration-in-saudi-arabia-comprehensive-guide | /blog/freedom-of-ownership-in-saudi-arabia-investors-guide | /blog/opening-bank-account-saudi-arabia-investors-guide-2026 | /blog/saudi-arabia-rhq-incentives-requirements-guide | /blog/saudi-company-incorporation-comprehensive-guide | /blog/starting-a-company-in-saudi-arabia | /blog/starting-a-company-in-saudi-arabia-guide
node,362,en,article,MIZA Platform 2026 | Sovereign Investor Empowerment Guide - Motaded,node__body,body_value,20,/Articles-of-Association | /Articles-of-Association-in-Saudi-Arabia | /Commercial-Service-Offices-in-Saudi-Arabia | /HR-Outsourcing-in-Saudi-Arabia | /MISA-Investment-License | /Ministry-of-Commerce-in-Saudi-Arabia | /PRO-and-Government-Relations-Services-in-Saudi-Arabia | /Regional-Headquarters-in-Saudi-Arabia | /Saudi-Corporate-Compliance-Services | /ZATCA | /about-Qiwa-Platform | /calculating-setup-and-renewal-costs-saudi-arabia-encyclopedia | /company-registration-in-saudi-arabia | /company-registration-in-saudi-arabia-comprehensive-guide | /establishing-a-company-in-saudi-arabia-comprehensive-guide | /ministry-of-foreign-affairs-saudi-business-encyclopedic-guide | /opening-bank-account-saudi-arabia-investors-guide-2026 | /saudi-company-incorporation-comprehensive-guide | /starting-a-company-in-saudi-arabia | /starting-a-company-in-saudi-arabia-guide,/services/Articles-of-Association | /blog/Articles-of-Association-in-Saudi-Arabia | /blog/Commercial-Service-Offices-in-Saudi-Arabia | /blog/HR-Outsourcing-in-Saudi-Arabia | /blog/MISA-Investment-License | /blog/Ministry-of-Commerce-in-Saudi-Arabia | /blog/PRO-and-Government-Relations-Services-in-Saudi-Arabia | /blog/Regional-Headquarters-in-Saudi-Arabia | /blog/Saudi-Corporate-Compliance-Services | /blog/ZATCA | /blog/about-Qiwa-Platform | /blog/calculating-setup-and-renewal-costs-saudi-arabia-encyclopedia | /blog/company-registration-in-saudi-arabia | /blog/company-registration-in-saudi-arabia-comprehensive-guide | /blog/establishing-a-company-in-saudi-arabia-comprehensive-guide | /blog/ministry-of-foreign-affairs-saudi-business-encyclopedic-guide | /blog/opening-bank-account-saudi-arabia-investors-guide-2026 | /blog/saudi-company-incorporation-comprehensive-guide | /blog/starting-a-company-in-saudi-arabia | /blog/starting-a-company-in-saudi-arabia-guide
node,365,en,article,Saudi Post SPL,node__body,body_value,2,/about-Mudad-Platform | /about-Saudi-Post-SPL,/blog/about-Mudad-Platform | /blog/about-Saudi-Post-SPL
node,366,en,article,"Etimad Platform 2026 | Guide for Login, Registration & Tenders - Motaded",node__body,body_value,30,/Guide-to-Company-Formation-in-Saudi-Arabia | /HR-Governance-in-Saudi-Arabia | /HR-System-KSA | /MISA-Investment-License | /Ministry-of-Commerce-in-Saudi-Arabia | /PRO-services-in-Saudi-Arabia | /Regional-Headquarters-in-Saudi-Arabia | /Subsidiary-Companies-in-Saudi-Arabia | /The-Comprehensive-Guide-to-Saudi-Business-Center | /Wage-Protection-System-in-saudi-arabia | /ZATCA | /about-Etimad-Platform | /about-Qiwa-Platform | /business-etiquette-comprehensive-guide-saudi-arabia | /business-setup | /business-setup-in-saudi-arabia | /business-setup-in-saudi-arabia-comprehensive-guide | /company-registration-in-saudi-arabia | /company-registration-in-saudi-arabia-comprehensive-guide | /foreign-investment-in-saudi-arabia-sovereign-growth-fdi-guide | /home | /invest-in-saudi-arabia-comprehensive-encyclopedic-guide | /legal-consultant-in-saudi-arabia-investor-support-2026 | /ministry-of-foreign-affairs-saudi-business-encyclopedic-guide | /misa-license-saudi-arabia-comprehensive-guide | /opening-bank-account-saudi-arabia-investors-guide-2026 | /professional-staff-saudi-arabia-management-guide | /saudi-arabia-rhq-incentives-requirements-guide | /starting-a-company-in-saudi-arabia | /starting-a-company-in-saudi-arabia-guide,/blog/Guide-to-Company-Formation-in-Saudi-Arabia | /blog/HR-Governance-in-Saudi-Arabia | /blog/HR-System-KSA | /blog/MISA-Investment-License | /blog/Ministry-of-Commerce-in-Saudi-Arabia | /blog/PRO-services-in-Saudi-Arabia | /blog/Regional-Headquarters-in-Saudi-Arabia | /blog/Subsidiary-Companies-in-Saudi-Arabia | /blog/The-Comprehensive-Guide-to-Saudi-Business-Center | /blog/Wage-Protection-System-in-saudi-arabia | /blog/ZATCA | /blog/about-Etimad-Platform | /blog/about-Qiwa-Platform | /blog/business-etiquette-comprehensive-guide-saudi-arabia | /services/business-setup | /blog/business-setup-in-saudi-arabia | /blog/business-setup-in-saudi-arabia-comprehensive-guide | /blog/company-registration-in-saudi-arabia | /blog/company-registration-in-saudi-arabia-comprehensive-guide | /blog/foreign-investment-in-saudi-arabia-sovereign-growth-fdi-guide | /services/home | /blog/invest-in-saudi-arabia-comprehensive-encyclopedic-guide | /blog/legal-consultant-in-saudi-arabia-investor-support-2026 | /blog/ministry-of-foreign-affairs-saudi-business-encyclopedic-guide | /blog/misa-license-saudi-arabia-comprehensive-guide | /blog/opening-bank-account-saudi-arabia-investors-guide-2026 | /blog/professional-staff-saudi-arabia-management-guide | /blog/saudi-arabia-rhq-incentives-requirements-guide | /blog/starting-a-company-in-saudi-arabia | /blog/starting-a-company-in-saudi-arabia-guide
node,368,en,article,Saber Platform 2026 | Guide for Conformity Certificates & Registration - Motaded,node__body,body_value,20,/Cloud-Computing-Special-Economic-Zone | /Guide-to-Company-Formation-in-Saudi-Arabia | /MISA-Investment-License | /Ministry-of-Commerce-in-Saudi-Arabia | /PRO-services-in-Saudi-Arabia | /Regional-Headquarters-in-Saudi-Arabia | /The-Comprehensive-Guide-to-Saudi-Business-Center | /ZATCA | /about-Saudi-Food-and-Drug-Authority | /business-setup | /business-setup-in-saudi-arabia | /business-setup-in-saudi-arabia-comprehensive-guide | /company-registration-in-saudi-arabia | /company-registration-in-saudi-arabia-comprehensive-guide | /issuing-general-manager-visa-via-qiwa-guide | /legal-consultant-in-saudi-arabia-investor-support-2026 | /open-business-in-saudi-arabia | /open-business-in-saudi-arabia-comprehensive-guide | /opening-bank-account-saudi-arabia-investors-guide-2026 | /tax-system-saudi-arabia-wht-vat-cit-guide,/blog/Cloud-Computing-Special-Economic-Zone | /blog/Guide-to-Company-Formation-in-Saudi-Arabia | /blog/MISA-Investment-License | /blog/Ministry-of-Commerce-in-Saudi-Arabia | /blog/PRO-services-in-Saudi-Arabia | /blog/Regional-Headquarters-in-Saudi-Arabia | /blog/The-Comprehensive-Guide-to-Saudi-Business-Center | /blog/ZATCA | /blog/about-Saudi-Food-and-Drug-Authority | /services/business-setup | /blog/business-setup-in-saudi-arabia | /blog/business-setup-in-saudi-arabia-comprehensive-guide | /blog/company-registration-in-saudi-arabia | /blog/company-registration-in-saudi-arabia-comprehensive-guide | /blog/issuing-general-manager-visa-via-qiwa-guide | /blog/legal-consultant-in-saudi-arabia-investor-support-2026 | /blog/open-business-in-saudi-arabia | /blog/open-business-in-saudi-arabia-comprehensive-guide | /blog/opening-bank-account-saudi-arabia-investors-guide-2026 | /blog/tax-system-saudi-arabia-wht-vat-cit-guide
node,403,en,entities,Joint-Stock Company (JSC),node__body,body_value,1,/business-setup,/services/business-setup
node,414,en,page,Chamber of Commerce Subscription and Renewal,node__body,body_value,1,/Chamber-of-Commerce,/services/Chamber-of-Commerce
node,499,en,article,Saudi Export-Import,node__body,body_value,2,/Saudi-Export-Import | /business-setup,/blog/Saudi-Export-Import | /services/business-setup
node,500,en,article,Best Practices HR and Payroll Management in Saudi Arabia,node__body,body_value,3,/gosi-certificate | /muqeem-portal-registration | /vat-registration-in-saudi-arabia,/blog/gosi-certificate | /blog/muqeem-portal-registration | /blog/vat-registration-in-saudi-arabia
node,501,en,article,Removing the Wage Protection Note,node__body,body_value,4,/Remove-the-Wage-Protection-Note | /about-Mudad-Platform | /about-Qiwa-Platform | /mudad-platform-activation-payroll-and-wage-protection-system-wps,/blog/Remove-the-Wage-Protection-Note | /blog/about-Mudad-Platform | /blog/about-Qiwa-Platform | /services/mudad-platform-activation-payroll-and-wage-protection-system-wps
node,503,en,article,misa license requirements and How to Obtain It Easily,node__body,body_value,3,/investor-license-in-saudi-arabia | /misa-business-licensing-in-saudi-arabia | /opening-a-company-in-saudi-arabia,/blog/investor-license-in-saudi-arabia | /blog/misa-business-licensing-in-saudi-arabia | /blog/opening-a-company-in-saudi-arabia
node,504,en,article,Business Startup in Saudi Arabia: Grow with Full Support,node__body,body_value,3,/Set-Up-Business-in-Saudi-Arabia | /how-to-set-up-a-business-in-saudi-arabia | /setting-up-a-company-in-Saudi-Arabia,/blog/Set-Up-Business-in-Saudi-Arabia | /blog/how-to-set-up-a-business-in-saudi-arabia | /blog/setting-up-a-company-in-Saudi-Arabia
node,505,en,article,Doing Business in Saudi Arabia is Your Next Big Opportunity,node__body,body_value,3,/doing-business-guide-ksa | /free-zones-license-in-saudi-arabia | /how-to-setup-a-foreign-branch-in-saudi,/blog/doing-business-guide-ksa | /blog/free-zones-license-in-saudi-arabia | /blog/how-to-setup-a-foreign-branch-in-saudi
node,506,en,article,Reduce Costs & Hassle: Expert Employee Outsourcing Saudi,node__body,body_value,3,/Register-Your-Company-in-Saudi-Arabia/ksa | /type-license | /why-invest-saudi-arabia-concise-guide-foreign-investors,/blog/Register-Your-Company-in-Saudi-Arabia/ksa | /blog/type-license | /blog/why-invest-saudi-arabia-concise-guide-foreign-investors
node,507,en,article,Inside The Real Process: Setting Up Business In Saudi Arabia,node__body,body_value,3,/company-set-up-in-saudi-arabia | /how-to-set-up-a-business-in-saudi-arabia | /starting-a-business-in-saudi-arabia,/blog/company-set-up-in-saudi-arabia | /blog/how-to-set-up-a-business-in-saudi-arabia | /blog/starting-a-business-in-saudi-arabia
node,508,en,article,Doing Business in Saudi Arabia Guide: Your Step-by-Step Path,node__body,body_value,3,/Saudi-Arabia-Business-Registration | /how-to-set-up-a-business-in-saudi-arabia | /starting-a-business-in-saudi-arabia,/blog/Saudi-Arabia-Business-Registration | /blog/how-to-set-up-a-business-in-saudi-arabia | /blog/starting-a-business-in-saudi-arabia
node,509,en,article,How Hr Tech Saudi Arabia Is Redefining Workforce Management,node__body,body_value,2,/how-to-register-a-company-in-saudi-arabia | /hr-and-payroll-management-in-Saudi,/blog/how-to-register-a-company-in-saudi-arabia | /blog/hr-and-payroll-management-in-Saudi
node,510,en,article,Notarized translation services in Saudi Arabia for startups!,node__body,body_value,2,/Saudi-Arabia-Business-Registration | /Setting-Up-A-Business-In-Saudi-Arabia,/blog/Saudi-Arabia-Business-Registration | /blog/Setting-Up-A-Business-In-Saudi-Arabia
node,511,en,article,"MISA Investor License: Requirements, Cost, and Benefits",node__body,body_value,3,/business-license-in-saudi-arabia | /misa-business-licensing-in-saudi-arabia | /misa-license-requirements,/blog/business-license-in-saudi-arabia | /blog/misa-business-licensing-in-saudi-arabia | /blog/misa-license-requirements
node,512,en,article,Company Setup Services Turn Saudi Rules Into Opportunities,node__body,body_value,3,/business-setup | /company-set-up-in-saudi-arabia | /why-invest-saudi-arabia-concise-guide-foreign-investors,/services/business-setup | /blog/company-set-up-in-saudi-arabia | /blog/why-invest-saudi-arabia-concise-guide-foreign-investors
node,513,en,article,Payroll Management KSA: Expert Services for Saudi Businesses,node__body,body_value,3,/Hr-Tech-Saudi-Arabia | /hr-and-payroll-management-in-Saudi | /saudi-arabia-company-incorporation,/blog/Hr-Tech-Saudi-Arabia | /blog/hr-and-payroll-management-in-Saudi | /blog/saudi-arabia-company-incorporation
node,514,en,article,MISA License in Saudi Arabia: Requirements and Process,node__body,body_value,3,/Life-in-Saudi-Arabia | /hr-services | /type-license,/blog/Life-in-Saudi-Arabia | /services/hr-services | /blog/type-license
node,515,en,article,How HR Outsourcing Companies in KSA Ensure Compliance,node__body,body_value,3,/10-Steps-to-Setting-Up-Your-Business-in-Saudi-Arabia | /Subsidiary-Companies-in-Saudi-Arabia | /types-of-companies-in-saudi-arabia,/blog/10-Steps-to-Setting-Up-Your-Business-in-Saudi-Arabia | /blog/Subsidiary-Companies-in-Saudi-Arabia | /blog/types-of-companies-in-saudi-arabia
node,516,en,article,Visa translation services Saudi Arabia for smooth approval,node__body,body_value,3,/Taxes-in-Saudi-Arabia | /hr-services | /investor-visa-in-saudi-arabia,/blog/Taxes-in-Saudi-Arabia | /services/hr-services | /blog/investor-visa-in-saudi-arabia
node,517,en,article,Doing business in ksa: what investors need to know first,node__body,body_value,2,/foreign-company-branch-in-saudi-arabia | /opening-a-company-in-saudi-arabia,/blog/foreign-company-branch-in-saudi-arabia | /blog/opening-a-company-in-saudi-arabia
node,518,en,article,"Commercial License Saudi Arabia: Requirements, Types & Costs",node__body,body_value,3,/commercial-license-in-saudi-arabia | /how-to-get-business-license-in-saudi-arabia | /saudi-arabia-commercial-license,/blog/commercial-license-in-saudi-arabia | /blog/how-to-get-business-license-in-saudi-arabia | /blog/saudi-arabia-commercial-license
node,519,en,article,Expand Your Business in Saudi Arabia: Grow Smart and Fast,node__body,body_value,4,/branch-setup-in-saudi-arabia | /business-setup | /business-setup-service-in-saudi-arabia | /saudi-arabia-commercial-register,/blog/branch-setup-in-saudi-arabia | /services/business-setup | /blog/business-setup-service-in-saudi-arabia | /blog/saudi-arabia-commercial-register
node,520,en,article,Your Smart Guide to Company Formation in Saudi Arabia,node__body,body_value,3,/Best-company-formation-in-saudi-arabia | /llc-company-formation-saudi | /saudi-arabia-company-formation,/blog/Best-company-formation-in-saudi-arabia | /blog/llc-company-formation-saudi | /blog/saudi-arabia-company-formation
node,521,en,article,Manpower Supply for Business,node__body,body_value,1,/manpower-supply-company-in-Saudi-Arabia,/blog/manpower-supply-company-in-Saudi-Arabia
node,522,en,article,"Fast, Accurate Business Document Translation Saudi Arabia",node__body,body_value,3,/Notarized-translation-services-in-Saudi-Arabia | /starting-a-company-in-saudi-arabia | /visa-translation-services-saudi-arabia,/blog/Notarized-translation-services-in-Saudi-Arabia | /blog/starting-a-company-in-saudi-arabia | /blog/visa-translation-services-saudi-arabia
node,525,en,article,Smart Strategies for Choosing HR Consultancy in Saudi Arabia,node__body,body_value,3,/Hr-Tech-Saudi-Arabia | /hr-and-payroll-management-in-Saudi | /hr-outsourcing-companies-in-ksa,/blog/Hr-Tech-Saudi-Arabia | /blog/hr-and-payroll-management-in-Saudi | /blog/hr-outsourcing-companies-in-ksa
node,527,en,article,HR Software Comparison Saudi Arabia – Top Systems,node__body,body_value,3,/HR-Consultancy-in-Saudi-Arabia | /hr-and-payroll-management-in-Saudi | /hr-outsourcing-companies-in-ksa,/blog/HR-Consultancy-in-Saudi-Arabia | /blog/hr-and-payroll-management-in-Saudi | /blog/hr-outsourcing-companies-in-ksa
node,529,ar,article,مزايا فرع لشركة أجنبية في المملكة العربية السعودية,node__body,body_value,1,/foreign-branch-setup-in-saudi,/blog/foreign-branch-setup-in-saudi
node,529,en,article,Benefits of a Branch of Foreign Company in Saudi Arabia,node__body,body_value,2,/Ministry-of-Investment-in-Saudi-Arabia | /set-up-a-branch-office-in-saudi-arabia-sovereign-guide,/blog/Ministry-of-Investment-in-Saudi-Arabia | /blog/set-up-a-branch-office-in-saudi-arabia-sovereign-guide
node,532,en,news,"Motaded Ltd. Strengthens Investment Standing by Officially Joining the ""Miza"" Platform Under the Ministry of Investment",node__body,body_value,1,/about-MIZA,/blog/about-MIZA
node,534,ar,article,دليل المستثمر الشامل حول منطقة الرياض المتكاملة اللوجستية الخاصة,node__body,body_value,1,/Riyadh-Integrated-Special-Logistics-Zone-RISLZ,/blog/Riyadh-Integrated-Special-Logistics-Zone-RISLZ
node,534,en,article,Riyadh Integrated Special Logistics Zone,node__body,body_value,1,/Riyadh-Integrated-Special-Logistics-Zone-RISLZ,/blog/Riyadh-Integrated-Special-Logistics-Zone-RISLZ
node,534,zh-hans,article,利雅得综合特殊物流区,node__body,body_value,1,/Riyadh-Integrated-Special-Logistics-Zone-RISLZ,/blog/Riyadh-Integrated-Special-Logistics-Zone-RISLZ
node,536,en,article,"Ministry of Investment (MISA): Vision, Sectors, Services",node__body,body_value,3,/HR-Consultancy-in-Saudi-Arabia | /Investment-Licenses | /Ministry-of-Investment-in-Saudi-Arabia,/blog/HR-Consultancy-in-Saudi-Arabia | /blog/Investment-Licenses | /blog/Ministry-of-Investment-in-Saudi-Arabia
node,537,en,article,How to Apply for Saudi Residency,node__body,body_value,6,/Business-Operations-in-Saudi-Arabia | /How-to-Apply-for-Saudi-Residency | /Incorporating-a-Company-in-Saudi-Arabia | /Quality-of-Life-in-Saudi-Arabia | /Setting-Up-A-Business-In-Saudi-Arabia | /industrial-license-saudi-arabia,/blog/Business-Operations-in-Saudi-Arabia | /blog/How-to-Apply-for-Saudi-Residency | /blog/Incorporating-a-Company-in-Saudi-Arabia | /blog/Quality-of-Life-in-Saudi-Arabia | /blog/Setting-Up-A-Business-In-Saudi-Arabia | /blog/industrial-license-saudi-arabia
node,538,en,article,Public Investment Fund,node__body,body_value,1,/Public-Investment-Fund-Meaning-Strategy-and-Global-Impact,/blog/Public-Investment-Fund-Meaning-Strategy-and-Global-Impact
node,539,en,article,"The Comprehensive Guide to Saudi Business Center (SBC) 2026: A Strategic Roadmap for Company Formation by ""Motaded  Limited""",node__body,body_value,5,/Company-Formation-in-Saudi | /Company-Formation-in-Saudi-Arabia-Guide | /Ministry-of-Investment-in-Saudi-Arabia | /Saudi-Business-Center | /open-a-company-in-Saudi-Arabia,/blog/Company-Formation-in-Saudi | /blog/Company-Formation-in-Saudi-Arabia-Guide | /blog/Ministry-of-Investment-in-Saudi-Arabia | /blog/Saudi-Business-Center | /blog/open-a-company-in-Saudi-Arabia
node,540,en,article,Guide to Renewing the MISA Investment License,node__body,body_value,9,/Chamber-of-Commerce | /Ministry-of-Investment-in-Saudi-Arabia | /Ministry-of-Labor-in-Saudi-Arabia | /Saudi-Business-Center | /Saudization-And-Nitaqat-System | /Taxes-in-Saudi-Arabia | /about-Qiwa-Platform | /about-Saudi-Post-SPL | /rhq-license-mena-license,/services/Chamber-of-Commerce | /blog/Ministry-of-Investment-in-Saudi-Arabia | /blog/Ministry-of-Labor-in-Saudi-Arabia | /blog/Saudi-Business-Center | /blog/Saudization-And-Nitaqat-System | /blog/Taxes-in-Saudi-Arabia | /blog/about-Qiwa-Platform | /blog/about-Saudi-Post-SPL | /services/rhq-license-mena-license
node,541,en,article,Amending the MISA Investment License,node__body,body_value,8,/Articles-of-Association | /General-Organization-for-Social-Insurance | /MISA-Investment-License | /MISA-Investment-License-Renewal | /Ministry-of-Investment-in-Saudi-Arabia | /Ministry-of-Labor-in-Saudi-Arabia | /Saudi-Business-Center | /about-Qiwa-Platform,/services/Articles-of-Association | /blog/General-Organization-for-Social-Insurance | /blog/MISA-Investment-License | /blog/MISA-Investment-License-Renewal | /blog/Ministry-of-Investment-in-Saudi-Arabia | /blog/Ministry-of-Labor-in-Saudi-Arabia | /blog/Saudi-Business-Center | /blog/about-Qiwa-Platform
node,543,en,article,Incorporating a Company in Saudi Arabia 2026: The Definitive Strategic Guide for Global Investors,node__body,body_value,2,/The-Comprehensive-Guide-to-Saudi-Business-Center | /business-in-saudi-arabia-for-foreigners,/blog/The-Comprehensive-Guide-to-Saudi-Business-Center | /blog/business-in-saudi-arabia-for-foreigners
node,544,en,article,Business Operations in Saudi Arabia,node__body,body_value,1,/Business-Operations-in-Saudi-Arabia,/blog/Business-Operations-in-Saudi-Arabia
node,545,en,article,Advanced Business Operations in Saudi Arabia 2026: Motaded’s Guide to Excellence and Growth,node__body,body_value,5,/Business-Operations-in-Saudi-Arabia | /MISA-Investment-License | /MISA-Investment-License-Renewal | /about-Mudad-Platform | /about-Qiwa-Platform,/blog/Business-Operations-in-Saudi-Arabia | /blog/MISA-Investment-License | /blog/MISA-Investment-License-Renewal | /blog/about-Mudad-Platform | /blog/about-Qiwa-Platform
node,546,en,article,Strategic Guide to PRO & Government Relations Services in Saudi Arabia 2026: How Motaded Ensures Total Corporate Compliance,node__body,body_value,8,/Guide-to-Amending-the-MISA-Investment-License | /MISA-Investment-License | /MISA-Investment-License-Renewal | /PRO-and-Government-Relations-Services-in-Saudi-Arabia | /The-Comprehensive-Guide-to-Saudi-Business-Center | /about-Qiwa-Platform | /cr | /muqeem-portal-registration,/blog/Guide-to-Amending-the-MISA-Investment-License | /blog/MISA-Investment-License | /blog/MISA-Investment-License-Renewal | /blog/PRO-and-Government-Relations-Services-in-Saudi-Arabia | /blog/The-Comprehensive-Guide-to-Saudi-Business-Center | /blog/about-Qiwa-Platform | /blog/cr | /blog/muqeem-portal-registration
node,547,en,article,The Integrated Strategy for Government Relations (PRO services in Saudi Arabia) and Operational Compliance for Companies in Saudi Arabia 2026: The Motaded Investor’s Guide,node__body,body_value,12,/Guide-to-Amending-the-MISA-Investment-License | /MISA-Investment-License | /MISA-Investment-License-Renewal | /Ministry-of-Labor-in-Saudi-Arabia | /PRO-and-Government-Relations-Services-in-Saudi-Arabia | /Saudization-And-Nitaqat-System | /The-Comprehensive-Guide-to-Saudi-Business-Center | /about-Mudad-Platform | /about-Qiwa-Platform | /misa-license-in-saudi-arabia | /saudi-arabia-commercial-register | /the-Saudi-National-Address,/blog/Guide-to-Amending-the-MISA-Investment-License | /blog/MISA-Investment-License | /blog/MISA-Investment-License-Renewal | /blog/Ministry-of-Labor-in-Saudi-Arabia | /blog/PRO-and-Government-Relations-Services-in-Saudi-Arabia | /blog/Saudization-And-Nitaqat-System | /blog/The-Comprehensive-Guide-to-Saudi-Business-Center | /blog/about-Mudad-Platform | /blog/about-Qiwa-Platform | /blog/misa-license-in-saudi-arabia | /blog/saudi-arabia-commercial-register | /blog/the-Saudi-National-Address
node,549,en,article,Procedural Intelligence in Government Relations Services (GRS) 2026: The Motaded Guide to Dominating the Saudi Market,node__body,body_value,2,/Government-Relations-Services | /PRO-services-in-Saudi-Arabia,/blog/Government-Relations-Services | /blog/PRO-services-in-Saudi-Arabia
node,550,en,article,Strategic Guide to Saudi Corporate Compliance Services 2026,node__body,body_value,1,/Saudi-Corporate-Compliance-Services,/blog/Saudi-Corporate-Compliance-Services
node,552,en,article,Motaded’s Guide to Outsourced HR and Operational Support for Cost Reduction in Saudi Arabia 2026,node__body,body_value,7,/Enhancing-Employee-Experience-Through-HR-Services | /General-Organization-for-Social-Insurance | /Government-Relations-Services | /Outsourced-HR-and-Operational-Support | /about-Mudad-Platform | /about-Qiwa-Platform | /about-Saudi-Post-SPL,/blog/Enhancing-Employee-Experience-Through-HR-Services | /blog/General-Organization-for-Social-Insurance | /blog/Government-Relations-Services | /blog/Outsourced-HR-and-Operational-Support | /blog/about-Mudad-Platform | /blog/about-Qiwa-Platform | /blog/about-Saudi-Post-SPL
node,553,en,article,Motaded Guide to Re-Engineering HR Governance in Saudi Arabia 2026,node__body,body_value,5,/HR-Governance-in-Saudi-Arabia | /Outsourced-HR-and-Operational-Support | /about-Mudad-Platform | /about-Qiwa-Platform | /misa-business-licensing-in-saudi-arabia,/blog/HR-Governance-in-Saudi-Arabia | /blog/Outsourced-HR-and-Operational-Support | /blog/about-Mudad-Platform | /blog/about-Qiwa-Platform | /blog/misa-business-licensing-in-saudi-arabia
node,554,en,article,Iqama Issuance and Renewal Services in Saudi Arabia,node__body,body_value,1,/Iqama-Issuance-and-Renewal-Services-in-Saudi-Arabia,/blog/Iqama-Issuance-and-Renewal-Services-in-Saudi-Arabia
node,555,en,article,Wage Protection System in Saudi Arabia,node__body,body_value,1,/Wage-Protection-System-in-saudi-arabia,/blog/Wage-Protection-System-in-saudi-arabia
node,556,en,article,Commercial Registration Renewal in Saudi Arabia 2026,node__body,body_value,4,/Commercial-Registration-Renewal | /ZATCA | /about-Qiwa-Platform | /chamber-of-commerce-certificate-saudi-arabia,/blog/Commercial-Registration-Renewal | /blog/ZATCA | /blog/about-Qiwa-Platform | /blog/chamber-of-commerce-certificate-saudi-arabia
node,557,en,article,Company Formation in Saudi Arabia,node__body,body_value,3,/Branch-of-a-Foreign-Company-in-Saudi-Arabia | /Commercial-Registration-Renewal | /company-formation-in-saudi-arabia,/blog/Branch-of-a-Foreign-Company-in-Saudi-Arabia | /blog/Commercial-Registration-Renewal | /services/company-formation-in-saudi-arabia
node,558,en,article,Regional Headquarters in Saudi Arabia RHQ,node__body,body_value,1,/Regional-Headquarters-in-Saudi-Arabia,/blog/Regional-Headquarters-in-Saudi-Arabia
node,559,en,article,Guide to Managing Company Articles of Association in Saudi Arabia 2026,node__body,body_value,2,/Articles-of-Association | /Articles-of-Association-in-Saudi-Arabia,/services/Articles-of-Association | /blog/Articles-of-Association-in-Saudi-Arabia
node,560,en,article,HR Companies in Riyadh: Streamline Recruitment & Compliance,node__body,body_value,1,/saudi-company-setup,/blog/saudi-company-setup
node,561,en,article,Cost of starting a business in Saudi Arabia 2026,node__body,body_value,6,/Articles-of-Association | /Articles-of-Association-in-Saudi-Arabia | /Cost-of-starting-a-business-in-Saudi-Arabia-2026 | /Guide-to-Company-Formation-in-Saudi-Arabia | /Ministry-of-Investment-in-Saudi-Arabia | /The-Comprehensive-Guide-to-Saudi-Business-Center,/services/Articles-of-Association | /blog/Articles-of-Association-in-Saudi-Arabia | /blog/Cost-of-starting-a-business-in-Saudi-Arabia-2026 | /blog/Guide-to-Company-Formation-in-Saudi-Arabia | /blog/Ministry-of-Investment-in-Saudi-Arabia | /blog/The-Comprehensive-Guide-to-Saudi-Business-Center
node,563,en,article,HR Outsourcing in Saudi Arabia,node__body,body_value,6,/HR-Outsourcing-in-Saudi-Arabia | /Iqama-Issuance-and-Renewal-Services-in-Saudi-Arabia | /about-General-Organization-for-Social-Insurance-in-Saudi-Arabia | /about-Mudad-Platform | /about-Qiwa-Platform | /muqeem-portal-registration,/blog/HR-Outsourcing-in-Saudi-Arabia | /blog/Iqama-Issuance-and-Renewal-Services-in-Saudi-Arabia | /blog/about-General-Organization-for-Social-Insurance-in-Saudi-Arabia | /blog/about-Mudad-Platform | /blog/about-Qiwa-Platform | /blog/muqeem-portal-registration
node,564,en,article,Commercial Service Offices in Saudi Arabia,node__body,body_value,11,/Articles-of-Association | /Articles-of-Association-in-Saudi-Arabia | /Commercial-Service-Offices-in-Saudi-Arabia | /Ministry-of-Commerce-in-Saudi-Arabia | /Ministry-of-Investment-in-Saudi-Arabia | /PRO-Services-in-Saudi-Arabia-for-Foreign-Companies | /Regional-Headquarters-in-Saudi-Arabia | /Wage-Protection-System-in-saudi-arabia | /ZATCA | /chamber-of-commerce-certificate-saudi-arabia | /hr-companies-in-riyadh,/services/Articles-of-Association | /blog/Articles-of-Association-in-Saudi-Arabia | /blog/Commercial-Service-Offices-in-Saudi-Arabia | /blog/Ministry-of-Commerce-in-Saudi-Arabia | /blog/Ministry-of-Investment-in-Saudi-Arabia | /blog/PRO-Services-in-Saudi-Arabia-for-Foreign-Companies | /blog/Regional-Headquarters-in-Saudi-Arabia | /blog/Wage-Protection-System-in-saudi-arabia | /blog/ZATCA | /blog/chamber-of-commerce-certificate-saudi-arabia | /blog/hr-companies-in-riyadh
node,565,en,article,Ministry of Commerce in Saudi Arabia,node__body,body_value,9,/Articles-of-Association | /Articles-of-Association-in-Saudi-Arabia | /Commercial-License-Saudi-Arabia | /Incorporating-a-Company-in-Saudi-Arabia | /Ministry-of-Commerce-in-Saudi-Arabia | /The-Comprehensive-Guide-to-Saudi-Business-Center | /Unlocking-Investment-Opportunities-in-Various-Commercial-Activities-in-Saudi-Arabia | /ZATCA | /cr,/services/Articles-of-Association | /blog/Articles-of-Association-in-Saudi-Arabia | /blog/Commercial-License-Saudi-Arabia | /blog/Incorporating-a-Company-in-Saudi-Arabia | /blog/Ministry-of-Commerce-in-Saudi-Arabia | /blog/The-Comprehensive-Guide-to-Saudi-Business-Center | /blog/Unlocking-Investment-Opportunities-in-Various-Commercial-Activities-in-Saudi-Arabia | /blog/ZATCA | /blog/cr
node,566,en,news,Saudi Ministry of HR Increases Saudization in Engineering and Procurement for 2026: A Compliance Guide by Motaded Ltd,node__body,body_value,1,/saudization,/blog/saudization
node,567,en,news,Mandatory Electronic Transfer of Domestic Workers' Salaries in Saudi Arabia,node__body,body_value,1,/open-a-company-in-Saudi-Arabia,/blog/open-a-company-in-Saudi-Arabia
node,568,en,article,Steps for Business Setup in KSA,node__body,body_value,7,/Articles-of-Association | /Articles-of-Association-in-Saudi-Arabia | /Ministry-of-Investment-in-Saudi-Arabia | /Steps-for-Business-Setup-in-KSA | /business-setup | /business-setup-in-ksa | /cr,/services/Articles-of-Association | /blog/Articles-of-Association-in-Saudi-Arabia | /blog/Ministry-of-Investment-in-Saudi-Arabia | /blog/Steps-for-Business-Setup-in-KSA | /services/business-setup | /blog/business-setup-in-ksa | /blog/cr
node,569,en,article,The Investment Registration Certificate IRC,node__body,body_value,12,/Branch-of-a-Foreign-Company-in-Saudi-Arabia | /Cloud-Computing-Special-Economic-Zone | /Commercial-License-Saudi-Arabia | /Commercial-Registration-Renewal | /Guide-to-Company-Formation-in-Saudi-Arabia | /Investment-Registration-Certificate | /Regional-Headquarters-in-Saudi-Arabia | /Saudi-Vision-2030-Projects-and-Investor-Opportunities | /ZATCA | /entrepreneur-license-saudi-arabia | /foreign-business-ownership-in-saudi-arabia | /how-to-setup-a-foreign-branch-in-saudi,/blog/Branch-of-a-Foreign-Company-in-Saudi-Arabia | /blog/Cloud-Computing-Special-Economic-Zone | /blog/Commercial-License-Saudi-Arabia | /blog/Commercial-Registration-Renewal | /blog/Guide-to-Company-Formation-in-Saudi-Arabia | /blog/Investment-Registration-Certificate | /blog/Regional-Headquarters-in-Saudi-Arabia | /blog/Saudi-Vision-2030-Projects-and-Investor-Opportunities | /blog/ZATCA | /blog/entrepreneur-license-saudi-arabia | /blog/foreign-business-ownership-in-saudi-arabia | /blog/how-to-setup-a-foreign-branch-in-saudi
node,570,en,article,The Cloud Computing Special Economic Zone and Saudi Arabia’s SEZ Network,node__body,body_value,2,/Cloud-Computing-Special-Economic-Zone | /Investment-Registration-Certificate,/blog/Cloud-Computing-Special-Economic-Zone | /blog/Investment-Registration-Certificate
node,571,en,article,Integrated Logistics Special Bonded Zone,node__body,body_value,2,/Integrated-Logistics-Special-Bonded-Zone | /ZATCA,/blog/Integrated-Logistics-Special-Bonded-Zone | /blog/ZATCA
node,572,en,article,Market Entry Strategy in KSA,node__body,body_value,11,/Cloud-Computing-Special-Economic-Zone | /Cost-of-starting-a-business-in-Saudi-Arabia-2026 | /Integrated-Logistics-Special-Bonded-Zone | /Regional-Headquarters-in-Saudi-Arabia | /Setting-Up-A-Business-In-Saudi-Arabia | /business-setup | /business-setup-process-in-saudi-arabia | /can-expats-start-business-in-saudi-arabia | /doing-business-guide-ksa | /market-entry-strategy-in-KSA | /saudi-arabia-company-formation,/blog/Cloud-Computing-Special-Economic-Zone | /blog/Cost-of-starting-a-business-in-Saudi-Arabia-2026 | /blog/Integrated-Logistics-Special-Bonded-Zone | /blog/Regional-Headquarters-in-Saudi-Arabia | /blog/Setting-Up-A-Business-In-Saudi-Arabia | /services/business-setup | /blog/business-setup-process-in-saudi-arabia | /blog/can-expats-start-business-in-saudi-arabia | /blog/doing-business-guide-ksa | /blog/market-entry-strategy-in-KSA | /blog/saudi-arabia-company-formation
node,573,en,article,Investment License in Saudi Arabia 2026 | The Ultimate Guide by Motaded,node__body,body_value,14,/Articles-of-Association | /Articles-of-Association-in-Saudi-Arabia | /Guide-to-Company-Formation-in-Saudi-Arabia | /Ministry-of-Investment-in-Saudi-Arabia | /Regional-Headquarters-in-Saudi-Arabia | /business-in-saudi-arabia-for-foreigners | /company-formation-in-ksa | /consulting-license-saudi-arabia-legal-management-consultant-guide | /cr | /invest-in-saudi-arabia-company-formation | /investment-license-in-saudi-arabia | /legal-consultant-in-saudi-arabia-investor-support-2026 | /market-entry-strategy-in-KSA | /opening-bank-account-saudi-arabia-investors-guide-2026,/services/Articles-of-Association | /blog/Articles-of-Association-in-Saudi-Arabia | /blog/Guide-to-Company-Formation-in-Saudi-Arabia | /blog/Ministry-of-Investment-in-Saudi-Arabia | /blog/Regional-Headquarters-in-Saudi-Arabia | /blog/business-in-saudi-arabia-for-foreigners | /blog/company-formation-in-ksa | /blog/consulting-license-saudi-arabia-legal-management-consultant-guide | /blog/cr | /blog/invest-in-saudi-arabia-company-formation | /services/investment-license-in-saudi-arabia | /blog/legal-consultant-in-saudi-arabia-investor-support-2026 | /blog/market-entry-strategy-in-KSA | /blog/opening-bank-account-saudi-arabia-investors-guide-2026
node,574,en,article,Consulting License in Saudi Arabia 2026 | Motaded: Legal & Management Consultant,node__body,body_value,10,/Guide-to-Company-Formation-in-Saudi-Arabia | /about-Mudad-Platform | /about-Qiwa-Platform | /business-in-saudi-arabia-for-foreigners | /company-red-or-green | /consulting-license-saudi-arabia-legal-management-consultant-guide | /legal-consultant-in-saudi-arabia-investor-support-2026 | /market-entry-strategy-in-KSA | /opening-bank-account-saudi-arabia-investors-guide-2026 | /saudization,/blog/Guide-to-Company-Formation-in-Saudi-Arabia | /blog/about-Mudad-Platform | /blog/about-Qiwa-Platform | /blog/business-in-saudi-arabia-for-foreigners | /blog/company-red-or-green | /blog/consulting-license-saudi-arabia-legal-management-consultant-guide | /blog/legal-consultant-in-saudi-arabia-investor-support-2026 | /blog/market-entry-strategy-in-KSA | /blog/opening-bank-account-saudi-arabia-investors-guide-2026 | /blog/saudization
node,575,en,article,Opening a Bank Account in Saudi Arabia for Investors 2026 | Motaded in Saudi Arabia,node__body,body_value,5,/MISA-Investor-License | /doing-business-guide-ksa | /legal-consultant-in-saudi-arabia-investor-support-2026 | /opening-bank-account-saudi-arabia-investors-guide-2026 | /saudi-arabia-company-formation,/blog/MISA-Investor-License | /blog/doing-business-guide-ksa | /blog/legal-consultant-in-saudi-arabia-investor-support-2026 | /blog/opening-bank-account-saudi-arabia-investors-guide-2026 | /blog/saudi-arabia-company-formation
node,576,en,article,MISA Investment License: Smart Start for Business in Saudi,node__body,body_value,3,/Ministry-of-Investment-in-Saudi-Arabia | /misa-license-in-saudi-arabia | /misa-license-requirements,/blog/Ministry-of-Investment-in-Saudi-Arabia | /blog/misa-license-in-saudi-arabia | /blog/misa-license-requirements
node,577,en,article,Legal Consultant in Saudi Arabia 2026 | Motaded Services for Investors in Saudi Arabia,node__body,body_value,9,/Articles-of-Association | /Articles-of-Association-in-Saudi-Arabia | /Benefits-of-a-Branch-of-Foreign-Company-in-Saudi-Arabia | /Company-Formation-Saudi-Arabia | /business-in-saudi-arabia-for-foreigners | /foreign-direct-investment-ksa-regulations-comprehensive-guide-2026 | /invest-in-saudi-arabia-company-formation | /legal-consultant-in-saudi-arabia-investor-support-2026 | /opening-bank-account-saudi-arabia-investors-guide-2026,/services/Articles-of-Association | /blog/Articles-of-Association-in-Saudi-Arabia | /blog/Benefits-of-a-Branch-of-Foreign-Company-in-Saudi-Arabia | /blog/Company-Formation-Saudi-Arabia | /blog/business-in-saudi-arabia-for-foreigners | /blog/foreign-direct-investment-ksa-regulations-comprehensive-guide-2026 | /blog/invest-in-saudi-arabia-company-formation | /blog/legal-consultant-in-saudi-arabia-investor-support-2026 | /blog/opening-bank-account-saudi-arabia-investors-guide-2026
node,578,en,article,Foreign Direct Investment KSA Regulations 2026 | Motaded in Saudi Arabia,node__body,body_value,8,/Guide-to-Company-Formation-in-Saudi-Arabia | /Ministry-of-Investment-in-Saudi-Arabia | /cash-flows-in-saudi-arabia-financial-guide | /consulting-license-saudi-arabia-legal-management-consultant-guide | /foreign-direct-investment-ksa-regulations-comprehensive-guide-2026 | /freedom-of-ownership-in-saudi-arabia-investors-guide | /legal-consultant-in-saudi-arabia-investor-support-2026 | /setting-up-company-in-saudi-arabia,/blog/Guide-to-Company-Formation-in-Saudi-Arabia | /blog/Ministry-of-Investment-in-Saudi-Arabia | /blog/cash-flows-in-saudi-arabia-financial-guide | /blog/consulting-license-saudi-arabia-legal-management-consultant-guide | /blog/foreign-direct-investment-ksa-regulations-comprehensive-guide-2026 | /blog/freedom-of-ownership-in-saudi-arabia-investors-guide | /blog/legal-consultant-in-saudi-arabia-investor-support-2026 | /blog/setting-up-company-in-saudi-arabia
node,579,en,article,Freedom of Ownership in Saudi Arabia 2026 | 100% Foreign Ownership with Motaded,node__body,body_value,4,/consulting-license-saudi-arabia-legal-management-consultant-guide | /freedom-of-ownership-in-saudi-arabia-investors-guide | /investment-systems-in-saudi-arabia-guide | /legal-consultant-in-saudi-arabia-investor-support-2026,/blog/consulting-license-saudi-arabia-legal-management-consultant-guide | /blog/freedom-of-ownership-in-saudi-arabia-investors-guide | /blog/investment-systems-in-saudi-arabia-guide | /blog/legal-consultant-in-saudi-arabia-investor-support-2026
node,580,en,article,Cash Flows in Saudi Arabia 2026 | Liquidity Management with Motaded in Saudi Arabia,node__body,body_value,1,/cash-flows-in-saudi-arabia-financial-guide,/blog/cash-flows-in-saudi-arabia-financial-guide
node,581,en,article,Investment Systems in Saudi Arabia 2026 | Motaded Guide in Saudi Arabia,node__body,body_value,5,/Direct-Foreign-investments-in-Saudi-Arabia | /Ministry-of-Investment-in-Saudi-Arabia | /Subsidiary-Companies-in-Saudi-Arabia | /investment-systems-in-saudi-arabia-guide | /legal-consultant-in-saudi-arabia-investor-support-2026,/blog/Direct-Foreign-investments-in-Saudi-Arabia | /blog/Ministry-of-Investment-in-Saudi-Arabia | /blog/Subsidiary-Companies-in-Saudi-Arabia | /blog/investment-systems-in-saudi-arabia-guide | /blog/legal-consultant-in-saudi-arabia-investor-support-2026
node,582,en,article,RHQ Program Requirements KSA 2026 | Saudi Arabia RHQ incentives | Motaded,node__body,body_value,5,/Guide-to-Company-Formation-in-Saudi-Arabia | /Regional-Headquarters-in-Saudi-Arabia | /market-entry-strategy-in-KSA | /opening-bank-account-saudi-arabia-investors-guide-2026 | /saudi-arabia-rhq-incentives-requirements-guide,/blog/Guide-to-Company-Formation-in-Saudi-Arabia | /blog/Regional-Headquarters-in-Saudi-Arabia | /blog/market-entry-strategy-in-KSA | /blog/opening-bank-account-saudi-arabia-investors-guide-2026 | /blog/saudi-arabia-rhq-incentives-requirements-guide
node,583,en,article,Real Estate Developer License in Saudi Arabia 2026 | Motaded Saudi Arabia,node__body,body_value,14,/about-Qiwa-Platform | /balady-platform-saudi-arabia-guide | /comprehensive-development-rights-saudi-arabia-guide | /consulting-license-saudi-arabia-legal-management-consultant-guide | /facilitating-sovereign-financial-procedures-saudi-arabia-guide | /foreign-direct-investment-ksa-regulations-comprehensive-guide-2026 | /insurance-brokerage-license-saudi-arabia-guide | /legal-consultant-in-saudi-arabia-investor-support-2026 | /market-entry-strategy-in-KSA | /opening-bank-account-saudi-arabia-investors-guide-2026 | /professional-staff-saudi-arabia-management-guide | /real-estate-developer-license-saudi-arabia-guide | /saudi-arabia-rhq-incentives-requirements-guide | /why-invest-saudi-arabia-concise-guide-foreign-investors,/blog/about-Qiwa-Platform | /blog/balady-platform-saudi-arabia-guide | /blog/comprehensive-development-rights-saudi-arabia-guide | /blog/consulting-license-saudi-arabia-legal-management-consultant-guide | /blog/facilitating-sovereign-financial-procedures-saudi-arabia-guide | /blog/foreign-direct-investment-ksa-regulations-comprehensive-guide-2026 | /blog/insurance-brokerage-license-saudi-arabia-guide | /blog/legal-consultant-in-saudi-arabia-investor-support-2026 | /blog/market-entry-strategy-in-KSA | /blog/opening-bank-account-saudi-arabia-investors-guide-2026 | /blog/professional-staff-saudi-arabia-management-guide | /blog/real-estate-developer-license-saudi-arabia-guide | /blog/saudi-arabia-rhq-incentives-requirements-guide | /blog/why-invest-saudi-arabia-concise-guide-foreign-investors
node,584,en,article,Insurance Brokerage License in Saudi Arabia 2026 | Motaded Saudi Arabia,node__body,body_value,5,/Guide-to-Company-Formation-in-Saudi-Arabia | /foreign-direct-investment-ksa-regulations-comprehensive-guide-2026 | /insurance-brokerage-license-saudi-arabia-guide | /market-entry-strategy-in-KSA | /why-invest-saudi-arabia-concise-guide-foreign-investors,/blog/Guide-to-Company-Formation-in-Saudi-Arabia | /blog/foreign-direct-investment-ksa-regulations-comprehensive-guide-2026 | /blog/insurance-brokerage-license-saudi-arabia-guide | /blog/market-entry-strategy-in-KSA | /blog/why-invest-saudi-arabia-concise-guide-foreign-investors
node,585,en,article,Comprehensive Development Rights in Saudi Arabia 2026 | Motaded Saudi Arabia,node__body,body_value,2,/real-estate-developer-license-saudi-arabia-guide | /start-up-company-in-saudi-arabia,/blog/real-estate-developer-license-saudi-arabia-guide | /blog/start-up-company-in-saudi-arabia
node,586,en,article,Professional Staff in Saudi Arabia 2026 | Motaded Saudi Arabia,node__body,body_value,6,/PRO-Services-in-Saudi-Arabia-for-Foreign-Companies | /Saudization-And-Nitaqat-System | /legal-consultant-in-saudi-arabia-investor-support-2026 | /professional-staff-saudi-arabia-management-guide | /saudization | /why-invest-saudi-arabia-concise-guide-foreign-investors,/blog/PRO-Services-in-Saudi-Arabia-for-Foreign-Companies | /blog/Saudization-And-Nitaqat-System | /blog/legal-consultant-in-saudi-arabia-investor-support-2026 | /blog/professional-staff-saudi-arabia-management-guide | /blog/saudization | /blog/why-invest-saudi-arabia-concise-guide-foreign-investors
node,587,en,article,Balady Platform in Saudi Arabia 2026 | Motaded Licensing Guide Saudi Arabia,node__body,body_value,4,/Unlocking-Investment-Opportunities-in-Various-Commercial-Activities-in-Saudi-Arabia | /balady-platform-saudi-arabia-guide | /market-entry-strategy-in-KSA | /professional-licenses-saudi-arabia-guide,/blog/Unlocking-Investment-Opportunities-in-Various-Commercial-Activities-in-Saudi-Arabia | /blog/balady-platform-saudi-arabia-guide | /blog/market-entry-strategy-in-KSA | /blog/professional-licenses-saudi-arabia-guide
node,588,en,article,Professional Licenses in Saudi Arabia 2026 | Motaded Saudi Arabia,node__body,body_value,10,/Regional-Headquarters-in-Saudi-Arabia | /consulting-license-saudi-arabia-legal-management-consultant-guide | /doing-business-guide-ksa | /foreign-direct-investment-ksa-regulations-comprehensive-guide-2026 | /freedom-of-ownership-in-saudi-arabia-investors-guide | /legal-consultant-in-saudi-arabia-investor-support-2026 | /market-entry-strategy-in-KSA | /professional-licenses-saudi-arabia-guide | /saudi-arabia-company-incorporation | /saudi-arabia-rhq-incentives-requirements-guide,/blog/Regional-Headquarters-in-Saudi-Arabia | /blog/consulting-license-saudi-arabia-legal-management-consultant-guide | /blog/doing-business-guide-ksa | /blog/foreign-direct-investment-ksa-regulations-comprehensive-guide-2026 | /blog/freedom-of-ownership-in-saudi-arabia-investors-guide | /blog/legal-consultant-in-saudi-arabia-investor-support-2026 | /blog/market-entry-strategy-in-KSA | /blog/professional-licenses-saudi-arabia-guide | /blog/saudi-arabia-company-incorporation | /blog/saudi-arabia-rhq-incentives-requirements-guide
node,589,en,article,Facilitating Sovereign Financial Procedures in Saudi Arabia | Motaded,node__body,body_value,10,/ZATCA | /about-Etimad-Platform | /cash-flows-in-saudi-arabia-financial-guide | /facilitating-sovereign-financial-procedures-saudi-arabia-guide | /foreign-direct-investment-ksa-regulations-comprehensive-guide-2026 | /opening-bank-account-saudi-arabia-investors-guide-2026 | /saudi-arabia-rhq-incentives-requirements-guide | /setting-up-company-in-saudi-arabia | /value-added-tax-in-saudi-arabia | /why-invest-saudi-arabia-concise-guide-foreign-investors,/blog/ZATCA | /blog/about-Etimad-Platform | /blog/cash-flows-in-saudi-arabia-financial-guide | /blog/facilitating-sovereign-financial-procedures-saudi-arabia-guide | /blog/foreign-direct-investment-ksa-regulations-comprehensive-guide-2026 | /blog/opening-bank-account-saudi-arabia-investors-guide-2026 | /blog/saudi-arabia-rhq-incentives-requirements-guide | /blog/setting-up-company-in-saudi-arabia | /blog/value-added-tax-in-saudi-arabia | /blog/why-invest-saudi-arabia-concise-guide-foreign-investors
node,590,en,article,Instant License Issuance in Saudi Arabia | Motaded Saudi Arabia,node__body,body_value,10,/Articles-of-Association | /Articles-of-Association-in-Saudi-Arabia | /MISA-Investment-License | /about-Saudi-Post-SPL | /instant-license-issuance-saudi-arabia-guide | /invest-in-saudi-arabia-company-formation | /market-entry-strategy-in-KSA | /opening-bank-account-saudi-arabia-investors-guide-2026 | /professional-staff-saudi-arabia-management-guide | /saudi-national-address,/services/Articles-of-Association | /blog/Articles-of-Association-in-Saudi-Arabia | /blog/MISA-Investment-License | /blog/about-Saudi-Post-SPL | /blog/instant-license-issuance-saudi-arabia-guide | /blog/invest-in-saudi-arabia-company-formation | /blog/market-entry-strategy-in-KSA | /blog/opening-bank-account-saudi-arabia-investors-guide-2026 | /blog/professional-staff-saudi-arabia-management-guide | /services/saudi-national-address
node,591,en,article,Business Etiquette and Meetings in Saudi Arabia 2026 | Motaded,node__body,body_value,9,/Articles-of-Association | /Articles-of-Association-in-Saudi-Arabia | /company-setup-services | /doing-business-guide-ksa | /foreign-direct-investment-ksa-regulations-comprehensive-guide-2026 | /legal-consultant-in-saudi-arabia-investor-support-2026 | /market-entry-strategy-in-KSA | /opening-bank-account-saudi-arabia-investors-guide-2026 | /professional-staff-saudi-arabia-management-guide,/services/Articles-of-Association | /blog/Articles-of-Association-in-Saudi-Arabia | /blog/company-setup-services | /blog/doing-business-guide-ksa | /blog/foreign-direct-investment-ksa-regulations-comprehensive-guide-2026 | /blog/legal-consultant-in-saudi-arabia-investor-support-2026 | /blog/market-entry-strategy-in-KSA | /blog/opening-bank-account-saudi-arabia-investors-guide-2026 | /blog/professional-staff-saudi-arabia-management-guide
node,592,en,article,Calculating Setup and Renewal Costs in Saudi Arabia 2026 | Motaded,node__body,body_value,2,/calculating-setup-and-renewal-costs-saudi-arabia-encyclopedia | /why-invest-saudi-arabia-concise-guide-foreign-investors,/blog/calculating-setup-and-renewal-costs-saudi-arabia-encyclopedia | /blog/why-invest-saudi-arabia-concise-guide-foreign-investors
node,593,en,article,Ejar Platform in Saudi Arabia 2026 | Real Estate Documentation Guide - Motaded,node__body,body_value,4,/branch-setup-in-saudi-arabia | /ejar-platform-saudi-arabia-guide | /legal-consultant-in-saudi-arabia-investor-support-2026 | /market-entry-strategy-in-KSA,/blog/branch-setup-in-saudi-arabia | /blog/ejar-platform-saudi-arabia-guide | /blog/legal-consultant-in-saudi-arabia-investor-support-2026 | /blog/market-entry-strategy-in-KSA
node,594,en,article,Saudi Freelance Regulations 2026 | Motaded Incubator & Ministerial Decree,node__body,body_value,2,/doing-business-guide-ksa | /saudi-freelance-regulations-guide,/blog/doing-business-guide-ksa | /blog/saudi-freelance-regulations-guide
node,595,en,article,Saudi Arabia Company Incorporation 2026 | Setup & Compliance Guide - Motaded,node__body,body_value,5,/Guide-to-Amending-the-MISA-Investment-License | /legal-consultant-in-saudi-arabia-investor-support-2026 | /saudi-arabia-company-incorporation | /saudi-arabia-company-incorporation-guide | /starting-a-business-in-saudi-arabia,/blog/Guide-to-Amending-the-MISA-Investment-License | /blog/legal-consultant-in-saudi-arabia-investor-support-2026 | /blog/saudi-arabia-company-incorporation | /blog/saudi-arabia-company-incorporation-guide | /blog/starting-a-business-in-saudi-arabia
node,596,en,article,Setting up company in Saudi Arabia 2026 | Statistics & Fees Guide - Motaded,node__body,body_value,5,/Starting-commercial-in-Saudi-Arabia | /business-setup | /business-setup-in-saudi-arabia | /home | /market-entry-strategy-in-KSA,/blog/Starting-commercial-in-Saudi-Arabia | /services/business-setup | /blog/business-setup-in-saudi-arabia | /services/home | /blog/market-entry-strategy-in-KSA
node,597,en,article,Starting a company in Saudi Arabia 2026 | Fees & Statistics Guide - Motaded,node__body,body_value,6,/business-setup | /business-setup-in-saudi-arabia | /cr | /home | /industrial-license-in-saudi-arabia | /legal-consultant-in-saudi-arabia-investor-support-2026,/services/business-setup | /blog/business-setup-in-saudi-arabia | /blog/cr | /services/home | /blog/industrial-license-in-saudi-arabia | /blog/legal-consultant-in-saudi-arabia-investor-support-2026
node,598,en,article,Company Set up in Saudi Arabia Strategy 2026 | Motaded’s Growth Guide,node__body,body_value,4,/business-setup | /business-setup-in-saudi-arabia | /company-set-up-in-saudi-arabia | /company-set-up-in-saudi-arabia-strategy,/services/business-setup | /blog/business-setup-in-saudi-arabia | /blog/company-set-up-in-saudi-arabia | /blog/company-set-up-in-saudi-arabia-strategy
node,599,en,article,Company Setup in Saudi Arabia 2026 | Compliance & Statistics Guide - Motaded,node__body,body_value,6,/company-set-up-in-saudi-arabia | /company-set-up-in-saudi-arabia-strategy | /company-setup-in-saudi-arabia-comprehensive-guide | /legal-consultant-in-saudi-arabia-investor-support-2026 | /zakat | /zakat-and-tax-in-saudi-arabia,/blog/company-set-up-in-saudi-arabia | /blog/company-set-up-in-saudi-arabia-strategy | /blog/company-setup-in-saudi-arabia-comprehensive-guide | /blog/legal-consultant-in-saudi-arabia-investor-support-2026 | /services/zakat | /blog/zakat-and-tax-in-saudi-arabia
node,600,en,article,Business Visa in Saudi Arabia 2026 | Regulations & Statistics Guide - Motaded,node__body,body_value,3,/Guide-to-Company-Formation-in-Saudi-Arabia | /ZATCA | /professional-staff-saudi-arabia-management-guide,/blog/Guide-to-Company-Formation-in-Saudi-Arabia | /blog/ZATCA | /blog/professional-staff-saudi-arabia-management-guide
node,601,en,article,Role of Saudi Ministry of Foreign Affairs (MOFA) in Investment 2026 - Motaded,node__body,body_value,5,/business-setup | /business-setup-in-saudi-arabia | /business-setup-in-saudi-arabia-comprehensive-guide | /market-entry-strategy-in-KSA | /professional-staff-saudi-arabia-management-guide,/services/business-setup | /blog/business-setup-in-saudi-arabia | /blog/business-setup-in-saudi-arabia-comprehensive-guide | /blog/market-entry-strategy-in-KSA | /blog/professional-staff-saudi-arabia-management-guide
node,602,en,article,Invest in Saudi Arabia 2026 | Comprehensive Investment & Fees Guide - Motaded,node__body,body_value,6,/ZATCA | /business-setup | /business-setup-in-saudi-arabia | /business-setup-in-saudi-arabia-comprehensive-guide | /industrial-license-in-saudi-arabia | /professional-staff-saudi-arabia-management-guide,/blog/ZATCA | /services/business-setup | /blog/business-setup-in-saudi-arabia | /blog/business-setup-in-saudi-arabia-comprehensive-guide | /blog/industrial-license-in-saudi-arabia | /blog/professional-staff-saudi-arabia-management-guide
node,603,en,article,Business Setup in Saudi Arabia 2026 | Comprehensive Guide - Motaded,node__body,body_value,3,/business-setup | /business-setup-in-saudi-arabia | /business-setup-in-saudi-arabia-comprehensive-guide,/services/business-setup | /blog/business-setup-in-saudi-arabia | /blog/business-setup-in-saudi-arabia-comprehensive-guide
node,604,en,article,Company Registration in Saudi Arabia 2026 | Comprehensive Guide - Motaded,node__body,body_value,11,/Guide-to-Company-Formation-in-Saudi-Arabia | /Ministry-of-Commerce-in-Saudi-Arabia | /Ministry-of-Investment-in-Saudi-Arabia | /ZATCA | /business-setup | /business-setup-in-saudi-arabia | /business-setup-in-saudi-arabia-comprehensive-guide | /company-registration-in-saudi-arabia | /company-registration-in-saudi-arabia-comprehensive-guide | /legal-consultant-in-saudi-arabia-investor-support-2026 | /market-entry-strategy-in-KSA,/blog/Guide-to-Company-Formation-in-Saudi-Arabia | /blog/Ministry-of-Commerce-in-Saudi-Arabia | /blog/Ministry-of-Investment-in-Saudi-Arabia | /blog/ZATCA | /services/business-setup | /blog/business-setup-in-saudi-arabia | /blog/business-setup-in-saudi-arabia-comprehensive-guide | /blog/company-registration-in-saudi-arabia | /blog/company-registration-in-saudi-arabia-comprehensive-guide | /blog/legal-consultant-in-saudi-arabia-investor-support-2026 | /blog/market-entry-strategy-in-KSA
node,605,en,article,Saudi Company Incorporation 2026 | Comprehensive Guide - Motaded,node__body,body_value,11,/Ministry-of-Commerce-in-Saudi-Arabia | /ZATCA | /business-setup | /business-setup-in-saudi-arabia | /business-setup-in-saudi-arabia-comprehensive-guide | /home | /legal-consultant-in-saudi-arabia-investor-support-2026 | /opening-bank-account-saudi-arabia-investors-guide-2026 | /professional-staff-saudi-arabia-management-guide | /saudi-company-incorporation-comprehensive-guide | /value-added-tax-in-saudi-arabia,/blog/Ministry-of-Commerce-in-Saudi-Arabia | /blog/ZATCA | /services/business-setup | /blog/business-setup-in-saudi-arabia | /blog/business-setup-in-saudi-arabia-comprehensive-guide | /services/home | /blog/legal-consultant-in-saudi-arabia-investor-support-2026 | /blog/opening-bank-account-saudi-arabia-investors-guide-2026 | /blog/professional-staff-saudi-arabia-management-guide | /blog/saudi-company-incorporation-comprehensive-guide | /blog/value-added-tax-in-saudi-arabia
node,606,en,article,Legal Translation Services in Saudi Arabia for Business,node__body,body_value,3,/Guide-to-Company-Formation-in-Saudi-Arabia | /Steps-for-Business-Setup-in-KSA | /legal-consultant-in-saudi-arabia-investor-support-2026,/blog/Guide-to-Company-Formation-in-Saudi-Arabia | /blog/Steps-for-Business-Setup-in-KSA | /blog/legal-consultant-in-saudi-arabia-investor-support-2026
node,607,en,article,"Taxes in Saudi Arabia 2026 | Comprehensive Guide to WHT, VAT, CIT - Motaded",node__body,body_value,1,/tax-system-saudi-arabia-wht-vat-cit-guide,/blog/tax-system-saudi-arabia-wht-vat-cit-guide
node,608,en,article,MISA License 2026 | Comprehensive Incorporation Guide - Motaded,node__body,body_value,13,/Ministry-of-Investment-in-Saudi-Arabia | /Ministry-of-Labor-in-Saudi-Arabia | /about-Qiwa-Platform | /business-etiquette-comprehensive-guide-saudi-arabia | /business-setup | /business-setup-in-saudi-arabia | /business-setup-in-saudi-arabia-comprehensive-guide | /legal-consultant-in-saudi-arabia-investor-support-2026 | /market-entry-strategy-in-KSA | /misa-license-saudi-arabia-comprehensive-guide | /professional-staff-saudi-arabia-management-guide | /saudi-arabia-rhq-incentives-requirements-guide | /saudi-company-incorporation-comprehensive-guide,/blog/Ministry-of-Investment-in-Saudi-Arabia | /blog/Ministry-of-Labor-in-Saudi-Arabia | /blog/about-Qiwa-Platform | /blog/business-etiquette-comprehensive-guide-saudi-arabia | /services/business-setup | /blog/business-setup-in-saudi-arabia | /blog/business-setup-in-saudi-arabia-comprehensive-guide | /blog/legal-consultant-in-saudi-arabia-investor-support-2026 | /blog/market-entry-strategy-in-KSA | /blog/misa-license-saudi-arabia-comprehensive-guide | /blog/professional-staff-saudi-arabia-management-guide | /blog/saudi-arabia-rhq-incentives-requirements-guide | /blog/saudi-company-incorporation-comprehensive-guide
node,609,en,article,Commercial Business Setup KSA 2026 | Comprehensive Guide - Motaded,node__body,body_value,5,/Ministry-of-Commerce-in-Saudi-Arabia | /Wage-Protection-System-in-saudi-arabia | /calculating-setup-and-renewal-costs-saudi-arabia-encyclopedia | /commercial-business-setup-ksa-comprehensive-guide | /misa-license-saudi-arabia-comprehensive-guide,/blog/Ministry-of-Commerce-in-Saudi-Arabia | /blog/Wage-Protection-System-in-saudi-arabia | /blog/calculating-setup-and-renewal-costs-saudi-arabia-encyclopedia | /blog/commercial-business-setup-ksa-comprehensive-guide | /blog/misa-license-saudi-arabia-comprehensive-guide
node,610,en,article,Establishing a Company in Saudi Arabia 2026 | Comprehensive Guide - Motaded,node__body,body_value,63,/Articles-of-Association | /Articles-of-Association-in-Saudi-Arabia | /Business-Operations-in-Saudi-Arabia | /Commercial-Service-Offices-in-Saudi-Arabia | /Cost-of-starting-a-business-in-Saudi-Arabia-2026 | /Government-Relations-Services | /Guide-to-Company-Formation-in-Saudi-Arabia | /HR-Governance-in-Saudi-Arabia | /HR-Outsourcing-in-Saudi-Arabia | /Investment-Registration-Certificate | /Iqama-Issuance-and-Renewal-Services-in-Saudi-Arabia | /MISA-Investment-License | /Ministry-of-Commerce-in-Saudi-Arabia | /Outsourced-HR-and-Operational-Support | /PRO-Services-in-Saudi-Arabia-for-Foreign-Companies | /PRO-services-in-Saudi-Arabia | /Regional-Headquarters-in-Saudi-Arabia | /Saudi-Corporate-Compliance-Services | /Steps-for-Business-Setup-in-KSA | /The-Comprehensive-Guide-to-Saudi-Business-Center | /Wage-Protection-System-in-saudi-arabia | /ZATCA | /about-Qiwa-Platform | /balady-platform-saudi-arabia-guide | /business-etiquette-comprehensive-guide-saudi-arabia | /business-setup | /business-setup-in-saudi-arabia | /business-setup-in-saudi-arabia-comprehensive-guide | /calculating-setup-and-renewal-costs-saudi-arabia-encyclopedia | /cash-flows-in-saudi-arabia-financial-guide | /commercial-business-setup-ksa-comprehensive-guide | /company-set-up-in-saudi-arabia | /company-set-up-in-saudi-arabia-strategy | /company-setup-in-saudi-arabia-comprehensive-guide | /comprehensive-development-rights-saudi-arabia-guide | /facilitating-sovereign-financial-procedures-saudi-arabia-guide | /foreign-direct-investment-ksa-regulations-comprehensive-guide-2026 | /freedom-of-ownership-in-saudi-arabia-investors-guide | /home | /hr-companies-in-riyadh | /instant-license-issuance-saudi-arabia-guide | /insurance-brokerage-license-saudi-arabia-guide | /invest-in-saudi-arabia-company-formation | /invest-in-saudi-arabia-comprehensive-encyclopedic-guide | /investment-systems-in-saudi-arabia-guide | /legal-consultant-in-saudi-arabia-investor-support-2026 | /legal-translation-services-in-saudi-arabia | /market-entry-strategy-in-KSA | /ministry-of-foreign-affairs-saudi-business-encyclopedic-guide | /misa-license-saudi-arabia-comprehensive-guide | /opening-bank-account-saudi-arabia-investors-guide-2026 | /professional-licenses-saudi-arabia-guide | /professional-staff-saudi-arabia-management-guide | /real-estate-developer-license-saudi-arabia-guide | /saudi-arabia-company-incorporation | /saudi-arabia-company-incorporation-guide | /saudi-arabia-rhq-incentives-requirements-guide | /saudi-company-incorporation-comprehensive-guide | /setting-up-company-in-saudi-arabia | /setting-up-company-in-saudi-arabia-guide | /starting-a-company-in-saudi-arabia | /starting-a-company-in-saudi-arabia-guide | /tax-system-saudi-arabia-wht-vat-cit-guide,/services/Articles-of-Association | /blog/Articles-of-Association-in-Saudi-Arabia | /blog/Business-Operations-in-Saudi-Arabia | /blog/Commercial-Service-Offices-in-Saudi-Arabia | /blog/Cost-of-starting-a-business-in-Saudi-Arabia-2026 | /blog/Government-Relations-Services | /blog/Guide-to-Company-Formation-in-Saudi-Arabia | /blog/HR-Governance-in-Saudi-Arabia | /blog/HR-Outsourcing-in-Saudi-Arabia | /blog/Investment-Registration-Certificate | /blog/Iqama-Issuance-and-Renewal-Services-in-Saudi-Arabia | /blog/MISA-Investment-License | /blog/Ministry-of-Commerce-in-Saudi-Arabia | /blog/Outsourced-HR-and-Operational-Support | /blog/PRO-Services-in-Saudi-Arabia-for-Foreign-Companies | /blog/PRO-services-in-Saudi-Arabia | /blog/Regional-Headquarters-in-Saudi-Arabia | /blog/Saudi-Corporate-Compliance-Services | /blog/Steps-for-Business-Setup-in-KSA | /blog/The-Comprehensive-Guide-to-Saudi-Business-Center | /blog/Wage-Protection-System-in-saudi-arabia | /blog/ZATCA | /blog/about-Qiwa-Platform | /blog/balady-platform-saudi-arabia-guide | /blog/business-etiquette-comprehensive-guide-saudi-arabia | /services/business-setup | /blog/business-setup-in-saudi-arabia | /blog/business-setup-in-saudi-arabia-comprehensive-guide | /blog/calculating-setup-and-renewal-costs-saudi-arabia-encyclopedia | /blog/cash-flows-in-saudi-arabia-financial-guide | /blog/commercial-business-setup-ksa-comprehensive-guide | /blog/company-set-up-in-saudi-arabia | /blog/company-set-up-in-saudi-arabia-strategy | /blog/company-setup-in-saudi-arabia-comprehensive-guide | /blog/comprehensive-development-rights-saudi-arabia-guide | /blog/facilitating-sovereign-financial-procedures-saudi-arabia-guide | /blog/foreign-direct-investment-ksa-regulations-comprehensive-guide-2026 | /blog/freedom-of-ownership-in-saudi-arabia-investors-guide | /services/home | /blog/hr-companies-in-riyadh | /blog/instant-license-issuance-saudi-arabia-guide | /blog/insurance-brokerage-license-saudi-arabia-guide | /blog/invest-in-saudi-arabia-company-formation | /blog/invest-in-saudi-arabia-comprehensive-encyclopedic-guide | /blog/investment-systems-in-saudi-arabia-guide | /blog/legal-consultant-in-saudi-arabia-investor-support-2026 | /blog/legal-translation-services-in-saudi-arabia | /blog/market-entry-strategy-in-KSA | /blog/ministry-of-foreign-affairs-saudi-business-encyclopedic-guide | /blog/misa-license-saudi-arabia-comprehensive-guide | /blog/opening-bank-account-saudi-arabia-investors-guide-2026 | /blog/professional-licenses-saudi-arabia-guide | /blog/professional-staff-saudi-arabia-management-guide | /blog/real-estate-developer-license-saudi-arabia-guide | /blog/saudi-arabia-company-incorporation | /blog/saudi-arabia-company-incorporation-guide | /blog/saudi-arabia-rhq-incentives-requirements-guide | /blog/saudi-company-incorporation-comprehensive-guide | /blog/setting-up-company-in-saudi-arabia | /blog/setting-up-company-in-saudi-arabia-guide | /blog/starting-a-company-in-saudi-arabia | /blog/starting-a-company-in-saudi-arabia-guide | /blog/tax-system-saudi-arabia-wht-vat-cit-guide
node,611,en,article,Setting up business in KSA 2026 | Comprehensive Incorporation Guide - Motaded,node__body,body_value,2,/Saudi-Arabia-Business-Registration | /establishing-a-company-in-saudi-arabia-comprehensive-guide,/blog/Saudi-Arabia-Business-Registration | /blog/establishing-a-company-in-saudi-arabia-comprehensive-guide
node,612,en,article,Open business in Saudi Arabia 2026 | Comprehensive Guide - Motaded,node__body,body_value,50,/Articles-of-Association | /Articles-of-Association-in-Saudi-Arabia | /Business-Operations-in-Saudi-Arabia | /Commercial-Service-Offices-in-Saudi-Arabia | /Cost-of-starting-a-business-in-Saudi-Arabia-2026 | /Government-Relations-Services | /HR-Governance-in-Saudi-Arabia | /HR-Outsourcing-in-Saudi-Arabia | /Incorporating-a-Company-in-Saudi-Arabia | /Iqama-Issuance-and-Renewal-Services-in-Saudi-Arabia | /MISA-Investment-License | /PRO-services-in-Saudi-Arabia | /Saudi-Corporate-Compliance-Services | /Steps-for-Business-Setup-in-KSA | /Wage-Protection-System-in-saudi-arabia | /ZATCA | /about-Qiwa-Platform | /balady-platform-saudi-arabia-guide | /business-etiquette-comprehensive-guide-saudi-arabia | /business-setup | /business-setup-in-saudi-arabia | /business-setup-in-saudi-arabia-comprehensive-guide | /calculating-setup-and-renewal-costs-saudi-arabia-encyclopedia | /cash-flows-in-saudi-arabia-financial-guide | /commercial-business-setup-ksa-comprehensive-guide | /company-registration-in-saudi-arabia | /company-registration-in-saudi-arabia-comprehensive-guide | /company-setup-in-saudi-arabia-comprehensive-guide | /comprehensive-development-rights-saudi-arabia-guide | /ejar-platform-saudi-arabia-guide | /facilitating-sovereign-financial-procedures-saudi-arabia-guide | /foreign-direct-investment-ksa-regulations-comprehensive-guide-2026 | /freedom-of-ownership-in-saudi-arabia-investors-guide | /home | /instant-license-issuance-saudi-arabia-guide | /investment-systems-in-saudi-arabia-guide | /legal-consultant-in-saudi-arabia-investor-support-2026 | /market-entry-strategy-in-KSA | /misa-license-saudi-arabia-comprehensive-guide | /open-business-in-saudi-arabia | /open-business-in-saudi-arabia-comprehensive-guide | /opening-bank-account-saudi-arabia-investors-guide-2026 | /professional-licenses-saudi-arabia-guide | /professional-staff-saudi-arabia-management-guide | /saudi-company-incorporation-comprehensive-guide | /setting-up-company-in-saudi-arabia | /setting-up-company-in-saudi-arabia-guide | /starting-a-company-in-saudi-arabia | /starting-a-company-in-saudi-arabia-guide | /tax-system-saudi-arabia-wht-vat-cit-guide,/services/Articles-of-Association | /blog/Articles-of-Association-in-Saudi-Arabia | /blog/Business-Operations-in-Saudi-Arabia | /blog/Commercial-Service-Offices-in-Saudi-Arabia | /blog/Cost-of-starting-a-business-in-Saudi-Arabia-2026 | /blog/Government-Relations-Services | /blog/HR-Governance-in-Saudi-Arabia | /blog/HR-Outsourcing-in-Saudi-Arabia | /blog/Incorporating-a-Company-in-Saudi-Arabia | /blog/Iqama-Issuance-and-Renewal-Services-in-Saudi-Arabia | /blog/MISA-Investment-License | /blog/PRO-services-in-Saudi-Arabia | /blog/Saudi-Corporate-Compliance-Services | /blog/Steps-for-Business-Setup-in-KSA | /blog/Wage-Protection-System-in-saudi-arabia | /blog/ZATCA | /blog/about-Qiwa-Platform | /blog/balady-platform-saudi-arabia-guide | /blog/business-etiquette-comprehensive-guide-saudi-arabia | /services/business-setup | /blog/business-setup-in-saudi-arabia | /blog/business-setup-in-saudi-arabia-comprehensive-guide | /blog/calculating-setup-and-renewal-costs-saudi-arabia-encyclopedia | /blog/cash-flows-in-saudi-arabia-financial-guide | /blog/commercial-business-setup-ksa-comprehensive-guide | /blog/company-registration-in-saudi-arabia | /blog/company-registration-in-saudi-arabia-comprehensive-guide | /blog/company-setup-in-saudi-arabia-comprehensive-guide | /blog/comprehensive-development-rights-saudi-arabia-guide | /blog/ejar-platform-saudi-arabia-guide | /blog/facilitating-sovereign-financial-procedures-saudi-arabia-guide | /blog/foreign-direct-investment-ksa-regulations-comprehensive-guide-2026 | /blog/freedom-of-ownership-in-saudi-arabia-investors-guide | /services/home | /blog/instant-license-issuance-saudi-arabia-guide | /blog/investment-systems-in-saudi-arabia-guide | /blog/legal-consultant-in-saudi-arabia-investor-support-2026 | /blog/market-entry-strategy-in-KSA | /blog/misa-license-saudi-arabia-comprehensive-guide | /blog/open-business-in-saudi-arabia | /blog/open-business-in-saudi-arabia-comprehensive-guide | /blog/opening-bank-account-saudi-arabia-investors-guide-2026 | /blog/professional-licenses-saudi-arabia-guide | /blog/professional-staff-saudi-arabia-management-guide | /blog/saudi-company-incorporation-comprehensive-guide | /blog/setting-up-company-in-saudi-arabia | /blog/setting-up-company-in-saudi-arabia-guide | /blog/starting-a-company-in-saudi-arabia | /blog/starting-a-company-in-saudi-arabia-guide | /blog/tax-system-saudi-arabia-wht-vat-cit-guide
node,613,en,article,License Investor Saudi 2026 | Comprehensive Incorporation Guide - Motaded,node__body,body_value,68,/Articles-of-Association | /Articles-of-Association-in-Saudi-Arabia | /Business-Operations-in-Saudi-Arabia | /Commercial-Registration-Renewal | /Commercial-Service-Offices-in-Saudi-Arabia | /Cost-of-starting-a-business-in-Saudi-Arabia-2026 | /Government-Relations-Services | /HR-Governance-in-Saudi-Arabia | /HR-Outsourcing-in-Saudi-Arabia | /How-to-Apply-for-Saudi-Residency | /Incorporating-a-Company-in-Saudi-Arabia | /Investment-Registration-Certificate | /Iqama-Issuance-and-Renewal-Services-in-Saudi-Arabia | /MISA-Investment-License | /Ministry-of-Commerce-in-Saudi-Arabia | /Ministry-of-Investment-in-Saudi-Arabia | /Outsourced-HR-and-Operational-Support | /PRO-Services-in-Saudi-Arabia-for-Foreign-Companies | /PRO-and-Government-Relations-Services-in-Saudi-Arabia | /Regional-Headquarters-in-Saudi-Arabia | /Saudi-Corporate-Compliance-Services | /Steps-for-Business-Setup-in-KSA | /The-Comprehensive-Guide-to-Saudi-Business-Center | /Wage-Protection-System-in-saudi-arabia | /ZATCA | /about-Qiwa-Platform | /balady-platform-saudi-arabia-guide | /business-etiquette-comprehensive-guide-saudi-arabia | /business-setup | /business-setup-in-saudi-arabia | /business-setup-in-saudi-arabia-comprehensive-guide | /cash-flows-in-saudi-arabia-financial-guide | /commercial-business-setup-ksa-comprehensive-guide | /company-registration-in-saudi-arabia | /company-registration-in-saudi-arabia-comprehensive-guide | /company-set-up-in-saudi-arabia | /company-set-up-in-saudi-arabia-strategy | /company-setup-in-saudi-arabia-comprehensive-guide | /comprehensive-development-rights-saudi-arabia-guide | /ejar-platform-saudi-arabia-guide | /establishing-a-company-in-saudi-arabia-comprehensive-guide | /facilitating-sovereign-financial-procedures-saudi-arabia-guide | /foreign-direct-investment-ksa-regulations-comprehensive-guide-2026 | /freedom-of-ownership-in-saudi-arabia-investors-guide | /home | /hr-companies-in-riyadh | /instant-license-issuance-saudi-arabia-guide | /invest-in-saudi-arabia-company-formation | /investment-systems-in-saudi-arabia-guide | /legal-consultant-in-saudi-arabia-investor-support-2026 | /legal-translation-services-in-saudi-arabia | /license-investor-saudi-arabia-comprehensive-guide | /market-entry-strategy-in-KSA | /ministry-of-foreign-affairs-saudi-business-encyclopedic-guide | /misa-license-saudi-arabia-comprehensive-guide | /open-business-in-saudi-arabia | /open-business-in-saudi-arabia-comprehensive-guide | /opening-bank-account-saudi-arabia-investors-guide-2026 | /professional-licenses-saudi-arabia-guide | /professional-staff-saudi-arabia-management-guide | /saudi-arabia-company-incorporation | /saudi-arabia-company-incorporation-guide | /saudi-arabia-rhq-incentives-requirements-guide | /saudi-freelance-regulations-guide | /setting-up-business-in-ksa-comprehensive-guide | /starting-a-company-in-saudi-arabia | /starting-a-company-in-saudi-arabia-guide | /tax-system-saudi-arabia-wht-vat-cit-guide,/services/Articles-of-Association | /blog/Articles-of-Association-in-Saudi-Arabia | /blog/Business-Operations-in-Saudi-Arabia | /blog/Commercial-Registration-Renewal | /blog/Commercial-Service-Offices-in-Saudi-Arabia | /blog/Cost-of-starting-a-business-in-Saudi-Arabia-2026 | /blog/Government-Relations-Services | /blog/HR-Governance-in-Saudi-Arabia | /blog/HR-Outsourcing-in-Saudi-Arabia | /blog/How-to-Apply-for-Saudi-Residency | /blog/Incorporating-a-Company-in-Saudi-Arabia | /blog/Investment-Registration-Certificate | /blog/Iqama-Issuance-and-Renewal-Services-in-Saudi-Arabia | /blog/MISA-Investment-License | /blog/Ministry-of-Commerce-in-Saudi-Arabia | /blog/Ministry-of-Investment-in-Saudi-Arabia | /blog/Outsourced-HR-and-Operational-Support | /blog/PRO-Services-in-Saudi-Arabia-for-Foreign-Companies | /blog/PRO-and-Government-Relations-Services-in-Saudi-Arabia | /blog/Regional-Headquarters-in-Saudi-Arabia | /blog/Saudi-Corporate-Compliance-Services | /blog/Steps-for-Business-Setup-in-KSA | /blog/The-Comprehensive-Guide-to-Saudi-Business-Center | /blog/Wage-Protection-System-in-saudi-arabia | /blog/ZATCA | /blog/about-Qiwa-Platform | /blog/balady-platform-saudi-arabia-guide | /blog/business-etiquette-comprehensive-guide-saudi-arabia | /services/business-setup | /blog/business-setup-in-saudi-arabia | /blog/business-setup-in-saudi-arabia-comprehensive-guide | /blog/cash-flows-in-saudi-arabia-financial-guide | /blog/commercial-business-setup-ksa-comprehensive-guide | /blog/company-registration-in-saudi-arabia | /blog/company-registration-in-saudi-arabia-comprehensive-guide | /blog/company-set-up-in-saudi-arabia | /blog/company-set-up-in-saudi-arabia-strategy | /blog/company-setup-in-saudi-arabia-comprehensive-guide | /blog/comprehensive-development-rights-saudi-arabia-guide | /blog/ejar-platform-saudi-arabia-guide | /blog/establishing-a-company-in-saudi-arabia-comprehensive-guide | /blog/facilitating-sovereign-financial-procedures-saudi-arabia-guide | /blog/foreign-direct-investment-ksa-regulations-comprehensive-guide-2026 | /blog/freedom-of-ownership-in-saudi-arabia-investors-guide | /services/home | /blog/hr-companies-in-riyadh | /blog/instant-license-issuance-saudi-arabia-guide | /blog/invest-in-saudi-arabia-company-formation | /blog/investment-systems-in-saudi-arabia-guide | /blog/legal-consultant-in-saudi-arabia-investor-support-2026 | /blog/legal-translation-services-in-saudi-arabia | /blog/license-investor-saudi-arabia-comprehensive-guide | /blog/market-entry-strategy-in-KSA | /blog/ministry-of-foreign-affairs-saudi-business-encyclopedic-guide | /blog/misa-license-saudi-arabia-comprehensive-guide | /blog/open-business-in-saudi-arabia | /blog/open-business-in-saudi-arabia-comprehensive-guide | /blog/opening-bank-account-saudi-arabia-investors-guide-2026 | /blog/professional-licenses-saudi-arabia-guide | /blog/professional-staff-saudi-arabia-management-guide | /blog/saudi-arabia-company-incorporation | /blog/saudi-arabia-company-incorporation-guide | /blog/saudi-arabia-rhq-incentives-requirements-guide | /blog/saudi-freelance-regulations-guide | /blog/setting-up-business-in-ksa-comprehensive-guide | /blog/starting-a-company-in-saudi-arabia | /blog/starting-a-company-in-saudi-arabia-guide | /blog/tax-system-saudi-arabia-wht-vat-cit-guide
node,614,en,article,Register License in Saudi Arabia 2026 | Comprehensive Guide - Motaded,node__body,body_value,49,/Articles-of-Association | /Articles-of-Association-in-Saudi-Arabia | /Business-Operations-in-Saudi-Arabia | /Commercial-Service-Offices-in-Saudi-Arabia | /Cost-of-starting-a-business-in-Saudi-Arabia-2026 | /Government-Relations-Services | /HR-Governance-in-Saudi-Arabia | /HR-Outsourcing-in-Saudi-Arabia | /Incorporating-a-Company-in-Saudi-Arabia | /Iqama-Issuance-and-Renewal-Services-in-Saudi-Arabia | /MISA-Investment-License | /PRO-services-in-Saudi-Arabia | /Saudi-Corporate-Compliance-Services | /Steps-for-Business-Setup-in-KSA | /Wage-Protection-System-in-saudi-arabia | /ZATCA | /about-Qiwa-Platform | /balady-platform-saudi-arabia-guide | /business-etiquette-comprehensive-guide-saudi-arabia | /business-setup | /business-setup-in-saudi-arabia | /business-setup-in-saudi-arabia-comprehensive-guide | /calculating-setup-and-renewal-costs-saudi-arabia-encyclopedia | /cash-flows-in-saudi-arabia-financial-guide | /commercial-business-setup-ksa-comprehensive-guide | /company-registration-in-saudi-arabia | /company-registration-in-saudi-arabia-comprehensive-guide | /company-setup-in-saudi-arabia-comprehensive-guide | /comprehensive-development-rights-saudi-arabia-guide | /ejar-platform-saudi-arabia-guide | /establishing-a-company-in-saudi-arabia-comprehensive-guide | /facilitating-sovereign-financial-procedures-saudi-arabia-guide | /foreign-direct-investment-ksa-regulations-comprehensive-guide-2026 | /freedom-of-ownership-in-saudi-arabia-investors-guide | /home | /instant-license-issuance-saudi-arabia-guide | /investment-systems-in-saudi-arabia-guide | /legal-consultant-in-saudi-arabia-investor-support-2026 | /market-entry-strategy-in-KSA | /misa-license-saudi-arabia-comprehensive-guide | /opening-bank-account-saudi-arabia-investors-guide-2026 | /professional-licenses-saudi-arabia-guide | /professional-staff-saudi-arabia-management-guide | /saudi-company-incorporation-comprehensive-guide | /setting-up-company-in-saudi-arabia | /setting-up-company-in-saudi-arabia-guide | /starting-a-company-in-saudi-arabia | /starting-a-company-in-saudi-arabia-guide | /tax-system-saudi-arabia-wht-vat-cit-guide,/services/Articles-of-Association | /blog/Articles-of-Association-in-Saudi-Arabia | /blog/Business-Operations-in-Saudi-Arabia | /blog/Commercial-Service-Offices-in-Saudi-Arabia | /blog/Cost-of-starting-a-business-in-Saudi-Arabia-2026 | /blog/Government-Relations-Services | /blog/HR-Governance-in-Saudi-Arabia | /blog/HR-Outsourcing-in-Saudi-Arabia | /blog/Incorporating-a-Company-in-Saudi-Arabia | /blog/Iqama-Issuance-and-Renewal-Services-in-Saudi-Arabia | /blog/MISA-Investment-License | /blog/PRO-services-in-Saudi-Arabia | /blog/Saudi-Corporate-Compliance-Services | /blog/Steps-for-Business-Setup-in-KSA | /blog/Wage-Protection-System-in-saudi-arabia | /blog/ZATCA | /blog/about-Qiwa-Platform | /blog/balady-platform-saudi-arabia-guide | /blog/business-etiquette-comprehensive-guide-saudi-arabia | /services/business-setup | /blog/business-setup-in-saudi-arabia | /blog/business-setup-in-saudi-arabia-comprehensive-guide | /blog/calculating-setup-and-renewal-costs-saudi-arabia-encyclopedia | /blog/cash-flows-in-saudi-arabia-financial-guide | /blog/commercial-business-setup-ksa-comprehensive-guide | /blog/company-registration-in-saudi-arabia | /blog/company-registration-in-saudi-arabia-comprehensive-guide | /blog/company-setup-in-saudi-arabia-comprehensive-guide | /blog/comprehensive-development-rights-saudi-arabia-guide | /blog/ejar-platform-saudi-arabia-guide | /blog/establishing-a-company-in-saudi-arabia-comprehensive-guide | /blog/facilitating-sovereign-financial-procedures-saudi-arabia-guide | /blog/foreign-direct-investment-ksa-regulations-comprehensive-guide-2026 | /blog/freedom-of-ownership-in-saudi-arabia-investors-guide | /services/home | /blog/instant-license-issuance-saudi-arabia-guide | /blog/investment-systems-in-saudi-arabia-guide | /blog/legal-consultant-in-saudi-arabia-investor-support-2026 | /blog/market-entry-strategy-in-KSA | /blog/misa-license-saudi-arabia-comprehensive-guide | /blog/opening-bank-account-saudi-arabia-investors-guide-2026 | /blog/professional-licenses-saudi-arabia-guide | /blog/professional-staff-saudi-arabia-management-guide | /blog/saudi-company-incorporation-comprehensive-guide | /blog/setting-up-company-in-saudi-arabia | /blog/setting-up-company-in-saudi-arabia-guide | /blog/starting-a-company-in-saudi-arabia | /blog/starting-a-company-in-saudi-arabia-guide | /blog/tax-system-saudi-arabia-wht-vat-cit-guide
node,615,en,article,Industrial Cities in Saudi Arabia 2026 | Comprehensive Investment Guide - Motaded,node__body,body_value,41,/Articles-of-Association | /Articles-of-Association-in-Saudi-Arabia | /Business-Operations-in-Saudi-Arabia | /Cost-of-starting-a-business-in-Saudi-Arabia-2026 | /Government-Relations-Services | /HR-Governance-in-Saudi-Arabia | /HR-Outsourcing-in-Saudi-Arabia | /Integrated-Logistics-Special-Bonded-Zone | /Iqama-Issuance-and-Renewal-Services-in-Saudi-Arabia | /MISA-Investment-License | /Outsourced-HR-and-Operational-Support | /Saudi-Corporate-Compliance-Services | /Steps-for-Business-Setup-in-KSA | /Wage-Protection-System-in-saudi-arabia | /ZATCA | /about-Qiwa-Platform | /balady-platform-saudi-arabia-guide | /business-etiquette-comprehensive-guide-saudi-arabia | /cash-flows-in-saudi-arabia-financial-guide | /commercial-business-setup-ksa-comprehensive-guide | /company-registration-in-saudi-arabia | /company-registration-in-saudi-arabia-comprehensive-guide | /company-setup-in-saudi-arabia-comprehensive-guide | /establishing-a-company-in-saudi-arabia-comprehensive-guide | /foreign-direct-investment-ksa-regulations-comprehensive-guide-2026 | /freedom-of-ownership-in-saudi-arabia-investors-guide | /home | /instant-license-issuance-saudi-arabia-guide | /legal-consultant-in-saudi-arabia-investor-support-2026 | /legal-translation-services-in-saudi-arabia | /market-entry-strategy-in-KSA | /misa-license-saudi-arabia-comprehensive-guide | /open-business-in-saudi-arabia | /open-business-in-saudi-arabia-comprehensive-guide | /opening-bank-account-saudi-arabia-investors-guide-2026 | /professional-staff-saudi-arabia-management-guide | /saudi-arabia-rhq-incentives-requirements-guide | /saudi-company-incorporation-comprehensive-guide | /starting-a-company-in-saudi-arabia | /starting-a-company-in-saudi-arabia-guide | /tax-system-saudi-arabia-wht-vat-cit-guide,/services/Articles-of-Association | /blog/Articles-of-Association-in-Saudi-Arabia | /blog/Business-Operations-in-Saudi-Arabia | /blog/Cost-of-starting-a-business-in-Saudi-Arabia-2026 | /blog/Government-Relations-Services | /blog/HR-Governance-in-Saudi-Arabia | /blog/HR-Outsourcing-in-Saudi-Arabia | /blog/Integrated-Logistics-Special-Bonded-Zone | /blog/Iqama-Issuance-and-Renewal-Services-in-Saudi-Arabia | /blog/MISA-Investment-License | /blog/Outsourced-HR-and-Operational-Support | /blog/Saudi-Corporate-Compliance-Services | /blog/Steps-for-Business-Setup-in-KSA | /blog/Wage-Protection-System-in-saudi-arabia | /blog/ZATCA | /blog/about-Qiwa-Platform | /blog/balady-platform-saudi-arabia-guide | /blog/business-etiquette-comprehensive-guide-saudi-arabia | /blog/cash-flows-in-saudi-arabia-financial-guide | /blog/commercial-business-setup-ksa-comprehensive-guide | /blog/company-registration-in-saudi-arabia | /blog/company-registration-in-saudi-arabia-comprehensive-guide | /blog/company-setup-in-saudi-arabia-comprehensive-guide | /blog/establishing-a-company-in-saudi-arabia-comprehensive-guide | /blog/foreign-direct-investment-ksa-regulations-comprehensive-guide-2026 | /blog/freedom-of-ownership-in-saudi-arabia-investors-guide | /services/home | /blog/instant-license-issuance-saudi-arabia-guide | /blog/legal-consultant-in-saudi-arabia-investor-support-2026 | /blog/legal-translation-services-in-saudi-arabia | /blog/market-entry-strategy-in-KSA | /blog/misa-license-saudi-arabia-comprehensive-guide | /blog/open-business-in-saudi-arabia | /blog/open-business-in-saudi-arabia-comprehensive-guide | /blog/opening-bank-account-saudi-arabia-investors-guide-2026 | /blog/professional-staff-saudi-arabia-management-guide | /blog/saudi-arabia-rhq-incentives-requirements-guide | /blog/saudi-company-incorporation-comprehensive-guide | /blog/starting-a-company-in-saudi-arabia | /blog/starting-a-company-in-saudi-arabia-guide | /blog/tax-system-saudi-arabia-wht-vat-cit-guide
node,616,en,article,License Investment Saudi Arabia 2026 | Comprehensive Guide - Motaded,node__body,body_value,52,/Articles-of-Association | /Articles-of-Association-in-Saudi-Arabia | /Business-Operations-in-Saudi-Arabia | /Commercial-Service-Offices-in-Saudi-Arabia | /Cost-of-starting-a-business-in-Saudi-Arabia-2026 | /HR-Governance-in-Saudi-Arabia | /HR-Outsourcing-in-Saudi-Arabia | /How-to-Apply-for-Saudi-Residency | /Iqama-Issuance-and-Renewal-Services-in-Saudi-Arabia | /MISA-Investment-License | /Ministry-of-Commerce-in-Saudi-Arabia | /Ministry-of-Investment-in-Saudi-Arabia | /Outsourced-HR-and-Operational-Support | /Regional-Headquarters-in-Saudi-Arabia | /Steps-for-Business-Setup-in-KSA | /The-Comprehensive-Guide-to-Saudi-Business-Center | /Wage-Protection-System-in-saudi-arabia | /ZATCA | /about-Qiwa-Platform | /balady-platform-saudi-arabia-guide | /business-etiquette-comprehensive-guide-saudi-arabia | /calculating-setup-and-renewal-costs-saudi-arabia-encyclopedia | /cash-flows-in-saudi-arabia-financial-guide | /commercial-business-setup-ksa-comprehensive-guide | /company-registration-in-saudi-arabia | /company-registration-in-saudi-arabia-comprehensive-guide | /company-setup-in-saudi-arabia-comprehensive-guide | /comprehensive-development-rights-saudi-arabia-guide | /ejar-platform-saudi-arabia-guide | /establishing-a-company-in-saudi-arabia-comprehensive-guide | /facilitating-sovereign-financial-procedures-saudi-arabia-guide | /freedom-of-ownership-in-saudi-arabia-investors-guide | /home | /hr-companies-in-riyadh | /instant-license-issuance-saudi-arabia-guide | /invest-in-saudi-arabia-company-formation | /legal-consultant-in-saudi-arabia-investor-support-2026 | /legal-translation-services-in-saudi-arabia | /market-entry-strategy-in-KSA | /ministry-of-foreign-affairs-saudi-business-encyclopedic-guide | /misa-license-saudi-arabia-comprehensive-guide | /open-business-in-saudi-arabia | /open-business-in-saudi-arabia-comprehensive-guide | /opening-bank-account-saudi-arabia-investors-guide-2026 | /professional-licenses-saudi-arabia-guide | /professional-staff-saudi-arabia-management-guide | /saudi-arabia-company-incorporation | /saudi-arabia-company-incorporation-guide | /saudi-arabia-rhq-incentives-requirements-guide | /starting-a-company-in-saudi-arabia | /starting-a-company-in-saudi-arabia-guide | /tax-system-saudi-arabia-wht-vat-cit-guide,/services/Articles-of-Association | /blog/Articles-of-Association-in-Saudi-Arabia | /blog/Business-Operations-in-Saudi-Arabia | /blog/Commercial-Service-Offices-in-Saudi-Arabia | /blog/Cost-of-starting-a-business-in-Saudi-Arabia-2026 | /blog/HR-Governance-in-Saudi-Arabia | /blog/HR-Outsourcing-in-Saudi-Arabia | /blog/How-to-Apply-for-Saudi-Residency | /blog/Iqama-Issuance-and-Renewal-Services-in-Saudi-Arabia | /blog/MISA-Investment-License | /blog/Ministry-of-Commerce-in-Saudi-Arabia | /blog/Ministry-of-Investment-in-Saudi-Arabia | /blog/Outsourced-HR-and-Operational-Support | /blog/Regional-Headquarters-in-Saudi-Arabia | /blog/Steps-for-Business-Setup-in-KSA | /blog/The-Comprehensive-Guide-to-Saudi-Business-Center | /blog/Wage-Protection-System-in-saudi-arabia | /blog/ZATCA | /blog/about-Qiwa-Platform | /blog/balady-platform-saudi-arabia-guide | /blog/business-etiquette-comprehensive-guide-saudi-arabia | /blog/calculating-setup-and-renewal-costs-saudi-arabia-encyclopedia | /blog/cash-flows-in-saudi-arabia-financial-guide | /blog/commercial-business-setup-ksa-comprehensive-guide | /blog/company-registration-in-saudi-arabia | /blog/company-registration-in-saudi-arabia-comprehensive-guide | /blog/company-setup-in-saudi-arabia-comprehensive-guide | /blog/comprehensive-development-rights-saudi-arabia-guide | /blog/ejar-platform-saudi-arabia-guide | /blog/establishing-a-company-in-saudi-arabia-comprehensive-guide | /blog/facilitating-sovereign-financial-procedures-saudi-arabia-guide | /blog/freedom-of-ownership-in-saudi-arabia-investors-guide | /services/home | /blog/hr-companies-in-riyadh | /blog/instant-license-issuance-saudi-arabia-guide | /blog/invest-in-saudi-arabia-company-formation | /blog/legal-consultant-in-saudi-arabia-investor-support-2026 | /blog/legal-translation-services-in-saudi-arabia | /blog/market-entry-strategy-in-KSA | /blog/ministry-of-foreign-affairs-saudi-business-encyclopedic-guide | /blog/misa-license-saudi-arabia-comprehensive-guide | /blog/open-business-in-saudi-arabia | /blog/open-business-in-saudi-arabia-comprehensive-guide | /blog/opening-bank-account-saudi-arabia-investors-guide-2026 | /blog/professional-licenses-saudi-arabia-guide | /blog/professional-staff-saudi-arabia-management-guide | /blog/saudi-arabia-company-incorporation | /blog/saudi-arabia-company-incorporation-guide | /blog/saudi-arabia-rhq-incentives-requirements-guide | /blog/starting-a-company-in-saudi-arabia | /blog/starting-a-company-in-saudi-arabia-guide | /blog/tax-system-saudi-arabia-wht-vat-cit-guide
node,617,en,article,MISA Setup Consultants 2026 | Comprehensive Guide - Motaded,node__body,body_value,47,/Articles-of-Association | /Articles-of-Association-in-Saudi-Arabia | /Business-Operations-in-Saudi-Arabia | /Commercial-Service-Offices-in-Saudi-Arabia | /Cost-of-starting-a-business-in-Saudi-Arabia-2026 | /HR-Outsourcing-in-Saudi-Arabia | /How-to-Apply-for-Saudi-Residency | /MISA-Investment-License | /Ministry-of-Commerce-in-Saudi-Arabia | /Ministry-of-Investment-in-Saudi-Arabia | /Regional-Headquarters-in-Saudi-Arabia | /Saudi-Corporate-Compliance-Services | /Steps-for-Business-Setup-in-KSA | /Wage-Protection-System-in-saudi-arabia | /about-Qiwa-Platform | /balady-platform-saudi-arabia-guide | /business-etiquette-comprehensive-guide-saudi-arabia | /calculating-setup-and-renewal-costs-saudi-arabia-encyclopedia | /cash-flows-in-saudi-arabia-financial-guide | /commercial-business-setup-ksa-comprehensive-guide | /company-registration-in-saudi-arabia | /company-registration-in-saudi-arabia-comprehensive-guide | /company-setup-in-saudi-arabia-comprehensive-guide | /comprehensive-development-rights-saudi-arabia-guide | /ejar-platform-saudi-arabia-guide | /establishing-a-company-in-saudi-arabia-comprehensive-guide | /facilitating-sovereign-financial-procedures-saudi-arabia-guide | /freedom-of-ownership-in-saudi-arabia-investors-guide | /home | /instant-license-issuance-saudi-arabia-guide | /invest-in-saudi-arabia-company-formation | /legal-consultant-in-saudi-arabia-investor-support-2026 | /legal-translation-services-in-saudi-arabia | /market-entry-strategy-in-KSA | /ministry-of-foreign-affairs-saudi-business-encyclopedic-guide | /misa-license-saudi-arabia-comprehensive-guide | /open-business-in-saudi-arabia | /open-business-in-saudi-arabia-comprehensive-guide | /opening-bank-account-saudi-arabia-investors-guide-2026 | /professional-licenses-saudi-arabia-guide | /professional-staff-saudi-arabia-management-guide | /saudi-arabia-company-incorporation | /saudi-arabia-company-incorporation-guide | /saudi-arabia-rhq-incentives-requirements-guide | /starting-a-company-in-saudi-arabia | /starting-a-company-in-saudi-arabia-guide | /tax-system-saudi-arabia-wht-vat-cit-guide,/services/Articles-of-Association | /blog/Articles-of-Association-in-Saudi-Arabia | /blog/Business-Operations-in-Saudi-Arabia | /blog/Commercial-Service-Offices-in-Saudi-Arabia | /blog/Cost-of-starting-a-business-in-Saudi-Arabia-2026 | /blog/HR-Outsourcing-in-Saudi-Arabia | /blog/How-to-Apply-for-Saudi-Residency | /blog/MISA-Investment-License | /blog/Ministry-of-Commerce-in-Saudi-Arabia | /blog/Ministry-of-Investment-in-Saudi-Arabia | /blog/Regional-Headquarters-in-Saudi-Arabia | /blog/Saudi-Corporate-Compliance-Services | /blog/Steps-for-Business-Setup-in-KSA | /blog/Wage-Protection-System-in-saudi-arabia | /blog/about-Qiwa-Platform | /blog/balady-platform-saudi-arabia-guide | /blog/business-etiquette-comprehensive-guide-saudi-arabia | /blog/calculating-setup-and-renewal-costs-saudi-arabia-encyclopedia | /blog/cash-flows-in-saudi-arabia-financial-guide | /blog/commercial-business-setup-ksa-comprehensive-guide | /blog/company-registration-in-saudi-arabia | /blog/company-registration-in-saudi-arabia-comprehensive-guide | /blog/company-setup-in-saudi-arabia-comprehensive-guide | /blog/comprehensive-development-rights-saudi-arabia-guide | /blog/ejar-platform-saudi-arabia-guide | /blog/establishing-a-company-in-saudi-arabia-comprehensive-guide | /blog/facilitating-sovereign-financial-procedures-saudi-arabia-guide | /blog/freedom-of-ownership-in-saudi-arabia-investors-guide | /services/home | /blog/instant-license-issuance-saudi-arabia-guide | /blog/invest-in-saudi-arabia-company-formation | /blog/legal-consultant-in-saudi-arabia-investor-support-2026 | /blog/legal-translation-services-in-saudi-arabia | /blog/market-entry-strategy-in-KSA | /blog/ministry-of-foreign-affairs-saudi-business-encyclopedic-guide | /blog/misa-license-saudi-arabia-comprehensive-guide | /blog/open-business-in-saudi-arabia | /blog/open-business-in-saudi-arabia-comprehensive-guide | /blog/opening-bank-account-saudi-arabia-investors-guide-2026 | /blog/professional-licenses-saudi-arabia-guide | /blog/professional-staff-saudi-arabia-management-guide | /blog/saudi-arabia-company-incorporation | /blog/saudi-arabia-company-incorporation-guide | /blog/saudi-arabia-rhq-incentives-requirements-guide | /blog/starting-a-company-in-saudi-arabia | /blog/starting-a-company-in-saudi-arabia-guide | /blog/tax-system-saudi-arabia-wht-vat-cit-guide
node,618,en,article,Open Branch Company in Saudi Arabia 2026 | Foreign Branch Guide - Motaded,node__body,body_value,45,/Business-Operations-in-Saudi-Arabia | /Commercial-Service-Offices-in-Saudi-Arabia | /Cost-of-starting-a-business-in-Saudi-Arabia-2026 | /Government-Relations-Services | /HR-Outsourcing-in-Saudi-Arabia | /How-to-Apply-for-Saudi-Residency | /Iqama-Issuance-and-Renewal-Services-in-Saudi-Arabia | /MISA-Investment-License | /Ministry-of-Commerce-in-Saudi-Arabia | /Regional-Headquarters-in-Saudi-Arabia | /Steps-for-Business-Setup-in-KSA | /Wage-Protection-System-in-saudi-arabia | /ZATCA | /about-Qiwa-Platform | /balady-platform-saudi-arabia-guide | /business-etiquette-comprehensive-guide-saudi-arabia | /cash-flows-in-saudi-arabia-financial-guide | /commercial-business-setup-ksa-comprehensive-guide | /company-registration-in-saudi-arabia | /company-registration-in-saudi-arabia-comprehensive-guide | /company-setup-in-saudi-arabia-comprehensive-guide | /comprehensive-development-rights-saudi-arabia-guide | /ejar-platform-saudi-arabia-guide | /establishing-a-company-in-saudi-arabia-comprehensive-guide | /facilitating-sovereign-financial-procedures-saudi-arabia-guide | /freedom-of-ownership-in-saudi-arabia-investors-guide | /home | /instant-license-issuance-saudi-arabia-guide | /invest-in-saudi-arabia-company-formation | /legal-consultant-in-saudi-arabia-investor-support-2026 | /legal-translation-services-in-saudi-arabia | /market-entry-strategy-in-KSA | /ministry-of-foreign-affairs-saudi-business-encyclopedic-guide | /misa-license-saudi-arabia-comprehensive-guide | /open-business-in-saudi-arabia | /open-business-in-saudi-arabia-comprehensive-guide | /opening-bank-account-saudi-arabia-investors-guide-2026 | /professional-licenses-saudi-arabia-guide | /professional-staff-saudi-arabia-management-guide | /saudi-arabia-company-incorporation | /saudi-arabia-company-incorporation-guide | /saudi-arabia-rhq-incentives-requirements-guide | /starting-a-company-in-saudi-arabia | /starting-a-company-in-saudi-arabia-guide | /tax-system-saudi-arabia-wht-vat-cit-guide,/blog/Business-Operations-in-Saudi-Arabia | /blog/Commercial-Service-Offices-in-Saudi-Arabia | /blog/Cost-of-starting-a-business-in-Saudi-Arabia-2026 | /blog/Government-Relations-Services | /blog/HR-Outsourcing-in-Saudi-Arabia | /blog/How-to-Apply-for-Saudi-Residency | /blog/Iqama-Issuance-and-Renewal-Services-in-Saudi-Arabia | /blog/MISA-Investment-License | /blog/Ministry-of-Commerce-in-Saudi-Arabia | /blog/Regional-Headquarters-in-Saudi-Arabia | /blog/Steps-for-Business-Setup-in-KSA | /blog/Wage-Protection-System-in-saudi-arabia | /blog/ZATCA | /blog/about-Qiwa-Platform | /blog/balady-platform-saudi-arabia-guide | /blog/business-etiquette-comprehensive-guide-saudi-arabia | /blog/cash-flows-in-saudi-arabia-financial-guide | /blog/commercial-business-setup-ksa-comprehensive-guide | /blog/company-registration-in-saudi-arabia | /blog/company-registration-in-saudi-arabia-comprehensive-guide | /blog/company-setup-in-saudi-arabia-comprehensive-guide | /blog/comprehensive-development-rights-saudi-arabia-guide | /blog/ejar-platform-saudi-arabia-guide | /blog/establishing-a-company-in-saudi-arabia-comprehensive-guide | /blog/facilitating-sovereign-financial-procedures-saudi-arabia-guide | /blog/freedom-of-ownership-in-saudi-arabia-investors-guide | /services/home | /blog/instant-license-issuance-saudi-arabia-guide | /blog/invest-in-saudi-arabia-company-formation | /blog/legal-consultant-in-saudi-arabia-investor-support-2026 | /blog/legal-translation-services-in-saudi-arabia | /blog/market-entry-strategy-in-KSA | /blog/ministry-of-foreign-affairs-saudi-business-encyclopedic-guide | /blog/misa-license-saudi-arabia-comprehensive-guide | /blog/open-business-in-saudi-arabia | /blog/open-business-in-saudi-arabia-comprehensive-guide | /blog/opening-bank-account-saudi-arabia-investors-guide-2026 | /blog/professional-licenses-saudi-arabia-guide | /blog/professional-staff-saudi-arabia-management-guide | /blog/saudi-arabia-company-incorporation | /blog/saudi-arabia-company-incorporation-guide | /blog/saudi-arabia-rhq-incentives-requirements-guide | /blog/starting-a-company-in-saudi-arabia | /blog/starting-a-company-in-saudi-arabia-guide | /blog/tax-system-saudi-arabia-wht-vat-cit-guide
node,619,en,article,Business Opportunities in Saudi Arabia 2026 | Investment Guide - Motaded,node__body,body_value,43,/Articles-of-Association | /Articles-of-Association-in-Saudi-Arabia | /Commercial-Service-Offices-in-Saudi-Arabia | /Cost-of-starting-a-business-in-Saudi-Arabia-2026 | /Government-Relations-Services | /HR-Outsourcing-in-Saudi-Arabia | /How-to-Apply-for-Saudi-Residency | /Iqama-Issuance-and-Renewal-Services-in-Saudi-Arabia | /MISA-Investment-License | /Regional-Headquarters-in-Saudi-Arabia | /Saudi-Corporate-Compliance-Services | /Steps-for-Business-Setup-in-KSA | /Wage-Protection-System-in-saudi-arabia | /about-Qiwa-Platform | /balady-platform-saudi-arabia-guide | /business-etiquette-comprehensive-guide-saudi-arabia | /calculating-setup-and-renewal-costs-saudi-arabia-encyclopedia | /cash-flows-in-saudi-arabia-financial-guide | /commercial-business-setup-ksa-comprehensive-guide | /company-registration-in-saudi-arabia | /company-registration-in-saudi-arabia-comprehensive-guide | /company-setup-in-saudi-arabia-comprehensive-guide | /comprehensive-development-rights-saudi-arabia-guide | /ejar-platform-saudi-arabia-guide | /establishing-a-company-in-saudi-arabia-comprehensive-guide | /facilitating-sovereign-financial-procedures-saudi-arabia-guide | /freedom-of-ownership-in-saudi-arabia-investors-guide | /home | /instant-license-issuance-saudi-arabia-guide | /legal-consultant-in-saudi-arabia-investor-support-2026 | /legal-translation-services-in-saudi-arabia | /market-entry-strategy-in-KSA | /open-business-in-saudi-arabia | /open-business-in-saudi-arabia-comprehensive-guide | /opening-bank-account-saudi-arabia-investors-guide-2026 | /professional-licenses-saudi-arabia-guide | /professional-staff-saudi-arabia-management-guide | /saudi-arabia-company-incorporation | /saudi-arabia-company-incorporation-guide | /saudi-arabia-rhq-incentives-requirements-guide | /starting-a-company-in-saudi-arabia | /starting-a-company-in-saudi-arabia-guide | /tax-system-saudi-arabia-wht-vat-cit-guide,/services/Articles-of-Association | /blog/Articles-of-Association-in-Saudi-Arabia | /blog/Commercial-Service-Offices-in-Saudi-Arabia | /blog/Cost-of-starting-a-business-in-Saudi-Arabia-2026 | /blog/Government-Relations-Services | /blog/HR-Outsourcing-in-Saudi-Arabia | /blog/How-to-Apply-for-Saudi-Residency | /blog/Iqama-Issuance-and-Renewal-Services-in-Saudi-Arabia | /blog/MISA-Investment-License | /blog/Regional-Headquarters-in-Saudi-Arabia | /blog/Saudi-Corporate-Compliance-Services | /blog/Steps-for-Business-Setup-in-KSA | /blog/Wage-Protection-System-in-saudi-arabia | /blog/about-Qiwa-Platform | /blog/balady-platform-saudi-arabia-guide | /blog/business-etiquette-comprehensive-guide-saudi-arabia | /blog/calculating-setup-and-renewal-costs-saudi-arabia-encyclopedia | /blog/cash-flows-in-saudi-arabia-financial-guide | /blog/commercial-business-setup-ksa-comprehensive-guide | /blog/company-registration-in-saudi-arabia | /blog/company-registration-in-saudi-arabia-comprehensive-guide | /blog/company-setup-in-saudi-arabia-comprehensive-guide | /blog/comprehensive-development-rights-saudi-arabia-guide | /blog/ejar-platform-saudi-arabia-guide | /blog/establishing-a-company-in-saudi-arabia-comprehensive-guide | /blog/facilitating-sovereign-financial-procedures-saudi-arabia-guide | /blog/freedom-of-ownership-in-saudi-arabia-investors-guide | /services/home | /blog/instant-license-issuance-saudi-arabia-guide | /blog/legal-consultant-in-saudi-arabia-investor-support-2026 | /blog/legal-translation-services-in-saudi-arabia | /blog/market-entry-strategy-in-KSA | /blog/open-business-in-saudi-arabia | /blog/open-business-in-saudi-arabia-comprehensive-guide | /blog/opening-bank-account-saudi-arabia-investors-guide-2026 | /blog/professional-licenses-saudi-arabia-guide | /blog/professional-staff-saudi-arabia-management-guide | /blog/saudi-arabia-company-incorporation | /blog/saudi-arabia-company-incorporation-guide | /blog/saudi-arabia-rhq-incentives-requirements-guide | /blog/starting-a-company-in-saudi-arabia | /blog/starting-a-company-in-saudi-arabia-guide | /blog/tax-system-saudi-arabia-wht-vat-cit-guide
node,620,en,article,RHQ Formation Saudi Arabia 2026 | Regional Headquarters Guide - Motaded,node__body,body_value,48,/Articles-of-Association | /Articles-of-Association-in-Saudi-Arabia | /Business-Operations-in-Saudi-Arabia | /Commercial-Service-Offices-in-Saudi-Arabia | /Cost-of-starting-a-business-in-Saudi-Arabia-2026 | /Government-Relations-Services | /HR-Governance-in-Saudi-Arabia | /HR-Outsourcing-in-Saudi-Arabia | /How-to-Apply-for-Saudi-Residency | /Iqama-Issuance-and-Renewal-Services-in-Saudi-Arabia | /Ministry-of-Commerce-in-Saudi-Arabia | /Ministry-of-Investment-in-Saudi-Arabia | /Outsourced-HR-and-Operational-Support | /Regional-Headquarters-in-Saudi-Arabia | /Saudi-Corporate-Compliance-Services | /Steps-for-Business-Setup-in-KSA | /Wage-Protection-System-in-saudi-arabia | /about-Qiwa-Platform | /balady-platform-saudi-arabia-guide | /business-etiquette-comprehensive-guide-saudi-arabia | /cash-flows-in-saudi-arabia-financial-guide | /commercial-business-setup-ksa-comprehensive-guide | /company-registration-in-saudi-arabia | /company-registration-in-saudi-arabia-comprehensive-guide | /comprehensive-development-rights-saudi-arabia-guide | /ejar-platform-saudi-arabia-guide | /establishing-a-company-in-saudi-arabia-comprehensive-guide | /facilitating-sovereign-financial-procedures-saudi-arabia-guide | /freedom-of-ownership-in-saudi-arabia-investors-guide | /home | /instant-license-issuance-saudi-arabia-guide | /legal-consultant-in-saudi-arabia-investor-support-2026 | /legal-translation-services-in-saudi-arabia | /market-entry-strategy-in-KSA | /misa-license-saudi-arabia-comprehensive-guide | /open-business-in-saudi-arabia | /open-business-in-saudi-arabia-comprehensive-guide | /opening-bank-account-saudi-arabia-investors-guide-2026 | /professional-licenses-saudi-arabia-guide | /professional-staff-saudi-arabia-management-guide | /rhq-formation-saudi-arabia-comprehensive-guide | /saudi-arabia-company-incorporation | /saudi-arabia-company-incorporation-guide | /saudi-arabia-rhq-incentives-requirements-guide | /saudi-company-incorporation-comprehensive-guide | /starting-a-company-in-saudi-arabia | /starting-a-company-in-saudi-arabia-guide | /tax-system-saudi-arabia-wht-vat-cit-guide,/services/Articles-of-Association | /blog/Articles-of-Association-in-Saudi-Arabia | /blog/Business-Operations-in-Saudi-Arabia | /blog/Commercial-Service-Offices-in-Saudi-Arabia | /blog/Cost-of-starting-a-business-in-Saudi-Arabia-2026 | /blog/Government-Relations-Services | /blog/HR-Governance-in-Saudi-Arabia | /blog/HR-Outsourcing-in-Saudi-Arabia | /blog/How-to-Apply-for-Saudi-Residency | /blog/Iqama-Issuance-and-Renewal-Services-in-Saudi-Arabia | /blog/Ministry-of-Commerce-in-Saudi-Arabia | /blog/Ministry-of-Investment-in-Saudi-Arabia | /blog/Outsourced-HR-and-Operational-Support | /blog/Regional-Headquarters-in-Saudi-Arabia | /blog/Saudi-Corporate-Compliance-Services | /blog/Steps-for-Business-Setup-in-KSA | /blog/Wage-Protection-System-in-saudi-arabia | /blog/about-Qiwa-Platform | /blog/balady-platform-saudi-arabia-guide | /blog/business-etiquette-comprehensive-guide-saudi-arabia | /blog/cash-flows-in-saudi-arabia-financial-guide | /blog/commercial-business-setup-ksa-comprehensive-guide | /blog/company-registration-in-saudi-arabia | /blog/company-registration-in-saudi-arabia-comprehensive-guide | /blog/comprehensive-development-rights-saudi-arabia-guide | /blog/ejar-platform-saudi-arabia-guide | /blog/establishing-a-company-in-saudi-arabia-comprehensive-guide | /blog/facilitating-sovereign-financial-procedures-saudi-arabia-guide | /blog/freedom-of-ownership-in-saudi-arabia-investors-guide | /services/home | /blog/instant-license-issuance-saudi-arabia-guide | /blog/legal-consultant-in-saudi-arabia-investor-support-2026 | /blog/legal-translation-services-in-saudi-arabia | /blog/market-entry-strategy-in-KSA | /blog/misa-license-saudi-arabia-comprehensive-guide | /blog/open-business-in-saudi-arabia | /blog/open-business-in-saudi-arabia-comprehensive-guide | /blog/opening-bank-account-saudi-arabia-investors-guide-2026 | /blog/professional-licenses-saudi-arabia-guide | /blog/professional-staff-saudi-arabia-management-guide | /blog/rhq-formation-saudi-arabia-comprehensive-guide | /blog/saudi-arabia-company-incorporation | /blog/saudi-arabia-company-incorporation-guide | /blog/saudi-arabia-rhq-incentives-requirements-guide | /blog/saudi-company-incorporation-comprehensive-guide | /blog/starting-a-company-in-saudi-arabia | /blog/starting-a-company-in-saudi-arabia-guide | /blog/tax-system-saudi-arabia-wht-vat-cit-guide
node,621,en,article,Consulting Firm in Saudi Arabia for Investors 2026,node__body,body_value,45,/Articles-of-Association | /Articles-of-Association-in-Saudi-Arabia | /Business-Operations-in-Saudi-Arabia | /Commercial-Service-Offices-in-Saudi-Arabia | /Cost-of-starting-a-business-in-Saudi-Arabia-2026 | /Government-Relations-Services | /HR-Governance-in-Saudi-Arabia | /HR-Outsourcing-in-Saudi-Arabia | /How-to-Apply-for-Saudi-Residency | /Iqama-Issuance-and-Renewal-Services-in-Saudi-Arabia | /MISA-Investment-License | /Ministry-of-Investment-in-Saudi-Arabia | /Regional-Headquarters-in-Saudi-Arabia | /Saudi-Corporate-Compliance-Services | /Steps-for-Business-Setup-in-KSA | /Wage-Protection-System-in-saudi-arabia | /ZATCA | /about-Qiwa-Platform | /balady-platform-saudi-arabia-guide | /business-etiquette-comprehensive-guide-saudi-arabia | /cash-flows-in-saudi-arabia-financial-guide | /commercial-business-setup-ksa-comprehensive-guide | /company-registration-in-saudi-arabia | /company-registration-in-saudi-arabia-comprehensive-guide | /company-setup-in-saudi-arabia-comprehensive-guide | /comprehensive-development-rights-saudi-arabia-guide | /ejar-platform-saudi-arabia-guide | /establishing-a-company-in-saudi-arabia-comprehensive-guide | /facilitating-sovereign-financial-procedures-saudi-arabia-guide | /freedom-of-ownership-in-saudi-arabia-investors-guide | /home | /instant-license-issuance-saudi-arabia-guide | /legal-consultant-in-saudi-arabia-investor-support-2026 | /legal-translation-services-in-saudi-arabia | /market-entry-strategy-in-KSA | /misa-license-saudi-arabia-comprehensive-guide | /open-business-in-saudi-arabia | /open-business-in-saudi-arabia-comprehensive-guide | /opening-bank-account-saudi-arabia-investors-guide-2026 | /professional-licenses-saudi-arabia-guide | /professional-staff-saudi-arabia-management-guide | /saudi-arabia-rhq-incentives-requirements-guide | /starting-a-company-in-saudi-arabia | /starting-a-company-in-saudi-arabia-guide | /tax-system-saudi-arabia-wht-vat-cit-guide,/services/Articles-of-Association | /blog/Articles-of-Association-in-Saudi-Arabia | /blog/Business-Operations-in-Saudi-Arabia | /blog/Commercial-Service-Offices-in-Saudi-Arabia | /blog/Cost-of-starting-a-business-in-Saudi-Arabia-2026 | /blog/Government-Relations-Services | /blog/HR-Governance-in-Saudi-Arabia | /blog/HR-Outsourcing-in-Saudi-Arabia | /blog/How-to-Apply-for-Saudi-Residency | /blog/Iqama-Issuance-and-Renewal-Services-in-Saudi-Arabia | /blog/MISA-Investment-License | /blog/Ministry-of-Investment-in-Saudi-Arabia | /blog/Regional-Headquarters-in-Saudi-Arabia | /blog/Saudi-Corporate-Compliance-Services | /blog/Steps-for-Business-Setup-in-KSA | /blog/Wage-Protection-System-in-saudi-arabia | /blog/ZATCA | /blog/about-Qiwa-Platform | /blog/balady-platform-saudi-arabia-guide | /blog/business-etiquette-comprehensive-guide-saudi-arabia | /blog/cash-flows-in-saudi-arabia-financial-guide | /blog/commercial-business-setup-ksa-comprehensive-guide | /blog/company-registration-in-saudi-arabia | /blog/company-registration-in-saudi-arabia-comprehensive-guide | /blog/company-setup-in-saudi-arabia-comprehensive-guide | /blog/comprehensive-development-rights-saudi-arabia-guide | /blog/ejar-platform-saudi-arabia-guide | /blog/establishing-a-company-in-saudi-arabia-comprehensive-guide | /blog/facilitating-sovereign-financial-procedures-saudi-arabia-guide | /blog/freedom-of-ownership-in-saudi-arabia-investors-guide | /services/home | /blog/instant-license-issuance-saudi-arabia-guide | /blog/legal-consultant-in-saudi-arabia-investor-support-2026 | /blog/legal-translation-services-in-saudi-arabia | /blog/market-entry-strategy-in-KSA | /blog/misa-license-saudi-arabia-comprehensive-guide | /blog/open-business-in-saudi-arabia | /blog/open-business-in-saudi-arabia-comprehensive-guide | /blog/opening-bank-account-saudi-arabia-investors-guide-2026 | /blog/professional-licenses-saudi-arabia-guide | /blog/professional-staff-saudi-arabia-management-guide | /blog/saudi-arabia-rhq-incentives-requirements-guide | /blog/starting-a-company-in-saudi-arabia | /blog/starting-a-company-in-saudi-arabia-guide | /blog/tax-system-saudi-arabia-wht-vat-cit-guide
node,622,en,article,Company Setup in Riyadh 2026 | Strategic Guide - Motaded,node__body,body_value,59,/Articles-of-Association | /Articles-of-Association-in-Saudi-Arabia | /Business-Operations-in-Saudi-Arabia | /Commercial-Registration-Renewal | /Commercial-Service-Offices-in-Saudi-Arabia | /Cost-of-starting-a-business-in-Saudi-Arabia-2026 | /Government-Relations-Services | /Guide-to-Company-Formation-in-Saudi-Arabia | /HR-Governance-in-Saudi-Arabia | /HR-Outsourcing-in-Saudi-Arabia | /How-to-Apply-for-Saudi-Residency | /Investment-Registration-Certificate | /Iqama-Issuance-and-Renewal-Services-in-Saudi-Arabia | /MISA-Investment-License | /Ministry-of-Commerce-in-Saudi-Arabia | /Ministry-of-Investment-in-Saudi-Arabia | /Outsourced-HR-and-Operational-Support | /PRO-services-in-Saudi-Arabia | /Regional-Headquarters-in-Saudi-Arabia | /Saudi-Corporate-Compliance-Services | /Steps-for-Business-Setup-in-KSA | /The-Comprehensive-Guide-to-Saudi-Business-Center | /Wage-Protection-System-in-saudi-arabia | /ZATCA | /about-Qiwa-Platform | /balady-platform-saudi-arabia-guide | /business-etiquette-comprehensive-guide-saudi-arabia | /business-opportunities-saudi-arabia-comprehensive-guide | /business-setup | /business-setup-in-saudi-arabia | /business-setup-in-saudi-arabia-comprehensive-guide | /cash-flows-in-saudi-arabia-financial-guide | /commercial-business-setup-ksa-comprehensive-guide | /company-setup-in-saudi-arabia-comprehensive-guide | /company-setup-riyadh-comprehensive-guide | /comprehensive-development-rights-saudi-arabia-guide | /ejar-platform-saudi-arabia-guide | /establishing-a-company-in-saudi-arabia-comprehensive-guide | /facilitating-sovereign-financial-procedures-saudi-arabia-guide | /freedom-of-ownership-in-saudi-arabia-investors-guide | /home | /instant-license-issuance-saudi-arabia-guide | /legal-consultant-in-saudi-arabia-investor-support-2026 | /legal-translation-services-in-saudi-arabia | /license-investor-saudi-arabia-comprehensive-guide | /market-entry-strategy-in-KSA | /misa-license-saudi-arabia-comprehensive-guide | /opening-bank-account-saudi-arabia-investors-guide-2026 | /professional-licenses-saudi-arabia-guide | /professional-staff-saudi-arabia-management-guide | /saudi-arabia-company-incorporation | /saudi-arabia-company-incorporation-guide | /saudi-arabia-rhq-incentives-requirements-guide | /saudi-company-incorporation-comprehensive-guide | /setting-up-company-in-saudi-arabia | /setting-up-company-in-saudi-arabia-guide | /starting-a-company-in-saudi-arabia | /starting-a-company-in-saudi-arabia-guide | /tax-system-saudi-arabia-wht-vat-cit-guide,/services/Articles-of-Association | /blog/Articles-of-Association-in-Saudi-Arabia | /blog/Business-Operations-in-Saudi-Arabia | /blog/Commercial-Registration-Renewal | /blog/Commercial-Service-Offices-in-Saudi-Arabia | /blog/Cost-of-starting-a-business-in-Saudi-Arabia-2026 | /blog/Government-Relations-Services | /blog/Guide-to-Company-Formation-in-Saudi-Arabia | /blog/HR-Governance-in-Saudi-Arabia | /blog/HR-Outsourcing-in-Saudi-Arabia | /blog/How-to-Apply-for-Saudi-Residency | /blog/Investment-Registration-Certificate | /blog/Iqama-Issuance-and-Renewal-Services-in-Saudi-Arabia | /blog/MISA-Investment-License | /blog/Ministry-of-Commerce-in-Saudi-Arabia | /blog/Ministry-of-Investment-in-Saudi-Arabia | /blog/Outsourced-HR-and-Operational-Support | /blog/PRO-services-in-Saudi-Arabia | /blog/Regional-Headquarters-in-Saudi-Arabia | /blog/Saudi-Corporate-Compliance-Services | /blog/Steps-for-Business-Setup-in-KSA | /blog/The-Comprehensive-Guide-to-Saudi-Business-Center | /blog/Wage-Protection-System-in-saudi-arabia | /blog/ZATCA | /blog/about-Qiwa-Platform | /blog/balady-platform-saudi-arabia-guide | /blog/business-etiquette-comprehensive-guide-saudi-arabia | /blog/business-opportunities-saudi-arabia-comprehensive-guide | /services/business-setup | /blog/business-setup-in-saudi-arabia | /blog/business-setup-in-saudi-arabia-comprehensive-guide | /blog/cash-flows-in-saudi-arabia-financial-guide | /blog/commercial-business-setup-ksa-comprehensive-guide | /blog/company-setup-in-saudi-arabia-comprehensive-guide | /blog/company-setup-riyadh-comprehensive-guide | /blog/comprehensive-development-rights-saudi-arabia-guide | /blog/ejar-platform-saudi-arabia-guide | /blog/establishing-a-company-in-saudi-arabia-comprehensive-guide | /blog/facilitating-sovereign-financial-procedures-saudi-arabia-guide | /blog/freedom-of-ownership-in-saudi-arabia-investors-guide | /services/home | /blog/instant-license-issuance-saudi-arabia-guide | /blog/legal-consultant-in-saudi-arabia-investor-support-2026 | /blog/legal-translation-services-in-saudi-arabia | /blog/license-investor-saudi-arabia-comprehensive-guide | /blog/market-entry-strategy-in-KSA | /blog/misa-license-saudi-arabia-comprehensive-guide | /blog/opening-bank-account-saudi-arabia-investors-guide-2026 | /blog/professional-licenses-saudi-arabia-guide | /blog/professional-staff-saudi-arabia-management-guide | /blog/saudi-arabia-company-incorporation | /blog/saudi-arabia-company-incorporation-guide | /blog/saudi-arabia-rhq-incentives-requirements-guide | /blog/saudi-company-incorporation-comprehensive-guide | /blog/setting-up-company-in-saudi-arabia | /blog/setting-up-company-in-saudi-arabia-guide | /blog/starting-a-company-in-saudi-arabia | /blog/starting-a-company-in-saudi-arabia-guide | /blog/tax-system-saudi-arabia-wht-vat-cit-guide
node,623,en,article,Riyadh Company Setup 2026 | Strategic Guide - Motaded,node__body,body_value,30,/Cost-of-starting-a-business-in-Saudi-Arabia-2026 | /Guide-to-Company-Formation-in-Saudi-Arabia | /MISA-Investment-License | /Ministry-of-Commerce-in-Saudi-Arabia | /Ministry-of-Investment-in-Saudi-Arabia | /Public-Investment-Fund-Meaning-Strategy-and-Global-Impact | /The-Comprehensive-Guide-to-Saudi-Business-Center | /about-Qiwa-Platform | /balady-platform-saudi-arabia-guide | /business-etiquette-comprehensive-guide-saudi-arabia | /business-setup | /business-setup-in-saudi-arabia | /business-setup-in-saudi-arabia-comprehensive-guide | /cash-flows-in-saudi-arabia-financial-guide | /commercial-business-setup-ksa-comprehensive-guide | /ejar-platform-saudi-arabia-guide | /freedom-of-ownership-in-saudi-arabia-investors-guide | /home | /hr-companies-in-riyadh | /legal-consultant-in-saudi-arabia-investor-support-2026 | /market-entry-strategy-in-KSA | /misa-license-saudi-arabia-comprehensive-guide | /opening-bank-account-saudi-arabia-investors-guide-2026 | /riyadh-company-setup-comprehensive-guide | /saudi-arabia-company-incorporation | /saudi-arabia-company-incorporation-guide | /saudi-arabia-rhq-incentives-requirements-guide | /saudi-company-incorporation-comprehensive-guide | /starting-a-company-in-saudi-arabia | /starting-a-company-in-saudi-arabia-guide,/blog/Cost-of-starting-a-business-in-Saudi-Arabia-2026 | /blog/Guide-to-Company-Formation-in-Saudi-Arabia | /blog/MISA-Investment-License | /blog/Ministry-of-Commerce-in-Saudi-Arabia | /blog/Ministry-of-Investment-in-Saudi-Arabia | /blog/Public-Investment-Fund-Meaning-Strategy-and-Global-Impact | /blog/The-Comprehensive-Guide-to-Saudi-Business-Center | /blog/about-Qiwa-Platform | /blog/balady-platform-saudi-arabia-guide | /blog/business-etiquette-comprehensive-guide-saudi-arabia | /services/business-setup | /blog/business-setup-in-saudi-arabia | /blog/business-setup-in-saudi-arabia-comprehensive-guide | /blog/cash-flows-in-saudi-arabia-financial-guide | /blog/commercial-business-setup-ksa-comprehensive-guide | /blog/ejar-platform-saudi-arabia-guide | /blog/freedom-of-ownership-in-saudi-arabia-investors-guide | /services/home | /blog/hr-companies-in-riyadh | /blog/legal-consultant-in-saudi-arabia-investor-support-2026 | /blog/market-entry-strategy-in-KSA | /blog/misa-license-saudi-arabia-comprehensive-guide | /blog/opening-bank-account-saudi-arabia-investors-guide-2026 | /blog/riyadh-company-setup-comprehensive-guide | /blog/saudi-arabia-company-incorporation | /blog/saudi-arabia-company-incorporation-guide | /blog/saudi-arabia-rhq-incentives-requirements-guide | /blog/saudi-company-incorporation-comprehensive-guide | /blog/starting-a-company-in-saudi-arabia | /blog/starting-a-company-in-saudi-arabia-guide
node,624,en,article,Startup Business Investment Opportunities 2026,node__body,body_value,58,/Articles-of-Association | /Articles-of-Association-in-Saudi-Arabia | /Commercial-Service-Offices-in-Saudi-Arabia | /Cost-of-starting-a-business-in-Saudi-Arabia-2026 | /Guide-to-Company-Formation-in-Saudi-Arabia | /HR-Governance-in-Saudi-Arabia | /How-to-Apply-for-Saudi-Residency | /Iqama-Issuance-and-Renewal-Services-in-Saudi-Arabia | /Ministry-of-Commerce-in-Saudi-Arabia | /Ministry-of-Investment-in-Saudi-Arabia | /Outsourced-HR-and-Operational-Support | /PRO-services-in-Saudi-Arabia | /Regional-Headquarters-in-Saudi-Arabia | /Saudi-Corporate-Compliance-Services | /Steps-for-Business-Setup-in-KSA | /The-Comprehensive-Guide-to-Saudi-Business-Center | /Wage-Protection-System-in-saudi-arabia | /ZATCA | /about-Qiwa-Platform | /balady-platform-saudi-arabia-guide | /business-etiquette-comprehensive-guide-saudi-arabia | /business-opportunities-saudi-arabia-comprehensive-guide | /business-setup | /business-setup-in-saudi-arabia | /business-setup-in-saudi-arabia-comprehensive-guide | /business-visa-in-saudi-arabia-comprehensive-guide | /cash-flows-in-saudi-arabia-financial-guide | /company-registration-in-saudi-arabia | /company-registration-in-saudi-arabia-comprehensive-guide | /company-set-up-in-saudi-arabia | /company-set-up-in-saudi-arabia-strategy | /company-setup-riyadh-comprehensive-guide | /comprehensive-development-rights-saudi-arabia-guide | /consulting-firm-saudi-arabia-investors-comprehensive-guide | /ejar-platform-saudi-arabia-guide | /facilitating-sovereign-financial-procedures-saudi-arabia-guide | /freedom-of-ownership-in-saudi-arabia-investors-guide | /home | /instant-license-issuance-saudi-arabia-guide | /invest-in-saudi-arabia-company-formation | /invest-in-saudi-arabia-comprehensive-encyclopedic-guide | /investment-systems-in-saudi-arabia-guide | /legal-consultant-in-saudi-arabia-investor-support-2026 | /license-investor-saudi-arabia-comprehensive-guide | /market-entry-strategy-in-KSA | /ministry-of-foreign-affairs-saudi-business-encyclopedic-guide | /misa-license-saudi-arabia-comprehensive-guide | /misa-setup-consultants-saudi-arabia-comprehensive-guide | /open-business-in-saudi-arabia | /open-business-in-saudi-arabia-comprehensive-guide | /opening-bank-account-saudi-arabia-investors-guide-2026 | /professional-staff-saudi-arabia-management-guide | /register-license-in-saudi-arabia-comprehensive-guide | /rhq-formation-saudi-arabia-comprehensive-guide | /saudi-arabia-rhq-incentives-requirements-guide | /saudi-company-incorporation-comprehensive-guide | /startup-business-investment-opportunities-2026-guide | /tax-system-saudi-arabia-wht-vat-cit-guide,/services/Articles-of-Association | /blog/Articles-of-Association-in-Saudi-Arabia | /blog/Commercial-Service-Offices-in-Saudi-Arabia | /blog/Cost-of-starting-a-business-in-Saudi-Arabia-2026 | /blog/Guide-to-Company-Formation-in-Saudi-Arabia | /blog/HR-Governance-in-Saudi-Arabia | /blog/How-to-Apply-for-Saudi-Residency | /blog/Iqama-Issuance-and-Renewal-Services-in-Saudi-Arabia | /blog/Ministry-of-Commerce-in-Saudi-Arabia | /blog/Ministry-of-Investment-in-Saudi-Arabia | /blog/Outsourced-HR-and-Operational-Support | /blog/PRO-services-in-Saudi-Arabia | /blog/Regional-Headquarters-in-Saudi-Arabia | /blog/Saudi-Corporate-Compliance-Services | /blog/Steps-for-Business-Setup-in-KSA | /blog/The-Comprehensive-Guide-to-Saudi-Business-Center | /blog/Wage-Protection-System-in-saudi-arabia | /blog/ZATCA | /blog/about-Qiwa-Platform | /blog/balady-platform-saudi-arabia-guide | /blog/business-etiquette-comprehensive-guide-saudi-arabia | /blog/business-opportunities-saudi-arabia-comprehensive-guide | /services/business-setup | /blog/business-setup-in-saudi-arabia | /blog/business-setup-in-saudi-arabia-comprehensive-guide | /blog/business-visa-in-saudi-arabia-comprehensive-guide | /blog/cash-flows-in-saudi-arabia-financial-guide | /blog/company-registration-in-saudi-arabia | /blog/company-registration-in-saudi-arabia-comprehensive-guide | /blog/company-set-up-in-saudi-arabia | /blog/company-set-up-in-saudi-arabia-strategy | /blog/company-setup-riyadh-comprehensive-guide | /blog/comprehensive-development-rights-saudi-arabia-guide | /blog/consulting-firm-saudi-arabia-investors-comprehensive-guide | /blog/ejar-platform-saudi-arabia-guide | /blog/facilitating-sovereign-financial-procedures-saudi-arabia-guide | /blog/freedom-of-ownership-in-saudi-arabia-investors-guide | /services/home | /blog/instant-license-issuance-saudi-arabia-guide | /blog/invest-in-saudi-arabia-company-formation | /blog/invest-in-saudi-arabia-comprehensive-encyclopedic-guide | /blog/investment-systems-in-saudi-arabia-guide | /blog/legal-consultant-in-saudi-arabia-investor-support-2026 | /blog/license-investor-saudi-arabia-comprehensive-guide | /blog/market-entry-strategy-in-KSA | /blog/ministry-of-foreign-affairs-saudi-business-encyclopedic-guide | /blog/misa-license-saudi-arabia-comprehensive-guide | /blog/misa-setup-consultants-saudi-arabia-comprehensive-guide | /blog/open-business-in-saudi-arabia | /blog/open-business-in-saudi-arabia-comprehensive-guide | /blog/opening-bank-account-saudi-arabia-investors-guide-2026 | /blog/professional-staff-saudi-arabia-management-guide | /blog/register-license-in-saudi-arabia-comprehensive-guide | /blog/rhq-formation-saudi-arabia-comprehensive-guide | /blog/saudi-arabia-rhq-incentives-requirements-guide | /blog/saudi-company-incorporation-comprehensive-guide | /blog/startup-business-investment-opportunities-2026-guide | /blog/tax-system-saudi-arabia-wht-vat-cit-guide
node,625,en,article,Investment Data Services 2026 | Strategic Guide - Motaded,node__body,body_value,57,/Articles-of-Association | /Articles-of-Association-in-Saudi-Arabia | /Commercial-Registration-Renewal | /Commercial-Service-Offices-in-Saudi-Arabia | /Cost-of-starting-a-business-in-Saudi-Arabia-2026 | /Guide-to-Company-Formation-in-Saudi-Arabia | /HR-Governance-in-Saudi-Arabia | /How-to-Apply-for-Saudi-Residency | /Iqama-Issuance-and-Renewal-Services-in-Saudi-Arabia | /Ministry-of-Commerce-in-Saudi-Arabia | /Ministry-of-Investment-in-Saudi-Arabia | /Outsourced-HR-and-Operational-Support | /PRO-services-in-Saudi-Arabia | /Regional-Headquarters-in-Saudi-Arabia | /Saudi-Corporate-Compliance-Services | /Steps-for-Business-Setup-in-KSA | /The-Comprehensive-Guide-to-Saudi-Business-Center | /Wage-Protection-System-in-saudi-arabia | /ZATCA | /about-Qiwa-Platform | /balady-platform-saudi-arabia-guide | /business-etiquette-comprehensive-guide-saudi-arabia | /business-setup | /business-setup-in-saudi-arabia | /business-setup-in-saudi-arabia-comprehensive-guide | /business-visa-in-saudi-arabia-comprehensive-guide | /cash-flows-in-saudi-arabia-financial-guide | /company-registration-in-saudi-arabia | /company-registration-in-saudi-arabia-comprehensive-guide | /company-set-up-in-saudi-arabia | /company-set-up-in-saudi-arabia-strategy | /company-setup-riyadh-comprehensive-guide | /comprehensive-development-rights-saudi-arabia-guide | /consulting-firm-saudi-arabia-investors-comprehensive-guide | /ejar-platform-saudi-arabia-guide | /facilitating-sovereign-financial-procedures-saudi-arabia-guide | /freedom-of-ownership-in-saudi-arabia-investors-guide | /home | /hr-companies-in-riyadh | /instant-license-issuance-saudi-arabia-guide | /invest-in-saudi-arabia-company-formation | /invest-in-saudi-arabia-comprehensive-encyclopedic-guide | /investment-systems-in-saudi-arabia-guide | /legal-consultant-in-saudi-arabia-investor-support-2026 | /license-investor-saudi-arabia-comprehensive-guide | /market-entry-strategy-in-KSA | /ministry-of-foreign-affairs-saudi-business-encyclopedic-guide | /misa-license-saudi-arabia-comprehensive-guide | /opening-bank-account-saudi-arabia-investors-guide-2026 | /professional-staff-saudi-arabia-management-guide | /register-license-in-saudi-arabia-comprehensive-guide | /rhq-formation-saudi-arabia-comprehensive-guide | /saudi-arabia-rhq-incentives-requirements-guide | /saudi-company-incorporation-comprehensive-guide | /starting-a-company-in-saudi-arabia | /starting-a-company-in-saudi-arabia-guide | /tax-system-saudi-arabia-wht-vat-cit-guide,/services/Articles-of-Association | /blog/Articles-of-Association-in-Saudi-Arabia | /blog/Commercial-Registration-Renewal | /blog/Commercial-Service-Offices-in-Saudi-Arabia | /blog/Cost-of-starting-a-business-in-Saudi-Arabia-2026 | /blog/Guide-to-Company-Formation-in-Saudi-Arabia | /blog/HR-Governance-in-Saudi-Arabia | /blog/How-to-Apply-for-Saudi-Residency | /blog/Iqama-Issuance-and-Renewal-Services-in-Saudi-Arabia | /blog/Ministry-of-Commerce-in-Saudi-Arabia | /blog/Ministry-of-Investment-in-Saudi-Arabia | /blog/Outsourced-HR-and-Operational-Support | /blog/PRO-services-in-Saudi-Arabia | /blog/Regional-Headquarters-in-Saudi-Arabia | /blog/Saudi-Corporate-Compliance-Services | /blog/Steps-for-Business-Setup-in-KSA | /blog/The-Comprehensive-Guide-to-Saudi-Business-Center | /blog/Wage-Protection-System-in-saudi-arabia | /blog/ZATCA | /blog/about-Qiwa-Platform | /blog/balady-platform-saudi-arabia-guide | /blog/business-etiquette-comprehensive-guide-saudi-arabia | /services/business-setup | /blog/business-setup-in-saudi-arabia | /blog/business-setup-in-saudi-arabia-comprehensive-guide | /blog/business-visa-in-saudi-arabia-comprehensive-guide | /blog/cash-flows-in-saudi-arabia-financial-guide | /blog/company-registration-in-saudi-arabia | /blog/company-registration-in-saudi-arabia-comprehensive-guide | /blog/company-set-up-in-saudi-arabia | /blog/company-set-up-in-saudi-arabia-strategy | /blog/company-setup-riyadh-comprehensive-guide | /blog/comprehensive-development-rights-saudi-arabia-guide | /blog/consulting-firm-saudi-arabia-investors-comprehensive-guide | /blog/ejar-platform-saudi-arabia-guide | /blog/facilitating-sovereign-financial-procedures-saudi-arabia-guide | /blog/freedom-of-ownership-in-saudi-arabia-investors-guide | /services/home | /blog/hr-companies-in-riyadh | /blog/instant-license-issuance-saudi-arabia-guide | /blog/invest-in-saudi-arabia-company-formation | /blog/invest-in-saudi-arabia-comprehensive-encyclopedic-guide | /blog/investment-systems-in-saudi-arabia-guide | /blog/legal-consultant-in-saudi-arabia-investor-support-2026 | /blog/license-investor-saudi-arabia-comprehensive-guide | /blog/market-entry-strategy-in-KSA | /blog/ministry-of-foreign-affairs-saudi-business-encyclopedic-guide | /blog/misa-license-saudi-arabia-comprehensive-guide | /blog/opening-bank-account-saudi-arabia-investors-guide-2026 | /blog/professional-staff-saudi-arabia-management-guide | /blog/register-license-in-saudi-arabia-comprehensive-guide | /blog/rhq-formation-saudi-arabia-comprehensive-guide | /blog/saudi-arabia-rhq-incentives-requirements-guide | /blog/saudi-company-incorporation-comprehensive-guide | /blog/starting-a-company-in-saudi-arabia | /blog/starting-a-company-in-saudi-arabia-guide | /blog/tax-system-saudi-arabia-wht-vat-cit-guide
node,626,en,article,How to Apply for Saudi Visa 2026 | Strategic Guide - Motaded,node__body,body_value,68,/Advanced-Business-Operations-in-Saudi-Arabia | /Articles-of-Association | /Articles-of-Association-in-Saudi-Arabia | /Commercial-Registration-Renewal | /Cost-of-starting-a-business-in-Saudi-Arabia-2026 | /Guide-to-Company-Formation-in-Saudi-Arabia | /HR-Governance-in-Saudi-Arabia | /How-to-Apply-for-Saudi-Residency | /Incorporating-a-Company-in-Saudi-Arabia | /Integrated-Logistics-Special-Bonded-Zone | /Iqama-Issuance-and-Renewal-Services-in-Saudi-Arabia | /MISA-Investment-License | /Ministry-of-Commerce-in-Saudi-Arabia | /Ministry-of-Investment-in-Saudi-Arabia | /Ministry-of-Labor-in-Saudi-Arabia | /Outsourced-HR-and-Operational-Support | /PRO-Services-in-Saudi-Arabia-for-Foreign-Companies | /PRO-and-Government-Relations-Services-in-Saudi-Arabia | /PRO-services-in-Saudi-Arabia | /Regional-Headquarters-in-Saudi-Arabia | /Saudi-Corporate-Compliance-Services | /Steps-for-Business-Setup-in-KSA | /The-Comprehensive-Guide-to-Saudi-Business-Center | /Wage-Protection-System-in-saudi-arabia | /ZATCA | /about-Qiwa-Platform | /balady-platform-saudi-arabia-guide | /business-etiquette-comprehensive-guide-saudi-arabia | /business-opportunities-saudi-arabia-comprehensive-guide | /business-setup | /business-setup-in-saudi-arabia | /business-setup-in-saudi-arabia-comprehensive-guide | /business-visa-in-saudi-arabia-comprehensive-guide | /cash-flows-in-saudi-arabia-financial-guide | /commercial-business-setup-ksa-comprehensive-guide | /company-registration-in-saudi-arabia | /company-registration-in-saudi-arabia-comprehensive-guide | /company-setup-in-saudi-arabia-comprehensive-guide | /company-setup-riyadh-comprehensive-guide | /comprehensive-development-rights-saudi-arabia-guide | /consulting-firm-saudi-arabia-investors-comprehensive-guide | /consulting-license-saudi-arabia-legal-management-consultant-guide | /ejar-platform-saudi-arabia-guide | /facilitating-sovereign-financial-procedures-saudi-arabia-guide | /home | /how-to-apply-for-saudi-visa-comprehensive-guide | /instant-license-issuance-saudi-arabia-guide | /insurance-brokerage-license-saudi-arabia-guide | /invest-in-saudi-arabia-company-formation | /investment-systems-in-saudi-arabia-guide | /legal-consultant-in-saudi-arabia-investor-support-2026 | /market-entry-strategy-in-KSA | /ministry-of-foreign-affairs-saudi-business-encyclopedic-guide | /misa-license-saudi-arabia-comprehensive-guide | /opening-bank-account-saudi-arabia-investors-guide-2026 | /professional-licenses-saudi-arabia-guide | /professional-staff-saudi-arabia-management-guide | /real-estate-developer-license-saudi-arabia-guide | /rhq-formation-saudi-arabia-comprehensive-guide | /saudi-arabia-company-incorporation | /saudi-arabia-company-incorporation-guide | /saudi-arabia-rhq-incentives-requirements-guide | /saudi-company-incorporation-comprehensive-guide | /setting-up-business-in-ksa-comprehensive-guide | /starting-a-company-in-saudi-arabia | /starting-a-company-in-saudi-arabia-guide | /startup-business-investment-opportunities-2026-guide | /tax-system-saudi-arabia-wht-vat-cit-guide,/blog/Advanced-Business-Operations-in-Saudi-Arabia | /services/Articles-of-Association | /blog/Articles-of-Association-in-Saudi-Arabia | /blog/Commercial-Registration-Renewal | /blog/Cost-of-starting-a-business-in-Saudi-Arabia-2026 | /blog/Guide-to-Company-Formation-in-Saudi-Arabia | /blog/HR-Governance-in-Saudi-Arabia | /blog/How-to-Apply-for-Saudi-Residency | /blog/Incorporating-a-Company-in-Saudi-Arabia | /blog/Integrated-Logistics-Special-Bonded-Zone | /blog/Iqama-Issuance-and-Renewal-Services-in-Saudi-Arabia | /blog/MISA-Investment-License | /blog/Ministry-of-Commerce-in-Saudi-Arabia | /blog/Ministry-of-Investment-in-Saudi-Arabia | /blog/Ministry-of-Labor-in-Saudi-Arabia | /blog/Outsourced-HR-and-Operational-Support | /blog/PRO-Services-in-Saudi-Arabia-for-Foreign-Companies | /blog/PRO-and-Government-Relations-Services-in-Saudi-Arabia | /blog/PRO-services-in-Saudi-Arabia | /blog/Regional-Headquarters-in-Saudi-Arabia | /blog/Saudi-Corporate-Compliance-Services | /blog/Steps-for-Business-Setup-in-KSA | /blog/The-Comprehensive-Guide-to-Saudi-Business-Center | /blog/Wage-Protection-System-in-saudi-arabia | /blog/ZATCA | /blog/about-Qiwa-Platform | /blog/balady-platform-saudi-arabia-guide | /blog/business-etiquette-comprehensive-guide-saudi-arabia | /blog/business-opportunities-saudi-arabia-comprehensive-guide | /services/business-setup | /blog/business-setup-in-saudi-arabia | /blog/business-setup-in-saudi-arabia-comprehensive-guide | /blog/business-visa-in-saudi-arabia-comprehensive-guide | /blog/cash-flows-in-saudi-arabia-financial-guide | /blog/commercial-business-setup-ksa-comprehensive-guide | /blog/company-registration-in-saudi-arabia | /blog/company-registration-in-saudi-arabia-comprehensive-guide | /blog/company-setup-in-saudi-arabia-comprehensive-guide | /blog/company-setup-riyadh-comprehensive-guide | /blog/comprehensive-development-rights-saudi-arabia-guide | /blog/consulting-firm-saudi-arabia-investors-comprehensive-guide | /blog/consulting-license-saudi-arabia-legal-management-consultant-guide | /blog/ejar-platform-saudi-arabia-guide | /blog/facilitating-sovereign-financial-procedures-saudi-arabia-guide | /services/home | /blog/how-to-apply-for-saudi-visa-comprehensive-guide | /blog/instant-license-issuance-saudi-arabia-guide | /blog/insurance-brokerage-license-saudi-arabia-guide | /blog/invest-in-saudi-arabia-company-formation | /blog/investment-systems-in-saudi-arabia-guide | /blog/legal-consultant-in-saudi-arabia-investor-support-2026 | /blog/market-entry-strategy-in-KSA | /blog/ministry-of-foreign-affairs-saudi-business-encyclopedic-guide | /blog/misa-license-saudi-arabia-comprehensive-guide | /blog/opening-bank-account-saudi-arabia-investors-guide-2026 | /blog/professional-licenses-saudi-arabia-guide | /blog/professional-staff-saudi-arabia-management-guide | /blog/real-estate-developer-license-saudi-arabia-guide | /blog/rhq-formation-saudi-arabia-comprehensive-guide | /blog/saudi-arabia-company-incorporation | /blog/saudi-arabia-company-incorporation-guide | /blog/saudi-arabia-rhq-incentives-requirements-guide | /blog/saudi-company-incorporation-comprehensive-guide | /blog/setting-up-business-in-ksa-comprehensive-guide | /blog/starting-a-company-in-saudi-arabia | /blog/starting-a-company-in-saudi-arabia-guide | /blog/startup-business-investment-opportunities-2026-guide | /blog/tax-system-saudi-arabia-wht-vat-cit-guide
node,627,en,article,Saudi Arabian Investment 2026 | Strategic Guide - Motaded,node__body,body_value,61,/Articles-of-Association | /Articles-of-Association-in-Saudi-Arabia | /Commercial-Registration-Renewal | /Commercial-Service-Offices-in-Saudi-Arabia | /Cost-of-starting-a-business-in-Saudi-Arabia-2026 | /Government-Relations-Services | /Guide-to-Company-Formation-in-Saudi-Arabia | /HR-Governance-in-Saudi-Arabia | /How-to-Apply-for-Saudi-Residency | /Iqama-Issuance-and-Renewal-Services-in-Saudi-Arabia | /MISA-Investment-License | /Ministry-of-Commerce-in-Saudi-Arabia | /Ministry-of-Investment-in-Saudi-Arabia | /Ministry-of-Labor-in-Saudi-Arabia | /Outsourced-HR-and-Operational-Support | /PRO-and-Government-Relations-Services-in-Saudi-Arabia | /Public-Investment-Fund-Meaning-Strategy-and-Global-Impact | /Regional-Headquarters-in-Saudi-Arabia | /Saudi-Corporate-Compliance-Services | /Steps-for-Business-Setup-in-KSA | /The-Comprehensive-Guide-to-Saudi-Business-Center | /Wage-Protection-System-in-saudi-arabia | /ZATCA | /about-Qiwa-Platform | /balady-platform-saudi-arabia-guide | /business-etiquette-comprehensive-guide-saudi-arabia | /business-visa-in-saudi-arabia-comprehensive-guide | /cash-flows-in-saudi-arabia-financial-guide | /company-set-up-in-saudi-arabia | /company-set-up-in-saudi-arabia-strategy | /company-setup-in-saudi-arabia-comprehensive-guide | /company-setup-riyadh-comprehensive-guide | /comprehensive-development-rights-saudi-arabia-guide | /consulting-license-saudi-arabia-legal-management-consultant-guide | /ejar-platform-saudi-arabia-guide | /facilitating-sovereign-financial-procedures-saudi-arabia-guide | /foreign-direct-investment-ksa-regulations-comprehensive-guide-2026 | /freedom-of-ownership-in-saudi-arabia-investors-guide | /home | /how-to-apply-for-saudi-visa-comprehensive-guide | /industrial-cities-saudi-arabia-comprehensive-guide | /instant-license-issuance-saudi-arabia-guide | /insurance-brokerage-license-saudi-arabia-guide | /invest-in-saudi-arabia-comprehensive-encyclopedic-guide | /investment-systems-in-saudi-arabia-guide | /legal-consultant-in-saudi-arabia-investor-support-2026 | /license-investor-saudi-arabia-comprehensive-guide | /market-entry-strategy-in-KSA | /ministry-of-foreign-affairs-saudi-business-encyclopedic-guide | /opening-bank-account-saudi-arabia-investors-guide-2026 | /professional-licenses-saudi-arabia-guide | /professional-staff-saudi-arabia-management-guide | /real-estate-developer-license-saudi-arabia-guide | /register-license-in-saudi-arabia-comprehensive-guide | /rhq-formation-saudi-arabia-comprehensive-guide | /saudi-arabia-company-incorporation | /saudi-arabia-company-incorporation-guide | /saudi-arabia-rhq-incentives-requirements-guide | /saudi-company-incorporation-comprehensive-guide | /startup-business-investment-opportunities-2026-guide | /tax-system-saudi-arabia-wht-vat-cit-guide,/services/Articles-of-Association | /blog/Articles-of-Association-in-Saudi-Arabia | /blog/Commercial-Registration-Renewal | /blog/Commercial-Service-Offices-in-Saudi-Arabia | /blog/Cost-of-starting-a-business-in-Saudi-Arabia-2026 | /blog/Government-Relations-Services | /blog/Guide-to-Company-Formation-in-Saudi-Arabia | /blog/HR-Governance-in-Saudi-Arabia | /blog/How-to-Apply-for-Saudi-Residency | /blog/Iqama-Issuance-and-Renewal-Services-in-Saudi-Arabia | /blog/MISA-Investment-License | /blog/Ministry-of-Commerce-in-Saudi-Arabia | /blog/Ministry-of-Investment-in-Saudi-Arabia | /blog/Ministry-of-Labor-in-Saudi-Arabia | /blog/Outsourced-HR-and-Operational-Support | /blog/PRO-and-Government-Relations-Services-in-Saudi-Arabia | /blog/Public-Investment-Fund-Meaning-Strategy-and-Global-Impact | /blog/Regional-Headquarters-in-Saudi-Arabia | /blog/Saudi-Corporate-Compliance-Services | /blog/Steps-for-Business-Setup-in-KSA | /blog/The-Comprehensive-Guide-to-Saudi-Business-Center | /blog/Wage-Protection-System-in-saudi-arabia | /blog/ZATCA | /blog/about-Qiwa-Platform | /blog/balady-platform-saudi-arabia-guide | /blog/business-etiquette-comprehensive-guide-saudi-arabia | /blog/business-visa-in-saudi-arabia-comprehensive-guide | /blog/cash-flows-in-saudi-arabia-financial-guide | /blog/company-set-up-in-saudi-arabia | /blog/company-set-up-in-saudi-arabia-strategy | /blog/company-setup-in-saudi-arabia-comprehensive-guide | /blog/company-setup-riyadh-comprehensive-guide | /blog/comprehensive-development-rights-saudi-arabia-guide | /blog/consulting-license-saudi-arabia-legal-management-consultant-guide | /blog/ejar-platform-saudi-arabia-guide | /blog/facilitating-sovereign-financial-procedures-saudi-arabia-guide | /blog/foreign-direct-investment-ksa-regulations-comprehensive-guide-2026 | /blog/freedom-of-ownership-in-saudi-arabia-investors-guide | /services/home | /blog/how-to-apply-for-saudi-visa-comprehensive-guide | /blog/industrial-cities-saudi-arabia-comprehensive-guide | /blog/instant-license-issuance-saudi-arabia-guide | /blog/insurance-brokerage-license-saudi-arabia-guide | /blog/invest-in-saudi-arabia-comprehensive-encyclopedic-guide | /blog/investment-systems-in-saudi-arabia-guide | /blog/legal-consultant-in-saudi-arabia-investor-support-2026 | /blog/license-investor-saudi-arabia-comprehensive-guide | /blog/market-entry-strategy-in-KSA | /blog/ministry-of-foreign-affairs-saudi-business-encyclopedic-guide | /blog/opening-bank-account-saudi-arabia-investors-guide-2026 | /blog/professional-licenses-saudi-arabia-guide | /blog/professional-staff-saudi-arabia-management-guide | /blog/real-estate-developer-license-saudi-arabia-guide | /blog/register-license-in-saudi-arabia-comprehensive-guide | /blog/rhq-formation-saudi-arabia-comprehensive-guide | /blog/saudi-arabia-company-incorporation | /blog/saudi-arabia-company-incorporation-guide | /blog/saudi-arabia-rhq-incentives-requirements-guide | /blog/saudi-company-incorporation-comprehensive-guide | /blog/startup-business-investment-opportunities-2026-guide | /blog/tax-system-saudi-arabia-wht-vat-cit-guide
node,628,en,article,Business Consultancy Services 2026 | Strategic Guide - Motaded,node__body,body_value,58,/Articles-of-Association | /Articles-of-Association-in-Saudi-Arabia | /Business-Operations-in-Saudi-Arabia | /Cloud-Computing-Special-Economic-Zone | /Commercial-Registration-Renewal | /Commercial-Service-Offices-in-Saudi-Arabia | /Cost-of-starting-a-business-in-Saudi-Arabia-2026 | /Government-Relations-Services | /Guide-to-Company-Formation-in-Saudi-Arabia | /HR-Governance-in-Saudi-Arabia | /HR-Outsourcing-in-Saudi-Arabia | /How-to-Apply-for-Saudi-Residency | /Incorporating-a-Company-in-Saudi-Arabia | /Iqama-Issuance-and-Renewal-Services-in-Saudi-Arabia | /Ministry-of-Commerce-in-Saudi-Arabia | /Ministry-of-Labor-in-Saudi-Arabia | /Outsourced-HR-and-Operational-Support | /Regional-Headquarters-in-Saudi-Arabia | /Saudi-Corporate-Compliance-Services | /Wage-Protection-System-in-saudi-arabia | /ZATCA | /about-Qiwa-Platform | /balady-platform-saudi-arabia-guide | /business-consultancy-services-strategic-guide | /business-etiquette-comprehensive-guide-saudi-arabia | /business-setup | /business-setup-in-saudi-arabia | /business-setup-in-saudi-arabia-comprehensive-guide | /business-visa-in-saudi-arabia-comprehensive-guide | /cash-flows-in-saudi-arabia-financial-guide | /company-set-up-in-saudi-arabia | /company-set-up-in-saudi-arabia-strategy | /company-setup-in-saudi-arabia-comprehensive-guide | /company-setup-riyadh-comprehensive-guide | /comprehensive-development-rights-saudi-arabia-guide | /consulting-firm-saudi-arabia-investors-comprehensive-guide | /ejar-platform-saudi-arabia-guide | /facilitating-sovereign-financial-procedures-saudi-arabia-guide | /home | /instant-license-issuance-saudi-arabia-guide | /investment-systems-in-saudi-arabia-guide | /legal-consultant-in-saudi-arabia-investor-support-2026 | /license-investment-saudi-arabia-comprehensive-guide | /market-entry-strategy-in-KSA | /ministry-of-foreign-affairs-saudi-business-encyclopedic-guide | /misa-license-saudi-arabia-comprehensive-guide | /misa-setup-consultants-saudi-arabia-comprehensive-guide | /opening-bank-account-saudi-arabia-investors-guide-2026 | /professional-licenses-saudi-arabia-guide | /professional-staff-saudi-arabia-management-guide | /register-license-in-saudi-arabia-comprehensive-guide | /rhq-formation-saudi-arabia-comprehensive-guide | /saudi-arabia-company-incorporation | /saudi-arabia-company-incorporation-guide | /saudi-arabia-rhq-incentives-requirements-guide | /saudi-company-incorporation-comprehensive-guide | /startup-business-investment-opportunities-2026-guide | /tax-system-saudi-arabia-wht-vat-cit-guide,/services/Articles-of-Association | /blog/Articles-of-Association-in-Saudi-Arabia | /blog/Business-Operations-in-Saudi-Arabia | /blog/Cloud-Computing-Special-Economic-Zone | /blog/Commercial-Registration-Renewal | /blog/Commercial-Service-Offices-in-Saudi-Arabia | /blog/Cost-of-starting-a-business-in-Saudi-Arabia-2026 | /blog/Government-Relations-Services | /blog/Guide-to-Company-Formation-in-Saudi-Arabia | /blog/HR-Governance-in-Saudi-Arabia | /blog/HR-Outsourcing-in-Saudi-Arabia | /blog/How-to-Apply-for-Saudi-Residency | /blog/Incorporating-a-Company-in-Saudi-Arabia | /blog/Iqama-Issuance-and-Renewal-Services-in-Saudi-Arabia | /blog/Ministry-of-Commerce-in-Saudi-Arabia | /blog/Ministry-of-Labor-in-Saudi-Arabia | /blog/Outsourced-HR-and-Operational-Support | /blog/Regional-Headquarters-in-Saudi-Arabia | /blog/Saudi-Corporate-Compliance-Services | /blog/Wage-Protection-System-in-saudi-arabia | /blog/ZATCA | /blog/about-Qiwa-Platform | /blog/balady-platform-saudi-arabia-guide | /blog/business-consultancy-services-strategic-guide | /blog/business-etiquette-comprehensive-guide-saudi-arabia | /services/business-setup | /blog/business-setup-in-saudi-arabia | /blog/business-setup-in-saudi-arabia-comprehensive-guide | /blog/business-visa-in-saudi-arabia-comprehensive-guide | /blog/cash-flows-in-saudi-arabia-financial-guide | /blog/company-set-up-in-saudi-arabia | /blog/company-set-up-in-saudi-arabia-strategy | /blog/company-setup-in-saudi-arabia-comprehensive-guide | /blog/company-setup-riyadh-comprehensive-guide | /blog/comprehensive-development-rights-saudi-arabia-guide | /blog/consulting-firm-saudi-arabia-investors-comprehensive-guide | /blog/ejar-platform-saudi-arabia-guide | /blog/facilitating-sovereign-financial-procedures-saudi-arabia-guide | /services/home | /blog/instant-license-issuance-saudi-arabia-guide | /blog/investment-systems-in-saudi-arabia-guide | /blog/legal-consultant-in-saudi-arabia-investor-support-2026 | /blog/license-investment-saudi-arabia-comprehensive-guide | /blog/market-entry-strategy-in-KSA | /blog/ministry-of-foreign-affairs-saudi-business-encyclopedic-guide | /blog/misa-license-saudi-arabia-comprehensive-guide | /blog/misa-setup-consultants-saudi-arabia-comprehensive-guide | /blog/opening-bank-account-saudi-arabia-investors-guide-2026 | /blog/professional-licenses-saudi-arabia-guide | /blog/professional-staff-saudi-arabia-management-guide | /blog/register-license-in-saudi-arabia-comprehensive-guide | /blog/rhq-formation-saudi-arabia-comprehensive-guide | /blog/saudi-arabia-company-incorporation | /blog/saudi-arabia-company-incorporation-guide | /blog/saudi-arabia-rhq-incentives-requirements-guide | /blog/saudi-company-incorporation-comprehensive-guide | /blog/startup-business-investment-opportunities-2026-guide | /blog/tax-system-saudi-arabia-wht-vat-cit-guide
node,629,en,article,Business Setup Company 2026 | Strategic Guide - Motaded,node__body,body_value,56,/Articles-of-Association | /Articles-of-Association-in-Saudi-Arabia | /Business-Operations-in-Saudi-Arabia | /Cloud-Computing-Special-Economic-Zone | /Commercial-Registration-Renewal | /Commercial-Service-Offices-in-Saudi-Arabia | /Cost-of-starting-a-business-in-Saudi-Arabia-2026 | /Government-Relations-Services | /Guide-to-Company-Formation-in-Saudi-Arabia | /HR-Outsourcing-in-Saudi-Arabia | /How-to-Apply-for-Saudi-Residency | /Incorporating-a-Company-in-Saudi-Arabia | /Iqama-Issuance-and-Renewal-Services-in-Saudi-Arabia | /Ministry-of-Commerce-in-Saudi-Arabia | /Ministry-of-Labor-in-Saudi-Arabia | /Outsourced-HR-and-Operational-Support | /Regional-Headquarters-in-Saudi-Arabia | /Saudi-Corporate-Compliance-Services | /Wage-Protection-System-in-saudi-arabia | /ZATCA | /about-Qiwa-Platform | /balady-platform-saudi-arabia-guide | /business-etiquette-comprehensive-guide-saudi-arabia | /business-setup | /business-setup-in-saudi-arabia | /business-setup-in-saudi-arabia-comprehensive-guide | /business-visa-in-saudi-arabia-comprehensive-guide | /cash-flows-in-saudi-arabia-financial-guide | /company-set-up-in-saudi-arabia | /company-set-up-in-saudi-arabia-strategy | /company-setup-in-saudi-arabia-comprehensive-guide | /company-setup-riyadh-comprehensive-guide | /comprehensive-development-rights-saudi-arabia-guide | /consulting-firm-saudi-arabia-investors-comprehensive-guide | /ejar-platform-saudi-arabia-guide | /facilitating-sovereign-financial-procedures-saudi-arabia-guide | /how-to-apply-for-saudi-visa-comprehensive-guide | /instant-license-issuance-saudi-arabia-guide | /investment-systems-in-saudi-arabia-guide | /legal-consultant-in-saudi-arabia-investor-support-2026 | /license-investment-saudi-arabia-comprehensive-guide | /market-entry-strategy-in-KSA | /ministry-of-foreign-affairs-saudi-business-encyclopedic-guide | /misa-license-saudi-arabia-comprehensive-guide | /misa-setup-consultants-saudi-arabia-comprehensive-guide | /opening-bank-account-saudi-arabia-investors-guide-2026 | /professional-licenses-saudi-arabia-guide | /professional-staff-saudi-arabia-management-guide | /register-license-in-saudi-arabia-comprehensive-guide | /rhq-formation-saudi-arabia-comprehensive-guide | /saudi-arabia-company-incorporation | /saudi-arabia-company-incorporation-guide | /saudi-arabia-rhq-incentives-requirements-guide | /saudi-company-incorporation-comprehensive-guide | /startup-business-investment-opportunities-2026-guide | /tax-system-saudi-arabia-wht-vat-cit-guide,/services/Articles-of-Association | /blog/Articles-of-Association-in-Saudi-Arabia | /blog/Business-Operations-in-Saudi-Arabia | /blog/Cloud-Computing-Special-Economic-Zone | /blog/Commercial-Registration-Renewal | /blog/Commercial-Service-Offices-in-Saudi-Arabia | /blog/Cost-of-starting-a-business-in-Saudi-Arabia-2026 | /blog/Government-Relations-Services | /blog/Guide-to-Company-Formation-in-Saudi-Arabia | /blog/HR-Outsourcing-in-Saudi-Arabia | /blog/How-to-Apply-for-Saudi-Residency | /blog/Incorporating-a-Company-in-Saudi-Arabia | /blog/Iqama-Issuance-and-Renewal-Services-in-Saudi-Arabia | /blog/Ministry-of-Commerce-in-Saudi-Arabia | /blog/Ministry-of-Labor-in-Saudi-Arabia | /blog/Outsourced-HR-and-Operational-Support | /blog/Regional-Headquarters-in-Saudi-Arabia | /blog/Saudi-Corporate-Compliance-Services | /blog/Wage-Protection-System-in-saudi-arabia | /blog/ZATCA | /blog/about-Qiwa-Platform | /blog/balady-platform-saudi-arabia-guide | /blog/business-etiquette-comprehensive-guide-saudi-arabia | /services/business-setup | /blog/business-setup-in-saudi-arabia | /blog/business-setup-in-saudi-arabia-comprehensive-guide | /blog/business-visa-in-saudi-arabia-comprehensive-guide | /blog/cash-flows-in-saudi-arabia-financial-guide | /blog/company-set-up-in-saudi-arabia | /blog/company-set-up-in-saudi-arabia-strategy | /blog/company-setup-in-saudi-arabia-comprehensive-guide | /blog/company-setup-riyadh-comprehensive-guide | /blog/comprehensive-development-rights-saudi-arabia-guide | /blog/consulting-firm-saudi-arabia-investors-comprehensive-guide | /blog/ejar-platform-saudi-arabia-guide | /blog/facilitating-sovereign-financial-procedures-saudi-arabia-guide | /blog/how-to-apply-for-saudi-visa-comprehensive-guide | /blog/instant-license-issuance-saudi-arabia-guide | /blog/investment-systems-in-saudi-arabia-guide | /blog/legal-consultant-in-saudi-arabia-investor-support-2026 | /blog/license-investment-saudi-arabia-comprehensive-guide | /blog/market-entry-strategy-in-KSA | /blog/ministry-of-foreign-affairs-saudi-business-encyclopedic-guide | /blog/misa-license-saudi-arabia-comprehensive-guide | /blog/misa-setup-consultants-saudi-arabia-comprehensive-guide | /blog/opening-bank-account-saudi-arabia-investors-guide-2026 | /blog/professional-licenses-saudi-arabia-guide | /blog/professional-staff-saudi-arabia-management-guide | /blog/register-license-in-saudi-arabia-comprehensive-guide | /blog/rhq-formation-saudi-arabia-comprehensive-guide | /blog/saudi-arabia-company-incorporation | /blog/saudi-arabia-company-incorporation-guide | /blog/saudi-arabia-rhq-incentives-requirements-guide | /blog/saudi-company-incorporation-comprehensive-guide | /blog/startup-business-investment-opportunities-2026-guide | /blog/tax-system-saudi-arabia-wht-vat-cit-guide
node,630,en,article,Business Setup Service 2026 | Strategic Guide - Motaded,node__body,body_value,55,/Articles-of-Association | /Articles-of-Association-in-Saudi-Arabia | /Business-Operations-in-Saudi-Arabia | /Commercial-Registration-Renewal | /Commercial-Service-Offices-in-Saudi-Arabia | /Cost-of-starting-a-business-in-Saudi-Arabia-2026 | /Government-Relations-Services | /Guide-to-Company-Formation-in-Saudi-Arabia | /HR-Outsourcing-in-Saudi-Arabia | /How-to-Apply-for-Saudi-Residency | /Incorporating-a-Company-in-Saudi-Arabia | /Iqama-Issuance-and-Renewal-Services-in-Saudi-Arabia | /Ministry-of-Commerce-in-Saudi-Arabia | /Ministry-of-Labor-in-Saudi-Arabia | /Outsourced-HR-and-Operational-Support | /Regional-Headquarters-in-Saudi-Arabia | /Saudi-Corporate-Compliance-Services | /Wage-Protection-System-in-saudi-arabia | /ZATCA | /about-Qiwa-Platform | /balady-platform-saudi-arabia-guide | /business-etiquette-comprehensive-guide-saudi-arabia | /business-setup | /business-setup-in-saudi-arabia | /business-setup-in-saudi-arabia-comprehensive-guide | /business-visa-in-saudi-arabia-comprehensive-guide | /cash-flows-in-saudi-arabia-financial-guide | /company-set-up-in-saudi-arabia | /company-set-up-in-saudi-arabia-strategy | /company-setup-in-saudi-arabia-comprehensive-guide | /company-setup-riyadh-comprehensive-guide | /comprehensive-development-rights-saudi-arabia-guide | /consulting-firm-saudi-arabia-investors-comprehensive-guide | /ejar-platform-saudi-arabia-guide | /facilitating-sovereign-financial-procedures-saudi-arabia-guide | /home | /instant-license-issuance-saudi-arabia-guide | /investment-systems-in-saudi-arabia-guide | /legal-consultant-in-saudi-arabia-investor-support-2026 | /license-investment-saudi-arabia-comprehensive-guide | /market-entry-strategy-in-KSA | /ministry-of-foreign-affairs-saudi-business-encyclopedic-guide | /misa-license-saudi-arabia-comprehensive-guide | /misa-setup-consultants-saudi-arabia-comprehensive-guide | /opening-bank-account-saudi-arabia-investors-guide-2026 | /professional-licenses-saudi-arabia-guide | /professional-staff-saudi-arabia-management-guide | /register-license-in-saudi-arabia-comprehensive-guide | /rhq-formation-saudi-arabia-comprehensive-guide | /saudi-arabia-company-incorporation | /saudi-arabia-company-incorporation-guide | /saudi-arabia-rhq-incentives-requirements-guide | /saudi-company-incorporation-comprehensive-guide | /startup-business-investment-opportunities-2026-guide | /tax-system-saudi-arabia-wht-vat-cit-guide,/services/Articles-of-Association | /blog/Articles-of-Association-in-Saudi-Arabia | /blog/Business-Operations-in-Saudi-Arabia | /blog/Commercial-Registration-Renewal | /blog/Commercial-Service-Offices-in-Saudi-Arabia | /blog/Cost-of-starting-a-business-in-Saudi-Arabia-2026 | /blog/Government-Relations-Services | /blog/Guide-to-Company-Formation-in-Saudi-Arabia | /blog/HR-Outsourcing-in-Saudi-Arabia | /blog/How-to-Apply-for-Saudi-Residency | /blog/Incorporating-a-Company-in-Saudi-Arabia | /blog/Iqama-Issuance-and-Renewal-Services-in-Saudi-Arabia | /blog/Ministry-of-Commerce-in-Saudi-Arabia | /blog/Ministry-of-Labor-in-Saudi-Arabia | /blog/Outsourced-HR-and-Operational-Support | /blog/Regional-Headquarters-in-Saudi-Arabia | /blog/Saudi-Corporate-Compliance-Services | /blog/Wage-Protection-System-in-saudi-arabia | /blog/ZATCA | /blog/about-Qiwa-Platform | /blog/balady-platform-saudi-arabia-guide | /blog/business-etiquette-comprehensive-guide-saudi-arabia | /services/business-setup | /blog/business-setup-in-saudi-arabia | /blog/business-setup-in-saudi-arabia-comprehensive-guide | /blog/business-visa-in-saudi-arabia-comprehensive-guide | /blog/cash-flows-in-saudi-arabia-financial-guide | /blog/company-set-up-in-saudi-arabia | /blog/company-set-up-in-saudi-arabia-strategy | /blog/company-setup-in-saudi-arabia-comprehensive-guide | /blog/company-setup-riyadh-comprehensive-guide | /blog/comprehensive-development-rights-saudi-arabia-guide | /blog/consulting-firm-saudi-arabia-investors-comprehensive-guide | /blog/ejar-platform-saudi-arabia-guide | /blog/facilitating-sovereign-financial-procedures-saudi-arabia-guide | /services/home | /blog/instant-license-issuance-saudi-arabia-guide | /blog/investment-systems-in-saudi-arabia-guide | /blog/legal-consultant-in-saudi-arabia-investor-support-2026 | /blog/license-investment-saudi-arabia-comprehensive-guide | /blog/market-entry-strategy-in-KSA | /blog/ministry-of-foreign-affairs-saudi-business-encyclopedic-guide | /blog/misa-license-saudi-arabia-comprehensive-guide | /blog/misa-setup-consultants-saudi-arabia-comprehensive-guide | /blog/opening-bank-account-saudi-arabia-investors-guide-2026 | /blog/professional-licenses-saudi-arabia-guide | /blog/professional-staff-saudi-arabia-management-guide | /blog/register-license-in-saudi-arabia-comprehensive-guide | /blog/rhq-formation-saudi-arabia-comprehensive-guide | /blog/saudi-arabia-company-incorporation | /blog/saudi-arabia-company-incorporation-guide | /blog/saudi-arabia-rhq-incentives-requirements-guide | /blog/saudi-company-incorporation-comprehensive-guide | /blog/startup-business-investment-opportunities-2026-guide | /blog/tax-system-saudi-arabia-wht-vat-cit-guide
node,631,en,article,Choosing Right hr solutions saudi arabia for Your Company,node__body,body_value,5,/business-setup | /business-setup-company-strategic-guide | /business-setup-in-saudi-arabia | /business-setup-in-saudi-arabia-comprehensive-guide | /startup-business-investment-opportunities-2026-guide,/services/business-setup | /blog/business-setup-company-strategic-guide | /blog/business-setup-in-saudi-arabia | /blog/business-setup-in-saudi-arabia-comprehensive-guide | /blog/startup-business-investment-opportunities-2026-guide
node,632,en,article,Document Authentication for Company Setup 2026 | Investor Guide - Motaded,node__body,body_value,60,/Articles-of-Association | /Articles-of-Association-in-Saudi-Arabia | /Commercial-Service-Offices-in-Saudi-Arabia | /Cost-of-starting-a-business-in-Saudi-Arabia-2026 | /Government-Relations-Services | /Guide-to-Company-Formation-in-Saudi-Arabia | /How-to-Apply-for-Saudi-Residency | /Incorporating-a-Company-in-Saudi-Arabia | /Investment-Registration-Certificate | /Iqama-Issuance-and-Renewal-Services-in-Saudi-Arabia | /MISA-Investment-License | /Ministry-of-Commerce-in-Saudi-Arabia | /Ministry-of-Investment-in-Saudi-Arabia | /Ministry-of-Labor-in-Saudi-Arabia | /PRO-and-Government-Relations-Services-in-Saudi-Arabia | /PRO-services-in-Saudi-Arabia | /Saudi-Corporate-Compliance-Services | /Steps-for-Business-Setup-in-KSA | /ZATCA | /about-Qiwa-Platform | /balady-platform-saudi-arabia-guide | /business-etiquette-comprehensive-guide-saudi-arabia | /business-opportunities-saudi-arabia-comprehensive-guide | /business-setup | /business-setup-in-saudi-arabia | /business-setup-in-saudi-arabia-comprehensive-guide | /business-visa-in-saudi-arabia-comprehensive-guide | /cash-flows-in-saudi-arabia-financial-guide | /company-registration-in-saudi-arabia | /company-registration-in-saudi-arabia-comprehensive-guide | /company-setup-in-saudi-arabia-comprehensive-guide | /company-setup-riyadh-comprehensive-guide | /consulting-firm-saudi-arabia-investors-comprehensive-guide | /document-authentication-saudi-arabia-guide | /ejar-platform-saudi-arabia-guide | /establishing-a-company-in-saudi-arabia-comprehensive-guide | /foreign-direct-investment-ksa-regulations-comprehensive-guide-2026 | /home | /invest-in-saudi-arabia-comprehensive-encyclopedic-guide | /investment-systems-in-saudi-arabia-guide | /legal-consultant-in-saudi-arabia-investor-support-2026 | /legal-translation-services-in-saudi-arabia | /market-entry-strategy-in-KSA | /ministry-of-foreign-affairs-saudi-business-encyclopedic-guide | /misa-license-saudi-arabia-comprehensive-guide | /misa-setup-consultants-saudi-arabia-comprehensive-guide | /open-branch-company-saudi-arabia-comprehensive-guide | /open-business-in-saudi-arabia | /open-business-in-saudi-arabia-comprehensive-guide | /opening-bank-account-saudi-arabia-investors-guide-2026 | /professional-staff-saudi-arabia-management-guide | /saudi-arabia-company-incorporation | /saudi-arabia-company-incorporation-guide | /saudi-company-incorporation-comprehensive-guide | /setting-up-business-in-ksa-comprehensive-guide | /setting-up-company-in-saudi-arabia | /setting-up-company-in-saudi-arabia-guide | /starting-a-company-in-saudi-arabia | /starting-a-company-in-saudi-arabia-guide | /startup-business-investment-opportunities-2026-guide,/services/Articles-of-Association | /blog/Articles-of-Association-in-Saudi-Arabia | /blog/Commercial-Service-Offices-in-Saudi-Arabia | /blog/Cost-of-starting-a-business-in-Saudi-Arabia-2026 | /blog/Government-Relations-Services | /blog/Guide-to-Company-Formation-in-Saudi-Arabia | /blog/How-to-Apply-for-Saudi-Residency | /blog/Incorporating-a-Company-in-Saudi-Arabia | /blog/Investment-Registration-Certificate | /blog/Iqama-Issuance-and-Renewal-Services-in-Saudi-Arabia | /blog/MISA-Investment-License | /blog/Ministry-of-Commerce-in-Saudi-Arabia | /blog/Ministry-of-Investment-in-Saudi-Arabia | /blog/Ministry-of-Labor-in-Saudi-Arabia | /blog/PRO-and-Government-Relations-Services-in-Saudi-Arabia | /blog/PRO-services-in-Saudi-Arabia | /blog/Saudi-Corporate-Compliance-Services | /blog/Steps-for-Business-Setup-in-KSA | /blog/ZATCA | /blog/about-Qiwa-Platform | /blog/balady-platform-saudi-arabia-guide | /blog/business-etiquette-comprehensive-guide-saudi-arabia | /blog/business-opportunities-saudi-arabia-comprehensive-guide | /services/business-setup | /blog/business-setup-in-saudi-arabia | /blog/business-setup-in-saudi-arabia-comprehensive-guide | /blog/business-visa-in-saudi-arabia-comprehensive-guide | /blog/cash-flows-in-saudi-arabia-financial-guide | /blog/company-registration-in-saudi-arabia | /blog/company-registration-in-saudi-arabia-comprehensive-guide | /blog/company-setup-in-saudi-arabia-comprehensive-guide | /blog/company-setup-riyadh-comprehensive-guide | /blog/consulting-firm-saudi-arabia-investors-comprehensive-guide | /blog/document-authentication-saudi-arabia-guide | /blog/ejar-platform-saudi-arabia-guide | /blog/establishing-a-company-in-saudi-arabia-comprehensive-guide | /blog/foreign-direct-investment-ksa-regulations-comprehensive-guide-2026 | /services/home | /blog/invest-in-saudi-arabia-comprehensive-encyclopedic-guide | /blog/investment-systems-in-saudi-arabia-guide | /blog/legal-consultant-in-saudi-arabia-investor-support-2026 | /blog/legal-translation-services-in-saudi-arabia | /blog/market-entry-strategy-in-KSA | /blog/ministry-of-foreign-affairs-saudi-business-encyclopedic-guide | /blog/misa-license-saudi-arabia-comprehensive-guide | /blog/misa-setup-consultants-saudi-arabia-comprehensive-guide | /blog/open-branch-company-saudi-arabia-comprehensive-guide | /blog/open-business-in-saudi-arabia | /blog/open-business-in-saudi-arabia-comprehensive-guide | /blog/opening-bank-account-saudi-arabia-investors-guide-2026 | /blog/professional-staff-saudi-arabia-management-guide | /blog/saudi-arabia-company-incorporation | /blog/saudi-arabia-company-incorporation-guide | /blog/saudi-company-incorporation-comprehensive-guide | /blog/setting-up-business-in-ksa-comprehensive-guide | /blog/setting-up-company-in-saudi-arabia | /blog/setting-up-company-in-saudi-arabia-guide | /blog/starting-a-company-in-saudi-arabia | /blog/starting-a-company-in-saudi-arabia-guide | /blog/startup-business-investment-opportunities-2026-guide
node,633,en,article,Qiwa Platform Encyclopedia 2026 | Saudi Labor Market Management - Motaded,node__body,body_value,37,/Business-Operations-in-Saudi-Arabia | /Guide-to-Company-Formation-in-Saudi-Arabia | /HR-Governance-in-Saudi-Arabia | /Incorporating-a-Company-in-Saudi-Arabia | /Iqama-Issuance-and-Renewal-Services-in-Saudi-Arabia | /Ministry-of-Commerce-in-Saudi-Arabia | /Ministry-of-Labor-in-Saudi-Arabia | /Outsourced-HR-and-Operational-Support | /Saudi-Corporate-Compliance-Services | /Steps-for-Business-Setup-in-KSA | /Wage-Protection-System-in-saudi-arabia | /about-Qiwa-Platform | /business-setup | /business-setup-in-saudi-arabia | /business-setup-in-saudi-arabia-comprehensive-guide | /cash-flows-in-saudi-arabia-financial-guide | /company-registration-in-saudi-arabia | /company-registration-in-saudi-arabia-comprehensive-guide | /company-set-up-in-saudi-arabia | /company-set-up-in-saudi-arabia-strategy | /industrial-cities-saudi-arabia-comprehensive-guide | /invest-in-saudi-arabia-comprehensive-encyclopedic-guide | /legal-consultant-in-saudi-arabia-investor-support-2026 | /market-entry-strategy-in-KSA | /ministry-of-foreign-affairs-saudi-business-encyclopedic-guide | /misa-license-saudi-arabia-comprehensive-guide | /opening-bank-account-saudi-arabia-investors-guide-2026 | /professional-licenses-saudi-arabia-guide | /professional-staff-saudi-arabia-management-guide | /qiwa-platform-sovereign-encyclopedia | /saudi-arabia-company-incorporation | /saudi-arabia-company-incorporation-guide | /saudi-company-incorporation-comprehensive-guide | /setting-up-company-in-saudi-arabia | /setting-up-company-in-saudi-arabia-guide | /starting-a-company-in-saudi-arabia | /starting-a-company-in-saudi-arabia-guide,/blog/Business-Operations-in-Saudi-Arabia | /blog/Guide-to-Company-Formation-in-Saudi-Arabia | /blog/HR-Governance-in-Saudi-Arabia | /blog/Incorporating-a-Company-in-Saudi-Arabia | /blog/Iqama-Issuance-and-Renewal-Services-in-Saudi-Arabia | /blog/Ministry-of-Commerce-in-Saudi-Arabia | /blog/Ministry-of-Labor-in-Saudi-Arabia | /blog/Outsourced-HR-and-Operational-Support | /blog/Saudi-Corporate-Compliance-Services | /blog/Steps-for-Business-Setup-in-KSA | /blog/Wage-Protection-System-in-saudi-arabia | /blog/about-Qiwa-Platform | /services/business-setup | /blog/business-setup-in-saudi-arabia | /blog/business-setup-in-saudi-arabia-comprehensive-guide | /blog/cash-flows-in-saudi-arabia-financial-guide | /blog/company-registration-in-saudi-arabia | /blog/company-registration-in-saudi-arabia-comprehensive-guide | /blog/company-set-up-in-saudi-arabia | /blog/company-set-up-in-saudi-arabia-strategy | /blog/industrial-cities-saudi-arabia-comprehensive-guide | /blog/invest-in-saudi-arabia-comprehensive-encyclopedic-guide | /blog/legal-consultant-in-saudi-arabia-investor-support-2026 | /blog/market-entry-strategy-in-KSA | /blog/ministry-of-foreign-affairs-saudi-business-encyclopedic-guide | /blog/misa-license-saudi-arabia-comprehensive-guide | /blog/opening-bank-account-saudi-arabia-investors-guide-2026 | /blog/professional-licenses-saudi-arabia-guide | /blog/professional-staff-saudi-arabia-management-guide | /blog/qiwa-platform-sovereign-encyclopedia | /blog/saudi-arabia-company-incorporation | /blog/saudi-arabia-company-incorporation-guide | /blog/saudi-company-incorporation-comprehensive-guide | /blog/setting-up-company-in-saudi-arabia | /blog/setting-up-company-in-saudi-arabia-guide | /blog/starting-a-company-in-saudi-arabia | /blog/starting-a-company-in-saudi-arabia-guide
node,634,en,article,Issuing General Manager Visa via Qiwa 2026 | Investor Guide - Motaded,node__body,body_value,48,/Business-Operations-in-Saudi-Arabia | /Cost-of-starting-a-business-in-Saudi-Arabia-2026 | /Government-Relations-Services | /Guide-to-Company-Formation-in-Saudi-Arabia | /How-to-Apply-for-Saudi-Residency | /Iqama-Issuance-and-Renewal-Services-in-Saudi-Arabia | /MISA-Investment-License | /Ministry-of-Commerce-in-Saudi-Arabia | /Ministry-of-Investment-in-Saudi-Arabia | /Ministry-of-Labor-in-Saudi-Arabia | /Outsourced-HR-and-Operational-Support | /Regional-Headquarters-in-Saudi-Arabia | /Saudi-Corporate-Compliance-Services | /Steps-for-Business-Setup-in-KSA | /The-Comprehensive-Guide-to-Saudi-Business-Center | /Wage-Protection-System-in-saudi-arabia | /ZATCA | /about-Qiwa-Platform | /business-etiquette-comprehensive-guide-saudi-arabia | /business-setup | /business-setup-in-saudi-arabia | /business-setup-in-saudi-arabia-comprehensive-guide | /business-visa-in-saudi-arabia-comprehensive-guide | /cash-flows-in-saudi-arabia-financial-guide | /commercial-business-setup-ksa-comprehensive-guide | /company-registration-in-saudi-arabia | /company-registration-in-saudi-arabia-comprehensive-guide | /company-set-up-in-saudi-arabia | /company-set-up-in-saudi-arabia-strategy | /company-setup-in-saudi-arabia-comprehensive-guide | /comprehensive-development-rights-saudi-arabia-guide | /ejar-platform-saudi-arabia-guide | /freedom-of-ownership-in-saudi-arabia-investors-guide | /home | /invest-in-saudi-arabia-comprehensive-encyclopedic-guide | /legal-consultant-in-saudi-arabia-investor-support-2026 | /market-entry-strategy-in-KSA | /ministry-of-foreign-affairs-saudi-business-encyclopedic-guide | /opening-bank-account-saudi-arabia-investors-guide-2026 | /professional-staff-saudi-arabia-management-guide | /qiwa-platform-sovereign-encyclopedia | /saudi-arabia-rhq-incentives-requirements-guide | /saudi-company-incorporation-comprehensive-guide | /setting-up-company-in-saudi-arabia | /setting-up-company-in-saudi-arabia-guide | /starting-a-company-in-saudi-arabia | /starting-a-company-in-saudi-arabia-guide | /startup-business-investment-opportunities-2026-guide,/blog/Business-Operations-in-Saudi-Arabia | /blog/Cost-of-starting-a-business-in-Saudi-Arabia-2026 | /blog/Government-Relations-Services | /blog/Guide-to-Company-Formation-in-Saudi-Arabia | /blog/How-to-Apply-for-Saudi-Residency | /blog/Iqama-Issuance-and-Renewal-Services-in-Saudi-Arabia | /blog/MISA-Investment-License | /blog/Ministry-of-Commerce-in-Saudi-Arabia | /blog/Ministry-of-Investment-in-Saudi-Arabia | /blog/Ministry-of-Labor-in-Saudi-Arabia | /blog/Outsourced-HR-and-Operational-Support | /blog/Regional-Headquarters-in-Saudi-Arabia | /blog/Saudi-Corporate-Compliance-Services | /blog/Steps-for-Business-Setup-in-KSA | /blog/The-Comprehensive-Guide-to-Saudi-Business-Center | /blog/Wage-Protection-System-in-saudi-arabia | /blog/ZATCA | /blog/about-Qiwa-Platform | /blog/business-etiquette-comprehensive-guide-saudi-arabia | /services/business-setup | /blog/business-setup-in-saudi-arabia | /blog/business-setup-in-saudi-arabia-comprehensive-guide | /blog/business-visa-in-saudi-arabia-comprehensive-guide | /blog/cash-flows-in-saudi-arabia-financial-guide | /blog/commercial-business-setup-ksa-comprehensive-guide | /blog/company-registration-in-saudi-arabia | /blog/company-registration-in-saudi-arabia-comprehensive-guide | /blog/company-set-up-in-saudi-arabia | /blog/company-set-up-in-saudi-arabia-strategy | /blog/company-setup-in-saudi-arabia-comprehensive-guide | /blog/comprehensive-development-rights-saudi-arabia-guide | /blog/ejar-platform-saudi-arabia-guide | /blog/freedom-of-ownership-in-saudi-arabia-investors-guide | /services/home | /blog/invest-in-saudi-arabia-comprehensive-encyclopedic-guide | /blog/legal-consultant-in-saudi-arabia-investor-support-2026 | /blog/market-entry-strategy-in-KSA | /blog/ministry-of-foreign-affairs-saudi-business-encyclopedic-guide | /blog/opening-bank-account-saudi-arabia-investors-guide-2026 | /blog/professional-staff-saudi-arabia-management-guide | /blog/qiwa-platform-sovereign-encyclopedia | /blog/saudi-arabia-rhq-incentives-requirements-guide | /blog/saudi-company-incorporation-comprehensive-guide | /blog/setting-up-company-in-saudi-arabia | /blog/setting-up-company-in-saudi-arabia-guide | /blog/starting-a-company-in-saudi-arabia | /blog/starting-a-company-in-saudi-arabia-guide | /blog/startup-business-investment-opportunities-2026-guide
node,635,en,article,Industrial Licenses and Cities in Saudi Arabia 2026 | Fee Cancellation - Motaded,node__body,body_value,47,/Articles-of-Association | /Articles-of-Association-in-Saudi-Arabia | /Business-Operations-in-Saudi-Arabia | /Cloud-Computing-Special-Economic-Zone | /Cost-of-starting-a-business-in-Saudi-Arabia-2026 | /Guide-to-Company-Formation-in-Saudi-Arabia | /How-to-Apply-for-Saudi-Residency | /Incorporating-a-Company-in-Saudi-Arabia | /Integrated-Logistics-Special-Bonded-Zone | /MISA-Investment-License | /Ministry-of-Commerce-in-Saudi-Arabia | /Ministry-of-Investment-in-Saudi-Arabia | /PRO-services-in-Saudi-Arabia | /Regional-Headquarters-in-Saudi-Arabia | /Saudi-Corporate-Compliance-Services | /Steps-for-Business-Setup-in-KSA | /ZATCA | /about-Qiwa-Platform | /balady-platform-saudi-arabia-guide | /business-etiquette-comprehensive-guide-saudi-arabia | /business-opportunities-saudi-arabia-comprehensive-guide | /cash-flows-in-saudi-arabia-financial-guide | /company-setup-in-saudi-arabia-comprehensive-guide | /company-setup-riyadh-comprehensive-guide | /ejar-platform-saudi-arabia-guide | /facilitating-sovereign-financial-procedures-saudi-arabia-guide | /foreign-direct-investment-ksa-regulations-comprehensive-guide-2026 | /freedom-of-ownership-in-saudi-arabia-investors-guide | /home | /industrial-cities-saudi-arabia-comprehensive-guide | /investment-systems-in-saudi-arabia-guide | /issuing-general-manager-visa-via-qiwa-guide | /legal-consultant-in-saudi-arabia-investor-support-2026 | /license-investment-saudi-arabia-comprehensive-guide | /license-investor-saudi-arabia-comprehensive-guide | /market-entry-strategy-in-KSA | /misa-license-saudi-arabia-comprehensive-guide | /opening-bank-account-saudi-arabia-investors-guide-2026 | /professional-licenses-saudi-arabia-guide | /professional-staff-saudi-arabia-management-guide | /qiwa-platform-sovereign-encyclopedia | /register-license-in-saudi-arabia-comprehensive-guide | /rhq-formation-saudi-arabia-comprehensive-guide | /saudi-arabia-company-incorporation | /saudi-arabia-company-incorporation-guide | /saudi-arabia-rhq-incentives-requirements-guide | /tax-system-saudi-arabia-wht-vat-cit-guide,/services/Articles-of-Association | /blog/Articles-of-Association-in-Saudi-Arabia | /blog/Business-Operations-in-Saudi-Arabia | /blog/Cloud-Computing-Special-Economic-Zone | /blog/Cost-of-starting-a-business-in-Saudi-Arabia-2026 | /blog/Guide-to-Company-Formation-in-Saudi-Arabia | /blog/How-to-Apply-for-Saudi-Residency | /blog/Incorporating-a-Company-in-Saudi-Arabia | /blog/Integrated-Logistics-Special-Bonded-Zone | /blog/MISA-Investment-License | /blog/Ministry-of-Commerce-in-Saudi-Arabia | /blog/Ministry-of-Investment-in-Saudi-Arabia | /blog/PRO-services-in-Saudi-Arabia | /blog/Regional-Headquarters-in-Saudi-Arabia | /blog/Saudi-Corporate-Compliance-Services | /blog/Steps-for-Business-Setup-in-KSA | /blog/ZATCA | /blog/about-Qiwa-Platform | /blog/balady-platform-saudi-arabia-guide | /blog/business-etiquette-comprehensive-guide-saudi-arabia | /blog/business-opportunities-saudi-arabia-comprehensive-guide | /blog/cash-flows-in-saudi-arabia-financial-guide | /blog/company-setup-in-saudi-arabia-comprehensive-guide | /blog/company-setup-riyadh-comprehensive-guide | /blog/ejar-platform-saudi-arabia-guide | /blog/facilitating-sovereign-financial-procedures-saudi-arabia-guide | /blog/foreign-direct-investment-ksa-regulations-comprehensive-guide-2026 | /blog/freedom-of-ownership-in-saudi-arabia-investors-guide | /services/home | /blog/industrial-cities-saudi-arabia-comprehensive-guide | /blog/investment-systems-in-saudi-arabia-guide | /blog/issuing-general-manager-visa-via-qiwa-guide | /blog/legal-consultant-in-saudi-arabia-investor-support-2026 | /blog/license-investment-saudi-arabia-comprehensive-guide | /blog/license-investor-saudi-arabia-comprehensive-guide | /blog/market-entry-strategy-in-KSA | /blog/misa-license-saudi-arabia-comprehensive-guide | /blog/opening-bank-account-saudi-arabia-investors-guide-2026 | /blog/professional-licenses-saudi-arabia-guide | /blog/professional-staff-saudi-arabia-management-guide | /blog/qiwa-platform-sovereign-encyclopedia | /blog/register-license-in-saudi-arabia-comprehensive-guide | /blog/rhq-formation-saudi-arabia-comprehensive-guide | /blog/saudi-arabia-company-incorporation | /blog/saudi-arabia-company-incorporation-guide | /blog/saudi-arabia-rhq-incentives-requirements-guide | /blog/tax-system-saudi-arabia-wht-vat-cit-guide
node,636,en,article,Comprehensive MODON Industrial Guide 2026 | Licenses & Financing - Motaded,node__body,body_value,39,/Articles-of-Association | /Articles-of-Association-in-Saudi-Arabia | /Cost-of-starting-a-business-in-Saudi-Arabia-2026 | /Guide-to-Company-Formation-in-Saudi-Arabia | /How-to-Apply-for-Saudi-Residency | /MISA-Investment-License | /Ministry-of-Commerce-in-Saudi-Arabia | /Ministry-of-Labor-in-Saudi-Arabia | /PRO-services-in-Saudi-Arabia | /Regional-Headquarters-in-Saudi-Arabia | /Saudi-Corporate-Compliance-Services | /Steps-for-Business-Setup-in-KSA | /ZATCA | /about-Qiwa-Platform | /balady-platform-saudi-arabia-guide | /business-etiquette-comprehensive-guide-saudi-arabia | /business-opportunities-saudi-arabia-comprehensive-guide | /business-setup | /business-setup-in-saudi-arabia | /business-setup-in-saudi-arabia-comprehensive-guide | /cash-flows-in-saudi-arabia-financial-guide | /commercial-business-setup-ksa-comprehensive-guide | /company-setup-in-saudi-arabia-comprehensive-guide | /ejar-platform-saudi-arabia-guide | /home | /industrial-cities-saudi-arabia-comprehensive-guide | /investment-systems-in-saudi-arabia-guide | /issuing-general-manager-visa-via-qiwa-guide | /legal-consultant-in-saudi-arabia-investor-support-2026 | /license-investment-saudi-arabia-comprehensive-guide | /market-entry-strategy-in-KSA | /opening-bank-account-saudi-arabia-investors-guide-2026 | /professional-staff-saudi-arabia-management-guide | /qiwa-platform-sovereign-encyclopedia | /register-license-in-saudi-arabia-comprehensive-guide | /saudi-arabia-rhq-incentives-requirements-guide | /saudi-company-incorporation-comprehensive-guide | /starting-a-company-in-saudi-arabia | /starting-a-company-in-saudi-arabia-guide,/services/Articles-of-Association | /blog/Articles-of-Association-in-Saudi-Arabia | /blog/Cost-of-starting-a-business-in-Saudi-Arabia-2026 | /blog/Guide-to-Company-Formation-in-Saudi-Arabia | /blog/How-to-Apply-for-Saudi-Residency | /blog/MISA-Investment-License | /blog/Ministry-of-Commerce-in-Saudi-Arabia | /blog/Ministry-of-Labor-in-Saudi-Arabia | /blog/PRO-services-in-Saudi-Arabia | /blog/Regional-Headquarters-in-Saudi-Arabia | /blog/Saudi-Corporate-Compliance-Services | /blog/Steps-for-Business-Setup-in-KSA | /blog/ZATCA | /blog/about-Qiwa-Platform | /blog/balady-platform-saudi-arabia-guide | /blog/business-etiquette-comprehensive-guide-saudi-arabia | /blog/business-opportunities-saudi-arabia-comprehensive-guide | /services/business-setup | /blog/business-setup-in-saudi-arabia | /blog/business-setup-in-saudi-arabia-comprehensive-guide | /blog/cash-flows-in-saudi-arabia-financial-guide | /blog/commercial-business-setup-ksa-comprehensive-guide | /blog/company-setup-in-saudi-arabia-comprehensive-guide | /blog/ejar-platform-saudi-arabia-guide | /services/home | /blog/industrial-cities-saudi-arabia-comprehensive-guide | /blog/investment-systems-in-saudi-arabia-guide | /blog/issuing-general-manager-visa-via-qiwa-guide | /blog/legal-consultant-in-saudi-arabia-investor-support-2026 | /blog/license-investment-saudi-arabia-comprehensive-guide | /blog/market-entry-strategy-in-KSA | /blog/opening-bank-account-saudi-arabia-investors-guide-2026 | /blog/professional-staff-saudi-arabia-management-guide | /blog/qiwa-platform-sovereign-encyclopedia | /blog/register-license-in-saudi-arabia-comprehensive-guide | /blog/saudi-arabia-rhq-incentives-requirements-guide | /blog/saudi-company-incorporation-comprehensive-guide | /blog/starting-a-company-in-saudi-arabia | /blog/starting-a-company-in-saudi-arabia-guide
node,637,en,article,Comprehensive Senaei Platform Guide 2026 | Licenses & Exemptions - Motaded,node__body,body_value,18,/Cloud-Computing-Special-Economic-Zone | /Commercial-Service-Offices-in-Saudi-Arabia | /How-to-Apply-for-Saudi-Residency | /MISA-Investment-License | /Regional-Headquarters-in-Saudi-Arabia | /Steps-for-Business-Setup-in-KSA | /ZATCA | /about-Qiwa-Platform | /cash-flows-in-saudi-arabia-financial-guide | /home | /industrial-cities-saudi-arabia-comprehensive-guide | /issuing-general-manager-visa-via-qiwa-guide | /legal-consultant-in-saudi-arabia-investor-support-2026 | /license-investment-saudi-arabia-comprehensive-guide | /misa-license-saudi-arabia-comprehensive-guide | /opening-bank-account-saudi-arabia-investors-guide-2026 | /professional-staff-saudi-arabia-management-guide | /saudi-arabia-rhq-incentives-requirements-guide,/blog/Cloud-Computing-Special-Economic-Zone | /blog/Commercial-Service-Offices-in-Saudi-Arabia | /blog/How-to-Apply-for-Saudi-Residency | /blog/MISA-Investment-License | /blog/Regional-Headquarters-in-Saudi-Arabia | /blog/Steps-for-Business-Setup-in-KSA | /blog/ZATCA | /blog/about-Qiwa-Platform | /blog/cash-flows-in-saudi-arabia-financial-guide | /services/home | /blog/industrial-cities-saudi-arabia-comprehensive-guide | /blog/issuing-general-manager-visa-via-qiwa-guide | /blog/legal-consultant-in-saudi-arabia-investor-support-2026 | /blog/license-investment-saudi-arabia-comprehensive-guide | /blog/misa-license-saudi-arabia-comprehensive-guide | /blog/opening-bank-account-saudi-arabia-investors-guide-2026 | /blog/professional-staff-saudi-arabia-management-guide | /blog/saudi-arabia-rhq-incentives-requirements-guide
node,638,en,article,SIDF Industrial Financing Guide 2026 | Loans & Requirements - Motaded,node__body,body_value,19,/How-to-Apply-for-Saudi-Residency | /MISA-Investment-License | /Ministry-of-Commerce-in-Saudi-Arabia | /PRO-services-in-Saudi-Arabia | /Regional-Headquarters-in-Saudi-Arabia | /Wage-Protection-System-in-saudi-arabia | /ZATCA | /about-Qiwa-Platform | /cash-flows-in-saudi-arabia-financial-guide | /home | /industrial-cities-saudi-arabia-comprehensive-guide | /investment-systems-in-saudi-arabia-guide | /issuing-general-manager-visa-via-qiwa-guide | /legal-consultant-in-saudi-arabia-investor-support-2026 | /misa-license-saudi-arabia-comprehensive-guide | /opening-bank-account-saudi-arabia-investors-guide-2026 | /professional-staff-saudi-arabia-management-guide | /register-license-in-saudi-arabia-comprehensive-guide | /saudi-arabia-rhq-incentives-requirements-guide,/blog/How-to-Apply-for-Saudi-Residency | /blog/MISA-Investment-License | /blog/Ministry-of-Commerce-in-Saudi-Arabia | /blog/PRO-services-in-Saudi-Arabia | /blog/Regional-Headquarters-in-Saudi-Arabia | /blog/Wage-Protection-System-in-saudi-arabia | /blog/ZATCA | /blog/about-Qiwa-Platform | /blog/cash-flows-in-saudi-arabia-financial-guide | /services/home | /blog/industrial-cities-saudi-arabia-comprehensive-guide | /blog/investment-systems-in-saudi-arabia-guide | /blog/issuing-general-manager-visa-via-qiwa-guide | /blog/legal-consultant-in-saudi-arabia-investor-support-2026 | /blog/misa-license-saudi-arabia-comprehensive-guide | /blog/opening-bank-account-saudi-arabia-investors-guide-2026 | /blog/professional-staff-saudi-arabia-management-guide | /blog/register-license-in-saudi-arabia-comprehensive-guide | /blog/saudi-arabia-rhq-incentives-requirements-guide
node,639,en,article,Riyadh Industrial Cities Guide 2026 | Open Your Company in Riyadh - Motaded,node__body,body_value,29,/How-to-Apply-for-Saudi-Residency | /MISA-Investment-License | /Ministry-of-Commerce-in-Saudi-Arabia | /PRO-services-in-Saudi-Arabia | /Regional-Headquarters-in-Saudi-Arabia | /Steps-for-Business-Setup-in-KSA | /ZATCA | /about-Qiwa-Platform | /balady-platform-saudi-arabia-guide | /business-etiquette-comprehensive-guide-saudi-arabia | /business-setup | /business-setup-in-saudi-arabia | /business-setup-in-saudi-arabia-comprehensive-guide | /ejar-platform-saudi-arabia-guide | /home | /industrial-cities-saudi-arabia-comprehensive-guide | /invest-in-saudi-arabia-company-formation | /investment-systems-in-saudi-arabia-guide | /issuing-general-manager-visa-via-qiwa-guide | /legal-consultant-in-saudi-arabia-investor-support-2026 | /market-entry-strategy-in-KSA | /misa-license-saudi-arabia-comprehensive-guide | /opening-bank-account-saudi-arabia-investors-guide-2026 | /professional-licenses-saudi-arabia-guide | /professional-staff-saudi-arabia-management-guide | /qiwa-platform-sovereign-encyclopedia | /register-license-in-saudi-arabia-comprehensive-guide | /saudi-arabia-rhq-incentives-requirements-guide | /tax-system-saudi-arabia-wht-vat-cit-guide,/blog/How-to-Apply-for-Saudi-Residency | /blog/MISA-Investment-License | /blog/Ministry-of-Commerce-in-Saudi-Arabia | /blog/PRO-services-in-Saudi-Arabia | /blog/Regional-Headquarters-in-Saudi-Arabia | /blog/Steps-for-Business-Setup-in-KSA | /blog/ZATCA | /blog/about-Qiwa-Platform | /blog/balady-platform-saudi-arabia-guide | /blog/business-etiquette-comprehensive-guide-saudi-arabia | /services/business-setup | /blog/business-setup-in-saudi-arabia | /blog/business-setup-in-saudi-arabia-comprehensive-guide | /blog/ejar-platform-saudi-arabia-guide | /services/home | /blog/industrial-cities-saudi-arabia-comprehensive-guide | /blog/invest-in-saudi-arabia-company-formation | /blog/investment-systems-in-saudi-arabia-guide | /blog/issuing-general-manager-visa-via-qiwa-guide | /blog/legal-consultant-in-saudi-arabia-investor-support-2026 | /blog/market-entry-strategy-in-KSA | /blog/misa-license-saudi-arabia-comprehensive-guide | /blog/opening-bank-account-saudi-arabia-investors-guide-2026 | /blog/professional-licenses-saudi-arabia-guide | /blog/professional-staff-saudi-arabia-management-guide | /blog/qiwa-platform-sovereign-encyclopedia | /blog/register-license-in-saudi-arabia-comprehensive-guide | /blog/saudi-arabia-rhq-incentives-requirements-guide | /blog/tax-system-saudi-arabia-wht-vat-cit-guide
node,640,en,article,Saudi Arabia Company Licensing Guide 2026 | Open Your Company in Riyadh - Motaded,node__body,body_value,19,/How-to-Apply-for-Saudi-Residency | /Ministry-of-Commerce-in-Saudi-Arabia | /Regional-Headquarters-in-Saudi-Arabia | /Wage-Protection-System-in-saudi-arabia | /ZATCA | /about-Qiwa-Platform | /balady-platform-saudi-arabia-guide | /ejar-platform-saudi-arabia-guide | /home | /industrial-cities-saudi-arabia-comprehensive-guide | /issuing-general-manager-visa-via-qiwa-guide | /legal-consultant-in-saudi-arabia-investor-support-2026 | /misa-license-saudi-arabia-comprehensive-guide | /opening-bank-account-saudi-arabia-investors-guide-2026 | /professional-staff-saudi-arabia-management-guide | /qiwa-platform-sovereign-encyclopedia | /register-license-in-saudi-arabia-comprehensive-guide | /saudi-arabia-rhq-incentives-requirements-guide | /tax-system-saudi-arabia-wht-vat-cit-guide,/blog/How-to-Apply-for-Saudi-Residency | /blog/Ministry-of-Commerce-in-Saudi-Arabia | /blog/Regional-Headquarters-in-Saudi-Arabia | /blog/Wage-Protection-System-in-saudi-arabia | /blog/ZATCA | /blog/about-Qiwa-Platform | /blog/balady-platform-saudi-arabia-guide | /blog/ejar-platform-saudi-arabia-guide | /services/home | /blog/industrial-cities-saudi-arabia-comprehensive-guide | /blog/issuing-general-manager-visa-via-qiwa-guide | /blog/legal-consultant-in-saudi-arabia-investor-support-2026 | /blog/misa-license-saudi-arabia-comprehensive-guide | /blog/opening-bank-account-saudi-arabia-investors-guide-2026 | /blog/professional-staff-saudi-arabia-management-guide | /blog/qiwa-platform-sovereign-encyclopedia | /blog/register-license-in-saudi-arabia-comprehensive-guide | /blog/saudi-arabia-rhq-incentives-requirements-guide | /blog/tax-system-saudi-arabia-wht-vat-cit-guide
node,641,ar,article,بوابة السيادة الاقتصادية: الدليل الموسوعي لفتح الأعمال في السعودية 2026,node__body,body_value,39,/Articles-of-Association | /Articles-of-Association-in-Saudi-Arabia | /HR-Governance-in-Saudi-Arabia | /Iqama-Issuance-and-Renewal-Services-in-Saudi-Arabia | /MISA-Investment-License | /Ministry-of-Commerce-in-Saudi-Arabia | /PRO-and-Government-Relations-Services-in-Saudi-Arabia | /PRO-services-in-Saudi-Arabia | /Regional-Headquarters-in-Saudi-Arabia | /Saudi-Corporate-Compliance-Services | /Steps-for-Business-Setup-in-KSA | /Wage-Protection-System-in-saudi-arabia | /ZATCA | /about-Qiwa-Platform | /balady-platform-saudi-arabia-guide | /business-opportunities-saudi-arabia-comprehensive-guide | /company-setup-riyadh-comprehensive-guide | /ejar-platform-saudi-arabia-guide | /freedom-of-ownership-in-saudi-arabia-investors-guide | /home | /industrial-cities-saudi-arabia-comprehensive-guide | /invest-in-saudi-arabia-comprehensive-encyclopedic-guide | /issuing-general-manager-visa-via-qiwa-guide | /legal-consultant-in-saudi-arabia-investor-support-2026 | /misa-license-saudi-arabia-comprehensive-guide | /open-branch-company-saudi-arabia-comprehensive-guide | /open-business-in-saudi-arabia | /open-business-in-saudi-arabia-comprehensive-guide | /opening-bank-account-saudi-arabia-investors-guide-2026 | /professional-licenses-saudi-arabia-guide | /professional-staff-saudi-arabia-management-guide | /qiwa-platform-sovereign-encyclopedia | /register-license-in-saudi-arabia-comprehensive-guide | /rhq-formation-saudi-arabia-comprehensive-guide | /saudi-arabia-company-incorporation | /saudi-arabia-company-incorporation-guide | /saudi-arabia-rhq-incentives-requirements-guide | /startup-business-investment-opportunities-2026-guide | /tax-system-saudi-arabia-wht-vat-cit-guide,/services/Articles-of-Association | /blog/Articles-of-Association-in-Saudi-Arabia | /blog/HR-Governance-in-Saudi-Arabia | /blog/Iqama-Issuance-and-Renewal-Services-in-Saudi-Arabia | /blog/MISA-Investment-License | /blog/Ministry-of-Commerce-in-Saudi-Arabia | /blog/PRO-and-Government-Relations-Services-in-Saudi-Arabia | /blog/PRO-services-in-Saudi-Arabia | /blog/Regional-Headquarters-in-Saudi-Arabia | /blog/Saudi-Corporate-Compliance-Services | /blog/Steps-for-Business-Setup-in-KSA | /blog/Wage-Protection-System-in-saudi-arabia | /blog/ZATCA | /blog/about-Qiwa-Platform | /blog/balady-platform-saudi-arabia-guide | /blog/business-opportunities-saudi-arabia-comprehensive-guide | /blog/company-setup-riyadh-comprehensive-guide | /blog/ejar-platform-saudi-arabia-guide | /blog/freedom-of-ownership-in-saudi-arabia-investors-guide | /services/home | /blog/industrial-cities-saudi-arabia-comprehensive-guide | /blog/invest-in-saudi-arabia-comprehensive-encyclopedic-guide | /blog/issuing-general-manager-visa-via-qiwa-guide | /blog/legal-consultant-in-saudi-arabia-investor-support-2026 | /blog/misa-license-saudi-arabia-comprehensive-guide | /blog/open-branch-company-saudi-arabia-comprehensive-guide | /blog/open-business-in-saudi-arabia | /blog/open-business-in-saudi-arabia-comprehensive-guide | /blog/opening-bank-account-saudi-arabia-investors-guide-2026 | /blog/professional-licenses-saudi-arabia-guide | /blog/professional-staff-saudi-arabia-management-guide | /blog/qiwa-platform-sovereign-encyclopedia | /blog/register-license-in-saudi-arabia-comprehensive-guide | /blog/rhq-formation-saudi-arabia-comprehensive-guide | /blog/saudi-arabia-company-incorporation | /blog/saudi-arabia-company-incorporation-guide | /blog/saudi-arabia-rhq-incentives-requirements-guide | /blog/startup-business-investment-opportunities-2026-guide | /blog/tax-system-saudi-arabia-wht-vat-cit-guide
node,641,en,article,Business Open in Saudi Guide 2026 | Opening a Business - Motaded,node__body,body_value,38,/Articles-of-Association | /Articles-of-Association-in-Saudi-Arabia | /HR-Governance-in-Saudi-Arabia | /How-to-Apply-for-Saudi-Residency | /Iqama-Issuance-and-Renewal-Services-in-Saudi-Arabia | /MISA-Investment-License | /Ministry-of-Commerce-in-Saudi-Arabia | /PRO-and-Government-Relations-Services-in-Saudi-Arabia | /Regional-Headquarters-in-Saudi-Arabia | /Saudi-Corporate-Compliance-Services | /Steps-for-Business-Setup-in-KSA | /Wage-Protection-System-in-saudi-arabia | /ZATCA | /balady-platform-saudi-arabia-guide | /business-opportunities-saudi-arabia-comprehensive-guide | /cash-flows-in-saudi-arabia-financial-guide | /company-setup-riyadh-comprehensive-guide | /consulting-firm-saudi-arabia-investors-comprehensive-guide | /ejar-platform-saudi-arabia-guide | /establishing-a-company-in-saudi-arabia-comprehensive-guide | /freedom-of-ownership-in-saudi-arabia-investors-guide | /home | /industrial-cities-saudi-arabia-comprehensive-guide | /invest-in-saudi-arabia-comprehensive-encyclopedic-guide | /issuing-general-manager-visa-via-qiwa-guide | /legal-consultant-in-saudi-arabia-investor-support-2026 | /misa-license-saudi-arabia-comprehensive-guide | /open-branch-company-saudi-arabia-comprehensive-guide | /opening-bank-account-saudi-arabia-investors-guide-2026 | /professional-licenses-saudi-arabia-guide | /professional-staff-saudi-arabia-management-guide | /qiwa-platform-sovereign-encyclopedia | /register-license-in-saudi-arabia-comprehensive-guide | /rhq-formation-saudi-arabia-comprehensive-guide | /saudi-arabia-company-incorporation | /saudi-arabia-company-incorporation-guide | /startup-business-investment-opportunities-2026-guide | /tax-system-saudi-arabia-wht-vat-cit-guide,/services/Articles-of-Association | /blog/Articles-of-Association-in-Saudi-Arabia | /blog/HR-Governance-in-Saudi-Arabia | /blog/How-to-Apply-for-Saudi-Residency | /blog/Iqama-Issuance-and-Renewal-Services-in-Saudi-Arabia | /blog/MISA-Investment-License | /blog/Ministry-of-Commerce-in-Saudi-Arabia | /blog/PRO-and-Government-Relations-Services-in-Saudi-Arabia | /blog/Regional-Headquarters-in-Saudi-Arabia | /blog/Saudi-Corporate-Compliance-Services | /blog/Steps-for-Business-Setup-in-KSA | /blog/Wage-Protection-System-in-saudi-arabia | /blog/ZATCA | /blog/balady-platform-saudi-arabia-guide | /blog/business-opportunities-saudi-arabia-comprehensive-guide | /blog/cash-flows-in-saudi-arabia-financial-guide | /blog/company-setup-riyadh-comprehensive-guide | /blog/consulting-firm-saudi-arabia-investors-comprehensive-guide | /blog/ejar-platform-saudi-arabia-guide | /blog/establishing-a-company-in-saudi-arabia-comprehensive-guide | /blog/freedom-of-ownership-in-saudi-arabia-investors-guide | /services/home | /blog/industrial-cities-saudi-arabia-comprehensive-guide | /blog/invest-in-saudi-arabia-comprehensive-encyclopedic-guide | /blog/issuing-general-manager-visa-via-qiwa-guide | /blog/legal-consultant-in-saudi-arabia-investor-support-2026 | /blog/misa-license-saudi-arabia-comprehensive-guide | /blog/open-branch-company-saudi-arabia-comprehensive-guide | /blog/opening-bank-account-saudi-arabia-investors-guide-2026 | /blog/professional-licenses-saudi-arabia-guide | /blog/professional-staff-saudi-arabia-management-guide | /blog/qiwa-platform-sovereign-encyclopedia | /blog/register-license-in-saudi-arabia-comprehensive-guide | /blog/rhq-formation-saudi-arabia-comprehensive-guide | /blog/saudi-arabia-company-incorporation | /blog/saudi-arabia-company-incorporation-guide | /blog/startup-business-investment-opportunities-2026-guide | /blog/tax-system-saudi-arabia-wht-vat-cit-guide
node,642,ar,article,الخارطة التنفيذية للاستثمار: دليل تأسيس الأعمال في السعودية 2026,node__body,body_value,5,/Iqama-Issuance-and-Renewal-Services-in-Saudi-Arabia | /MISA-Investment-License | /Wage-Protection-System-in-saudi-arabia | /about-Qiwa-Platform | /home,/blog/Iqama-Issuance-and-Renewal-Services-in-Saudi-Arabia | /blog/MISA-Investment-License | /blog/Wage-Protection-System-in-saudi-arabia | /blog/about-Qiwa-Platform | /services/home
node,642,en,article,Business Setup Process in KSA Guide 2026 | Establishment Path - Motaded,node__body,body_value,47,/Articles-of-Association | /Articles-of-Association-in-Saudi-Arabia | /Business-Operations-in-Saudi-Arabia | /HR-Governance-in-Saudi-Arabia | /Incorporating-a-Company-in-Saudi-Arabia | /Iqama-Issuance-and-Renewal-Services-in-Saudi-Arabia | /MISA-Investment-License | /Ministry-of-Commerce-in-Saudi-Arabia | /PRO-services-in-Saudi-Arabia | /Regional-Headquarters-in-Saudi-Arabia | /Saudi-Corporate-Compliance-Services | /Steps-for-Business-Setup-in-KSA | /Wage-Protection-System-in-saudi-arabia | /ZATCA | /about-Qiwa-Platform | /balady-platform-saudi-arabia-guide | /business-etiquette-comprehensive-guide-saudi-arabia | /business-opportunities-saudi-arabia-comprehensive-guide | /business-setup | /business-setup-in-saudi-arabia | /business-setup-in-saudi-arabia-comprehensive-guide | /business-setup-process-in-ksa-sovereign-guide | /cash-flows-in-saudi-arabia-financial-guide | /company-setup-in-saudi-arabia-comprehensive-guide | /company-setup-riyadh-comprehensive-guide | /consulting-firm-saudi-arabia-investors-comprehensive-guide | /ejar-platform-saudi-arabia-guide | /freedom-of-ownership-in-saudi-arabia-investors-guide | /home | /industrial-cities-saudi-arabia-comprehensive-guide | /invest-in-saudi-arabia-company-formation | /investment-systems-in-saudi-arabia-guide | /issuing-general-manager-visa-via-qiwa-guide | /legal-consultant-in-saudi-arabia-investor-support-2026 | /misa-license-saudi-arabia-comprehensive-guide | /open-branch-company-saudi-arabia-comprehensive-guide | /open-business-in-saudi-arabia | /open-business-in-saudi-arabia-comprehensive-guide | /opening-bank-account-saudi-arabia-investors-guide-2026 | /professional-staff-saudi-arabia-management-guide | /qiwa-platform-sovereign-encyclopedia | /register-license-in-saudi-arabia-comprehensive-guide | /rhq-formation-saudi-arabia-comprehensive-guide | /saudi-arabia-rhq-incentives-requirements-guide | /saudi-company-incorporation-comprehensive-guide | /startup-business-investment-opportunities-2026-guide | /tax-system-saudi-arabia-wht-vat-cit-guide,/services/Articles-of-Association | /blog/Articles-of-Association-in-Saudi-Arabia | /blog/Business-Operations-in-Saudi-Arabia | /blog/HR-Governance-in-Saudi-Arabia | /blog/Incorporating-a-Company-in-Saudi-Arabia | /blog/Iqama-Issuance-and-Renewal-Services-in-Saudi-Arabia | /blog/MISA-Investment-License | /blog/Ministry-of-Commerce-in-Saudi-Arabia | /blog/PRO-services-in-Saudi-Arabia | /blog/Regional-Headquarters-in-Saudi-Arabia | /blog/Saudi-Corporate-Compliance-Services | /blog/Steps-for-Business-Setup-in-KSA | /blog/Wage-Protection-System-in-saudi-arabia | /blog/ZATCA | /blog/about-Qiwa-Platform | /blog/balady-platform-saudi-arabia-guide | /blog/business-etiquette-comprehensive-guide-saudi-arabia | /blog/business-opportunities-saudi-arabia-comprehensive-guide | /services/business-setup | /blog/business-setup-in-saudi-arabia | /blog/business-setup-in-saudi-arabia-comprehensive-guide | /blog/business-setup-process-in-ksa-sovereign-guide | /blog/cash-flows-in-saudi-arabia-financial-guide | /blog/company-setup-in-saudi-arabia-comprehensive-guide | /blog/company-setup-riyadh-comprehensive-guide | /blog/consulting-firm-saudi-arabia-investors-comprehensive-guide | /blog/ejar-platform-saudi-arabia-guide | /blog/freedom-of-ownership-in-saudi-arabia-investors-guide | /services/home | /blog/industrial-cities-saudi-arabia-comprehensive-guide | /blog/invest-in-saudi-arabia-company-formation | /blog/investment-systems-in-saudi-arabia-guide | /blog/issuing-general-manager-visa-via-qiwa-guide | /blog/legal-consultant-in-saudi-arabia-investor-support-2026 | /blog/misa-license-saudi-arabia-comprehensive-guide | /blog/open-branch-company-saudi-arabia-comprehensive-guide | /blog/open-business-in-saudi-arabia | /blog/open-business-in-saudi-arabia-comprehensive-guide | /blog/opening-bank-account-saudi-arabia-investors-guide-2026 | /blog/professional-staff-saudi-arabia-management-guide | /blog/qiwa-platform-sovereign-encyclopedia | /blog/register-license-in-saudi-arabia-comprehensive-guide | /blog/rhq-formation-saudi-arabia-comprehensive-guide | /blog/saudi-arabia-rhq-incentives-requirements-guide | /blog/saudi-company-incorporation-comprehensive-guide | /blog/startup-business-investment-opportunities-2026-guide | /blog/tax-system-saudi-arabia-wht-vat-cit-guide
node,643,ar,article,تأسيس فرع شركة أجنبية في السعودية 2026 | دليل الفروع - متعدد,node__body,body_value,47,/Articles-of-Association | /Articles-of-Association-in-Saudi-Arabia | /Guide-to-Company-Formation-in-Saudi-Arabia | /HR-Governance-in-Saudi-Arabia | /How-to-Apply-for-Saudi-Residency | /Iqama-Issuance-and-Renewal-Services-in-Saudi-Arabia | /MISA-Investment-License | /Ministry-of-Commerce-in-Saudi-Arabia | /Ministry-of-Investment-in-Saudi-Arabia | /Ministry-of-Labor-in-Saudi-Arabia | /PRO-services-in-Saudi-Arabia | /Regional-Headquarters-in-Saudi-Arabia | /Saudi-Corporate-Compliance-Services | /Wage-Protection-System-in-saudi-arabia | /ZATCA | /about-Qiwa-Platform | /balady-platform-saudi-arabia-guide | /business-opportunities-saudi-arabia-comprehensive-guide | /business-setup | /business-setup-process-in-ksa-sovereign-guide | /cash-flows-in-saudi-arabia-financial-guide | /company-setup-riyadh-comprehensive-guide | /consulting-firm-saudi-arabia-investors-comprehensive-guide | /ejar-platform-saudi-arabia-guide | /freedom-of-ownership-in-saudi-arabia-investors-guide | /home | /industrial-cities-saudi-arabia-comprehensive-guide | /investment-systems-in-saudi-arabia-guide | /issuing-general-manager-visa-via-qiwa-guide | /legal-consultant-in-saudi-arabia-investor-support-2026 | /license-investment-saudi-arabia-comprehensive-guide | /market-entry-strategy-in-KSA | /ministry-of-foreign-affairs-saudi-business-encyclopedic-guide | /open-branch-company-saudi-arabia-comprehensive-guide | /open-business-in-saudi-arabia | /open-business-in-saudi-arabia-comprehensive-guide | /opening-bank-account-saudi-arabia-investors-guide-2026 | /professional-staff-saudi-arabia-management-guide | /qiwa-platform-sovereign-encyclopedia | /register-license-in-saudi-arabia-comprehensive-guide | /saudi-arabia-rhq-incentives-requirements-guide | /setting-up-company-in-saudi-arabia | /setting-up-company-in-saudi-arabia-guide | /starting-a-company-in-saudi-arabia | /starting-a-company-in-saudi-arabia-guide | /startup-business-investment-opportunities-2026-guide | /tax-system-saudi-arabia-wht-vat-cit-guide,/services/Articles-of-Association | /blog/Articles-of-Association-in-Saudi-Arabia | /blog/Guide-to-Company-Formation-in-Saudi-Arabia | /blog/HR-Governance-in-Saudi-Arabia | /blog/How-to-Apply-for-Saudi-Residency | /blog/Iqama-Issuance-and-Renewal-Services-in-Saudi-Arabia | /blog/MISA-Investment-License | /blog/Ministry-of-Commerce-in-Saudi-Arabia | /blog/Ministry-of-Investment-in-Saudi-Arabia | /blog/Ministry-of-Labor-in-Saudi-Arabia | /blog/PRO-services-in-Saudi-Arabia | /blog/Regional-Headquarters-in-Saudi-Arabia | /blog/Saudi-Corporate-Compliance-Services | /blog/Wage-Protection-System-in-saudi-arabia | /blog/ZATCA | /blog/about-Qiwa-Platform | /blog/balady-platform-saudi-arabia-guide | /blog/business-opportunities-saudi-arabia-comprehensive-guide | /services/business-setup | /blog/business-setup-process-in-ksa-sovereign-guide | /blog/cash-flows-in-saudi-arabia-financial-guide | /blog/company-setup-riyadh-comprehensive-guide | /blog/consulting-firm-saudi-arabia-investors-comprehensive-guide | /blog/ejar-platform-saudi-arabia-guide | /blog/freedom-of-ownership-in-saudi-arabia-investors-guide | /services/home | /blog/industrial-cities-saudi-arabia-comprehensive-guide | /blog/investment-systems-in-saudi-arabia-guide | /blog/issuing-general-manager-visa-via-qiwa-guide | /blog/legal-consultant-in-saudi-arabia-investor-support-2026 | /blog/license-investment-saudi-arabia-comprehensive-guide | /blog/market-entry-strategy-in-KSA | /blog/ministry-of-foreign-affairs-saudi-business-encyclopedic-guide | /blog/open-branch-company-saudi-arabia-comprehensive-guide | /blog/open-business-in-saudi-arabia | /blog/open-business-in-saudi-arabia-comprehensive-guide | /blog/opening-bank-account-saudi-arabia-investors-guide-2026 | /blog/professional-staff-saudi-arabia-management-guide | /blog/qiwa-platform-sovereign-encyclopedia | /blog/register-license-in-saudi-arabia-comprehensive-guide | /blog/saudi-arabia-rhq-incentives-requirements-guide | /blog/setting-up-company-in-saudi-arabia | /blog/setting-up-company-in-saudi-arabia-guide | /blog/starting-a-company-in-saudi-arabia | /blog/starting-a-company-in-saudi-arabia-guide | /blog/startup-business-investment-opportunities-2026-guide | /blog/tax-system-saudi-arabia-wht-vat-cit-guide
node,643,en,article,Set up a Branch Office in Saudi Arabia 2026 | Branch Guide - Motaded,node__body,body_value,47,/Articles-of-Association | /Articles-of-Association-in-Saudi-Arabia | /Guide-to-Company-Formation-in-Saudi-Arabia | /HR-Governance-in-Saudi-Arabia | /How-to-Apply-for-Saudi-Residency | /Iqama-Issuance-and-Renewal-Services-in-Saudi-Arabia | /MISA-Investment-License | /Ministry-of-Commerce-in-Saudi-Arabia | /Ministry-of-Investment-in-Saudi-Arabia | /Ministry-of-Labor-in-Saudi-Arabia | /PRO-services-in-Saudi-Arabia | /Regional-Headquarters-in-Saudi-Arabia | /Saudi-Corporate-Compliance-Services | /Wage-Protection-System-in-saudi-arabia | /ZATCA | /about-Qiwa-Platform | /balady-platform-saudi-arabia-guide | /business-opportunities-saudi-arabia-comprehensive-guide | /business-setup | /business-setup-process-in-ksa-sovereign-guide | /cash-flows-in-saudi-arabia-financial-guide | /company-setup-riyadh-comprehensive-guide | /consulting-firm-saudi-arabia-investors-comprehensive-guide | /ejar-platform-saudi-arabia-guide | /freedom-of-ownership-in-saudi-arabia-investors-guide | /home | /industrial-cities-saudi-arabia-comprehensive-guide | /investment-systems-in-saudi-arabia-guide | /issuing-general-manager-visa-via-qiwa-guide | /legal-consultant-in-saudi-arabia-investor-support-2026 | /license-investment-saudi-arabia-comprehensive-guide | /market-entry-strategy-in-KSA | /ministry-of-foreign-affairs-saudi-business-encyclopedic-guide | /open-business-in-saudi-arabia | /open-business-in-saudi-arabia-comprehensive-guide | /opening-bank-account-saudi-arabia-investors-guide-2026 | /professional-staff-saudi-arabia-management-guide | /qiwa-platform-sovereign-encyclopedia | /register-license-in-saudi-arabia-comprehensive-guide | /saudi-arabia-rhq-incentives-requirements-guide | /set-up-a-branch-office-in-saudi-arabia-sovereign-guide | /setting-up-company-in-saudi-arabia | /setting-up-company-in-saudi-arabia-guide | /starting-a-company-in-saudi-arabia | /starting-a-company-in-saudi-arabia-guide | /startup-business-investment-opportunities-2026-guide | /tax-system-saudi-arabia-wht-vat-cit-guide,/services/Articles-of-Association | /blog/Articles-of-Association-in-Saudi-Arabia | /blog/Guide-to-Company-Formation-in-Saudi-Arabia | /blog/HR-Governance-in-Saudi-Arabia | /blog/How-to-Apply-for-Saudi-Residency | /blog/Iqama-Issuance-and-Renewal-Services-in-Saudi-Arabia | /blog/MISA-Investment-License | /blog/Ministry-of-Commerce-in-Saudi-Arabia | /blog/Ministry-of-Investment-in-Saudi-Arabia | /blog/Ministry-of-Labor-in-Saudi-Arabia | /blog/PRO-services-in-Saudi-Arabia | /blog/Regional-Headquarters-in-Saudi-Arabia | /blog/Saudi-Corporate-Compliance-Services | /blog/Wage-Protection-System-in-saudi-arabia | /blog/ZATCA | /blog/about-Qiwa-Platform | /blog/balady-platform-saudi-arabia-guide | /blog/business-opportunities-saudi-arabia-comprehensive-guide | /services/business-setup | /blog/business-setup-process-in-ksa-sovereign-guide | /blog/cash-flows-in-saudi-arabia-financial-guide | /blog/company-setup-riyadh-comprehensive-guide | /blog/consulting-firm-saudi-arabia-investors-comprehensive-guide | /blog/ejar-platform-saudi-arabia-guide | /blog/freedom-of-ownership-in-saudi-arabia-investors-guide | /services/home | /blog/industrial-cities-saudi-arabia-comprehensive-guide | /blog/investment-systems-in-saudi-arabia-guide | /blog/issuing-general-manager-visa-via-qiwa-guide | /blog/legal-consultant-in-saudi-arabia-investor-support-2026 | /blog/license-investment-saudi-arabia-comprehensive-guide | /blog/market-entry-strategy-in-KSA | /blog/ministry-of-foreign-affairs-saudi-business-encyclopedic-guide | /blog/open-business-in-saudi-arabia | /blog/open-business-in-saudi-arabia-comprehensive-guide | /blog/opening-bank-account-saudi-arabia-investors-guide-2026 | /blog/professional-staff-saudi-arabia-management-guide | /blog/qiwa-platform-sovereign-encyclopedia | /blog/register-license-in-saudi-arabia-comprehensive-guide | /blog/saudi-arabia-rhq-incentives-requirements-guide | /blog/set-up-a-branch-office-in-saudi-arabia-sovereign-guide | /blog/setting-up-company-in-saudi-arabia | /blog/setting-up-company-in-saudi-arabia-guide | /blog/starting-a-company-in-saudi-arabia | /blog/starting-a-company-in-saudi-arabia-guide | /blog/startup-business-investment-opportunities-2026-guide | /blog/tax-system-saudi-arabia-wht-vat-cit-guide
node,643,zh-hans,article,2026年沙特阿拉伯设立外国分公司指南 | 分公司设立 - Motaded,node__body,body_value,32,/Articles-of-Association | /Articles-of-Association-in-Saudi-Arabia | /Guide-to-Company-Formation-in-Saudi-Arabia | /HR-Governance-in-Saudi-Arabia | /Iqama-Issuance-and-Renewal-Services-in-Saudi-Arabia | /MISA-Investment-License | /Ministry-of-Commerce-in-Saudi-Arabia | /Ministry-of-Labor-in-Saudi-Arabia | /PRO-services-in-Saudi-Arabia | /Saudi-Corporate-Compliance-Services | /Wage-Protection-System-in-saudi-arabia | /about-Qiwa-Platform | /balady-platform-saudi-arabia-guide | /business-opportunities-saudi-arabia-comprehensive-guide | /cash-flows-in-saudi-arabia-financial-guide | /consulting-firm-saudi-arabia-investors-comprehensive-guide | /freedom-of-ownership-in-saudi-arabia-investors-guide | /home | /industrial-cities-saudi-arabia-comprehensive-guide | /investment-systems-in-saudi-arabia-guide | /market-entry-strategy-in-KSA | /ministry-of-foreign-affairs-saudi-business-encyclopedic-guide | /open-branch-company-saudi-arabia-comprehensive-guide | /open-business-in-saudi-arabia | /open-business-in-saudi-arabia-comprehensive-guide | /opening-bank-account-saudi-arabia-investors-guide-2026 | /professional-staff-saudi-arabia-management-guide | /register-license-in-saudi-arabia-comprehensive-guide | /saudi-arabia-rhq-incentives-requirements-guide | /starting-a-company-in-saudi-arabia | /starting-a-company-in-saudi-arabia-guide | /startup-business-investment-opportunities-2026-guide,/services/Articles-of-Association | /blog/Articles-of-Association-in-Saudi-Arabia | /blog/Guide-to-Company-Formation-in-Saudi-Arabia | /blog/HR-Governance-in-Saudi-Arabia | /blog/Iqama-Issuance-and-Renewal-Services-in-Saudi-Arabia | /blog/MISA-Investment-License | /blog/Ministry-of-Commerce-in-Saudi-Arabia | /blog/Ministry-of-Labor-in-Saudi-Arabia | /blog/PRO-services-in-Saudi-Arabia | /blog/Saudi-Corporate-Compliance-Services | /blog/Wage-Protection-System-in-saudi-arabia | /blog/about-Qiwa-Platform | /blog/balady-platform-saudi-arabia-guide | /blog/business-opportunities-saudi-arabia-comprehensive-guide | /blog/cash-flows-in-saudi-arabia-financial-guide | /blog/consulting-firm-saudi-arabia-investors-comprehensive-guide | /blog/freedom-of-ownership-in-saudi-arabia-investors-guide | /services/home | /blog/industrial-cities-saudi-arabia-comprehensive-guide | /blog/investment-systems-in-saudi-arabia-guide | /blog/market-entry-strategy-in-KSA | /blog/ministry-of-foreign-affairs-saudi-business-encyclopedic-guide | /blog/open-branch-company-saudi-arabia-comprehensive-guide | /blog/open-business-in-saudi-arabia | /blog/open-business-in-saudi-arabia-comprehensive-guide | /blog/opening-bank-account-saudi-arabia-investors-guide-2026 | /blog/professional-staff-saudi-arabia-management-guide | /blog/register-license-in-saudi-arabia-comprehensive-guide | /blog/saudi-arabia-rhq-incentives-requirements-guide | /blog/starting-a-company-in-saudi-arabia | /blog/starting-a-company-in-saudi-arabia-guide | /blog/startup-business-investment-opportunities-2026-guide
node,644,ar,article,كيف تختار مستشار الاستثمار في السعودية 2026 | دليل المستشارين - متعدد,node__body,body_value,34,/Articles-of-Association | /Articles-of-Association-in-Saudi-Arabia | /Guide-to-Company-Formation-in-Saudi-Arabia | /HR-Governance-in-Saudi-Arabia | /Iqama-Issuance-and-Renewal-Services-in-Saudi-Arabia | /MISA-Investment-License | /Ministry-of-Commerce-in-Saudi-Arabia | /PRO-services-in-Saudi-Arabia | /Regional-Headquarters-in-Saudi-Arabia | /Saudi-Corporate-Compliance-Services | /Wage-Protection-System-in-saudi-arabia | /ZATCA | /about-Qiwa-Platform | /balady-platform-saudi-arabia-guide | /cash-flows-in-saudi-arabia-financial-guide | /consulting-firm-saudi-arabia-investors-comprehensive-guide | /consulting-license-saudi-arabia-legal-management-consultant-guide | /facilitating-sovereign-financial-procedures-saudi-arabia-guide | /freedom-of-ownership-in-saudi-arabia-investors-guide | /industrial-cities-saudi-arabia-comprehensive-guide | /invest-in-saudi-arabia-comprehensive-encyclopedic-guide | /investment-systems-in-saudi-arabia-guide | /license-investor-saudi-arabia-comprehensive-guide | /market-entry-strategy-in-KSA | /ministry-of-foreign-affairs-saudi-business-encyclopedic-guide | /open-business-in-saudi-arabia | /open-business-in-saudi-arabia-comprehensive-guide | /opening-bank-account-saudi-arabia-investors-guide-2026 | /professional-staff-saudi-arabia-management-guide | /register-license-in-saudi-arabia-comprehensive-guide | /saudi-arabia-company-incorporation | /saudi-arabia-company-incorporation-guide | /saudi-arabia-rhq-incentives-requirements-guide | /startup-business-investment-opportunities-2026-guide,/services/Articles-of-Association | /blog/Articles-of-Association-in-Saudi-Arabia | /blog/Guide-to-Company-Formation-in-Saudi-Arabia | /blog/HR-Governance-in-Saudi-Arabia | /blog/Iqama-Issuance-and-Renewal-Services-in-Saudi-Arabia | /blog/MISA-Investment-License | /blog/Ministry-of-Commerce-in-Saudi-Arabia | /blog/PRO-services-in-Saudi-Arabia | /blog/Regional-Headquarters-in-Saudi-Arabia | /blog/Saudi-Corporate-Compliance-Services | /blog/Wage-Protection-System-in-saudi-arabia | /blog/ZATCA | /blog/about-Qiwa-Platform | /blog/balady-platform-saudi-arabia-guide | /blog/cash-flows-in-saudi-arabia-financial-guide | /blog/consulting-firm-saudi-arabia-investors-comprehensive-guide | /blog/consulting-license-saudi-arabia-legal-management-consultant-guide | /blog/facilitating-sovereign-financial-procedures-saudi-arabia-guide | /blog/freedom-of-ownership-in-saudi-arabia-investors-guide | /blog/industrial-cities-saudi-arabia-comprehensive-guide | /blog/invest-in-saudi-arabia-comprehensive-encyclopedic-guide | /blog/investment-systems-in-saudi-arabia-guide | /blog/license-investor-saudi-arabia-comprehensive-guide | /blog/market-entry-strategy-in-KSA | /blog/ministry-of-foreign-affairs-saudi-business-encyclopedic-guide | /blog/open-business-in-saudi-arabia | /blog/open-business-in-saudi-arabia-comprehensive-guide | /blog/opening-bank-account-saudi-arabia-investors-guide-2026 | /blog/professional-staff-saudi-arabia-management-guide | /blog/register-license-in-saudi-arabia-comprehensive-guide | /blog/saudi-arabia-company-incorporation | /blog/saudi-arabia-company-incorporation-guide | /blog/saudi-arabia-rhq-incentives-requirements-guide | /blog/startup-business-investment-opportunities-2026-guide
node,644,en,article,How to Choose an Investment Consultant in Saudi Arabia 2026 | Guide - Motaded,node__body,body_value,33,/Articles-of-Association | /Articles-of-Association-in-Saudi-Arabia | /Guide-to-Company-Formation-in-Saudi-Arabia | /HR-Governance-in-Saudi-Arabia | /Iqama-Issuance-and-Renewal-Services-in-Saudi-Arabia | /MISA-Investment-License | /Ministry-of-Commerce-in-Saudi-Arabia | /PRO-services-in-Saudi-Arabia | /Regional-Headquarters-in-Saudi-Arabia | /Saudi-Corporate-Compliance-Services | /Wage-Protection-System-in-saudi-arabia | /ZATCA | /about-Qiwa-Platform | /balady-platform-saudi-arabia-guide | /business-opportunities-saudi-arabia-comprehensive-guide | /cash-flows-in-saudi-arabia-financial-guide | /consulting-firm-saudi-arabia-investors-comprehensive-guide | /consulting-license-saudi-arabia-legal-management-consultant-guide | /facilitating-sovereign-financial-procedures-saudi-arabia-guide | /freedom-of-ownership-in-saudi-arabia-investors-guide | /industrial-cities-saudi-arabia-comprehensive-guide | /invest-in-saudi-arabia-comprehensive-encyclopedic-guide | /investment-systems-in-saudi-arabia-guide | /ministry-of-foreign-affairs-saudi-business-encyclopedic-guide | /open-business-in-saudi-arabia | /open-business-in-saudi-arabia-comprehensive-guide | /opening-bank-account-saudi-arabia-investors-guide-2026 | /professional-staff-saudi-arabia-management-guide | /register-license-in-saudi-arabia-comprehensive-guide | /saudi-arabia-company-incorporation | /saudi-arabia-company-incorporation-guide | /saudi-arabia-rhq-incentives-requirements-guide | /startup-business-investment-opportunities-2026-guide,/services/Articles-of-Association | /blog/Articles-of-Association-in-Saudi-Arabia | /blog/Guide-to-Company-Formation-in-Saudi-Arabia | /blog/HR-Governance-in-Saudi-Arabia | /blog/Iqama-Issuance-and-Renewal-Services-in-Saudi-Arabia | /blog/MISA-Investment-License | /blog/Ministry-of-Commerce-in-Saudi-Arabia | /blog/PRO-services-in-Saudi-Arabia | /blog/Regional-Headquarters-in-Saudi-Arabia | /blog/Saudi-Corporate-Compliance-Services | /blog/Wage-Protection-System-in-saudi-arabia | /blog/ZATCA | /blog/about-Qiwa-Platform | /blog/balady-platform-saudi-arabia-guide | /blog/business-opportunities-saudi-arabia-comprehensive-guide | /blog/cash-flows-in-saudi-arabia-financial-guide | /blog/consulting-firm-saudi-arabia-investors-comprehensive-guide | /blog/consulting-license-saudi-arabia-legal-management-consultant-guide | /blog/facilitating-sovereign-financial-procedures-saudi-arabia-guide | /blog/freedom-of-ownership-in-saudi-arabia-investors-guide | /blog/industrial-cities-saudi-arabia-comprehensive-guide | /blog/invest-in-saudi-arabia-comprehensive-encyclopedic-guide | /blog/investment-systems-in-saudi-arabia-guide | /blog/ministry-of-foreign-affairs-saudi-business-encyclopedic-guide | /blog/open-business-in-saudi-arabia | /blog/open-business-in-saudi-arabia-comprehensive-guide | /blog/opening-bank-account-saudi-arabia-investors-guide-2026 | /blog/professional-staff-saudi-arabia-management-guide | /blog/register-license-in-saudi-arabia-comprehensive-guide | /blog/saudi-arabia-company-incorporation | /blog/saudi-arabia-company-incorporation-guide | /blog/saudi-arabia-rhq-incentives-requirements-guide | /blog/startup-business-investment-opportunities-2026-guide
node,645,en,article,Translation for visa application Saudi: Key Insights,node__body,body_value,4,/business-open-in-saudi-arabia-sovereign-guide | /business-setup | /business-setup-process-in-ksa-sovereign-guide | /modon-industrial-cities-sovereign-guide,/blog/business-open-in-saudi-arabia-sovereign-guide | /services/business-setup | /blog/business-setup-process-in-ksa-sovereign-guide | /blog/modon-industrial-cities-sovereign-guide
node,646,ar,article,مستشارو تأسيس الأعمال في السعودية 2026 | دعم الاستثمار السيادي - متعدد,node__body,body_value,54,/Articles-of-Association | /Articles-of-Association-in-Saudi-Arabia | /Cloud-Computing-Special-Economic-Zone | /Commercial-Registration-Renewal | /Guide-to-Amending-the-MISA-Investment-License | /Guide-to-Company-Formation-in-Saudi-Arabia | /HR-Governance-in-Saudi-Arabia | /HR-Outsourcing-in-Saudi-Arabia | /Iqama-Issuance-and-Renewal-Services-in-Saudi-Arabia | /MISA-Investment-License | /MISA-Investment-License-Renewal | /Ministry-of-Commerce-in-Saudi-Arabia | /Ministry-of-Investment-in-Saudi-Arabia | /PRO-services-in-Saudi-Arabia | /Public-Investment-Fund-Meaning-Strategy-and-Global-Impact | /Regional-Headquarters-in-Saudi-Arabia | /Saudi-Corporate-Compliance-Services | /Steps-for-Business-Setup-in-KSA | /The-Comprehensive-Guide-to-Saudi-Business-Center | /Wage-Protection-System-in-saudi-arabia | /ZATCA | /about-Qiwa-Platform | /balady-platform-saudi-arabia-guide | /business-etiquette-comprehensive-guide-saudi-arabia | /business-visa-in-saudi-arabia-comprehensive-guide | /calculating-setup-and-renewal-costs-saudi-arabia-encyclopedia | /cash-flows-in-saudi-arabia-financial-guide | /company-registration-in-saudi-arabia | /company-registration-in-saudi-arabia-comprehensive-guide | /comprehensive-development-rights-saudi-arabia-guide | /consulting-firm-saudi-arabia-investors-comprehensive-guide | /consulting-license-saudi-arabia-legal-management-consultant-guide | /ejar-platform-saudi-arabia-guide | /establishing-a-company-in-saudi-arabia-comprehensive-guide | /facilitating-sovereign-financial-procedures-saudi-arabia-guide | /freedom-of-ownership-in-saudi-arabia-investors-guide | /home | /hr-companies-in-riyadh | /instant-license-issuance-saudi-arabia-guide | /insurance-brokerage-license-saudi-arabia-guide | /investment-systems-in-saudi-arabia-guide | /legal-translation-services-in-saudi-arabia | /market-entry-strategy-in-KSA | /ministry-of-foreign-affairs-saudi-business-encyclopedic-guide | /misa-setup-consultants-saudi-arabia-comprehensive-guide | /opening-bank-account-saudi-arabia-investors-guide-2026 | /professional-licenses-saudi-arabia-guide | /professional-staff-saudi-arabia-management-guide | /real-estate-developer-license-saudi-arabia-guide | /rhq-formation-saudi-arabia-comprehensive-guide | /saudi-arabia-rhq-incentives-requirements-guide | /starting-a-company-in-saudi-arabia | /starting-a-company-in-saudi-arabia-guide | /tax-system-saudi-arabia-wht-vat-cit-guide,/services/Articles-of-Association | /blog/Articles-of-Association-in-Saudi-Arabia | /blog/Cloud-Computing-Special-Economic-Zone | /blog/Commercial-Registration-Renewal | /blog/Guide-to-Amending-the-MISA-Investment-License | /blog/Guide-to-Company-Formation-in-Saudi-Arabia | /blog/HR-Governance-in-Saudi-Arabia | /blog/HR-Outsourcing-in-Saudi-Arabia | /blog/Iqama-Issuance-and-Renewal-Services-in-Saudi-Arabia | /blog/MISA-Investment-License | /blog/MISA-Investment-License-Renewal | /blog/Ministry-of-Commerce-in-Saudi-Arabia | /blog/Ministry-of-Investment-in-Saudi-Arabia | /blog/PRO-services-in-Saudi-Arabia | /blog/Public-Investment-Fund-Meaning-Strategy-and-Global-Impact | /blog/Regional-Headquarters-in-Saudi-Arabia | /blog/Saudi-Corporate-Compliance-Services | /blog/Steps-for-Business-Setup-in-KSA | /blog/The-Comprehensive-Guide-to-Saudi-Business-Center | /blog/Wage-Protection-System-in-saudi-arabia | /blog/ZATCA | /blog/about-Qiwa-Platform | /blog/balady-platform-saudi-arabia-guide | /blog/business-etiquette-comprehensive-guide-saudi-arabia | /blog/business-visa-in-saudi-arabia-comprehensive-guide | /blog/calculating-setup-and-renewal-costs-saudi-arabia-encyclopedia | /blog/cash-flows-in-saudi-arabia-financial-guide | /blog/company-registration-in-saudi-arabia | /blog/company-registration-in-saudi-arabia-comprehensive-guide | /blog/comprehensive-development-rights-saudi-arabia-guide | /blog/consulting-firm-saudi-arabia-investors-comprehensive-guide | /blog/consulting-license-saudi-arabia-legal-management-consultant-guide | /blog/ejar-platform-saudi-arabia-guide | /blog/establishing-a-company-in-saudi-arabia-comprehensive-guide | /blog/facilitating-sovereign-financial-procedures-saudi-arabia-guide | /blog/freedom-of-ownership-in-saudi-arabia-investors-guide | /services/home | /blog/hr-companies-in-riyadh | /blog/instant-license-issuance-saudi-arabia-guide | /blog/insurance-brokerage-license-saudi-arabia-guide | /blog/investment-systems-in-saudi-arabia-guide | /blog/legal-translation-services-in-saudi-arabia | /blog/market-entry-strategy-in-KSA | /blog/ministry-of-foreign-affairs-saudi-business-encyclopedic-guide | /blog/misa-setup-consultants-saudi-arabia-comprehensive-guide | /blog/opening-bank-account-saudi-arabia-investors-guide-2026 | /blog/professional-licenses-saudi-arabia-guide | /blog/professional-staff-saudi-arabia-management-guide | /blog/real-estate-developer-license-saudi-arabia-guide | /blog/rhq-formation-saudi-arabia-comprehensive-guide | /blog/saudi-arabia-rhq-incentives-requirements-guide | /blog/starting-a-company-in-saudi-arabia | /blog/starting-a-company-in-saudi-arabia-guide | /blog/tax-system-saudi-arabia-wht-vat-cit-guide
node,646,en,article,Business Setup Consultants in Saudi Arabia 2026 | Sovereign Investment Support - Motaded,node__body,body_value,58,/Articles-of-Association | /Articles-of-Association-in-Saudi-Arabia | /Cloud-Computing-Special-Economic-Zone | /Commercial-Registration-Renewal | /Guide-to-Amending-the-MISA-Investment-License | /Guide-to-Company-Formation-in-Saudi-Arabia | /HR-Governance-in-Saudi-Arabia | /HR-Outsourcing-in-Saudi-Arabia | /Integrated-Logistics-Special-Bonded-Zone | /Iqama-Issuance-and-Renewal-Services-in-Saudi-Arabia | /MISA-Investment-License | /MISA-Investment-License-Renewal | /Ministry-of-Commerce-in-Saudi-Arabia | /Ministry-of-Investment-in-Saudi-Arabia | /PRO-Services-in-Saudi-Arabia-for-Foreign-Companies | /Public-Investment-Fund-Meaning-Strategy-and-Global-Impact | /Regional-Headquarters-in-Saudi-Arabia | /Saudi-Corporate-Compliance-Services | /Steps-for-Business-Setup-in-KSA | /The-Comprehensive-Guide-to-Saudi-Business-Center | /Wage-Protection-System-in-saudi-arabia | /ZATCA | /about-Qiwa-Platform | /balady-platform-saudi-arabia-guide | /business-etiquette-comprehensive-guide-saudi-arabia | /business-setup | /business-setup-consultants-in-saudi-arabia-sovereign-investment-support | /business-setup-in-saudi-arabia | /business-setup-in-saudi-arabia-comprehensive-guide | /business-visa-in-saudi-arabia-comprehensive-guide | /calculating-setup-and-renewal-costs-saudi-arabia-encyclopedia | /cash-flows-in-saudi-arabia-financial-guide | /company-registration-in-saudi-arabia | /company-registration-in-saudi-arabia-comprehensive-guide | /comprehensive-development-rights-saudi-arabia-guide | /consulting-license-saudi-arabia-legal-management-consultant-guide | /ejar-platform-saudi-arabia-guide | /facilitating-sovereign-financial-procedures-saudi-arabia-guide | /freedom-of-ownership-in-saudi-arabia-investors-guide | /home | /hr-companies-in-riyadh | /instant-license-issuance-saudi-arabia-guide | /insurance-brokerage-license-saudi-arabia-guide | /investment-systems-in-saudi-arabia-guide | /legal-consultant-in-saudi-arabia-investor-support-2026 | /legal-translation-services-in-saudi-arabia | /market-entry-strategy-in-KSA | /ministry-of-foreign-affairs-saudi-business-encyclopedic-guide | /misa-setup-consultants-saudi-arabia-comprehensive-guide | /opening-bank-account-saudi-arabia-investors-guide-2026 | /professional-licenses-saudi-arabia-guide | /professional-staff-saudi-arabia-management-guide | /real-estate-developer-license-saudi-arabia-guide | /rhq-formation-saudi-arabia-comprehensive-guide | /saudi-arabia-rhq-incentives-requirements-guide | /starting-a-company-in-saudi-arabia | /starting-a-company-in-saudi-arabia-guide | /tax-system-saudi-arabia-wht-vat-cit-guide,/services/Articles-of-Association | /blog/Articles-of-Association-in-Saudi-Arabia | /blog/Cloud-Computing-Special-Economic-Zone | /blog/Commercial-Registration-Renewal | /blog/Guide-to-Amending-the-MISA-Investment-License | /blog/Guide-to-Company-Formation-in-Saudi-Arabia | /blog/HR-Governance-in-Saudi-Arabia | /blog/HR-Outsourcing-in-Saudi-Arabia | /blog/Integrated-Logistics-Special-Bonded-Zone | /blog/Iqama-Issuance-and-Renewal-Services-in-Saudi-Arabia | /blog/MISA-Investment-License | /blog/MISA-Investment-License-Renewal | /blog/Ministry-of-Commerce-in-Saudi-Arabia | /blog/Ministry-of-Investment-in-Saudi-Arabia | /blog/PRO-Services-in-Saudi-Arabia-for-Foreign-Companies | /blog/Public-Investment-Fund-Meaning-Strategy-and-Global-Impact | /blog/Regional-Headquarters-in-Saudi-Arabia | /blog/Saudi-Corporate-Compliance-Services | /blog/Steps-for-Business-Setup-in-KSA | /blog/The-Comprehensive-Guide-to-Saudi-Business-Center | /blog/Wage-Protection-System-in-saudi-arabia | /blog/ZATCA | /blog/about-Qiwa-Platform | /blog/balady-platform-saudi-arabia-guide | /blog/business-etiquette-comprehensive-guide-saudi-arabia | /services/business-setup | /blog/business-setup-consultants-in-saudi-arabia-sovereign-investment-support | /blog/business-setup-in-saudi-arabia | /blog/business-setup-in-saudi-arabia-comprehensive-guide | /blog/business-visa-in-saudi-arabia-comprehensive-guide | /blog/calculating-setup-and-renewal-costs-saudi-arabia-encyclopedia | /blog/cash-flows-in-saudi-arabia-financial-guide | /blog/company-registration-in-saudi-arabia | /blog/company-registration-in-saudi-arabia-comprehensive-guide | /blog/comprehensive-development-rights-saudi-arabia-guide | /blog/consulting-license-saudi-arabia-legal-management-consultant-guide | /blog/ejar-platform-saudi-arabia-guide | /blog/facilitating-sovereign-financial-procedures-saudi-arabia-guide | /blog/freedom-of-ownership-in-saudi-arabia-investors-guide | /services/home | /blog/hr-companies-in-riyadh | /blog/instant-license-issuance-saudi-arabia-guide | /blog/insurance-brokerage-license-saudi-arabia-guide | /blog/investment-systems-in-saudi-arabia-guide | /blog/legal-consultant-in-saudi-arabia-investor-support-2026 | /blog/legal-translation-services-in-saudi-arabia | /blog/market-entry-strategy-in-KSA | /blog/ministry-of-foreign-affairs-saudi-business-encyclopedic-guide | /blog/misa-setup-consultants-saudi-arabia-comprehensive-guide | /blog/opening-bank-account-saudi-arabia-investors-guide-2026 | /blog/professional-licenses-saudi-arabia-guide | /blog/professional-staff-saudi-arabia-management-guide | /blog/real-estate-developer-license-saudi-arabia-guide | /blog/rhq-formation-saudi-arabia-comprehensive-guide | /blog/saudi-arabia-rhq-incentives-requirements-guide | /blog/starting-a-company-in-saudi-arabia | /blog/starting-a-company-in-saudi-arabia-guide | /blog/tax-system-saudi-arabia-wht-vat-cit-guide
node,647,en,article,Foreign Investment in Saudi Arabia 2026 | Sovereign Growth & FDI - Motaded,node__body,body_value,54,/Cloud-Computing-Special-Economic-Zone | /Commercial-Registration-Renewal | /Guide-to-Company-Formation-in-Saudi-Arabia | /HR-Governance-in-Saudi-Arabia | /HR-Outsourcing-in-Saudi-Arabia | /Incorporating-a-Company-in-Saudi-Arabia | /Integrated-Logistics-Special-Bonded-Zone | /Iqama-Issuance-and-Renewal-Services-in-Saudi-Arabia | /MISA-Investment-License | /MISA-Investment-License-Renewal | /Ministry-of-Commerce-in-Saudi-Arabia | /Ministry-of-Investment-in-Saudi-Arabia | /PRO-Services-in-Saudi-Arabia-for-Foreign-Companies | /Public-Investment-Fund-Meaning-Strategy-and-Global-Impact | /Regional-Headquarters-in-Saudi-Arabia | /The-Comprehensive-Guide-to-Saudi-Business-Center | /Wage-Protection-System-in-saudi-arabia | /ZATCA | /balady-platform-saudi-arabia-guide | /business-etiquette-comprehensive-guide-saudi-arabia | /business-opportunities-saudi-arabia-comprehensive-guide | /business-setup | /business-setup-process-in-ksa-sovereign-guide | /business-visa-in-saudi-arabia-comprehensive-guide | /calculating-setup-and-renewal-costs-saudi-arabia-encyclopedia | /cash-flows-in-saudi-arabia-financial-guide | /company-registration-in-saudi-arabia | /company-registration-in-saudi-arabia-comprehensive-guide | /comprehensive-development-rights-saudi-arabia-guide | /consulting-firm-saudi-arabia-investors-comprehensive-guide | /consulting-license-saudi-arabia-legal-management-consultant-guide | /facilitating-sovereign-financial-procedures-saudi-arabia-guide | /foreign-direct-investment-ksa-regulations-comprehensive-guide-2026 | /foreign-investment-in-saudi-arabia-sovereign-growth-fdi-guide | /freedom-of-ownership-in-saudi-arabia-investors-guide | /home | /industrial-cities-saudi-arabia-comprehensive-guide | /industrial-licenses-and-cities-saudi-arabia-guide | /instant-license-issuance-saudi-arabia-guide | /invest-in-saudi-arabia-comprehensive-encyclopedic-guide | /investment-systems-in-saudi-arabia-guide | /legal-consultant-in-saudi-arabia-investor-support-2026 | /license-investor-saudi-arabia-comprehensive-guide | /market-entry-strategy-in-KSA | /open-branch-company-saudi-arabia-comprehensive-guide | /opening-bank-account-saudi-arabia-investors-guide-2026 | /professional-licenses-saudi-arabia-guide | /professional-staff-saudi-arabia-management-guide | /register-license-in-saudi-arabia-comprehensive-guide | /rhq-formation-saudi-arabia-comprehensive-guide | /saudi-arabia-rhq-incentives-requirements-guide | /starting-a-company-in-saudi-arabia | /starting-a-company-in-saudi-arabia-guide | /tax-system-saudi-arabia-wht-vat-cit-guide,/blog/Cloud-Computing-Special-Economic-Zone | /blog/Commercial-Registration-Renewal | /blog/Guide-to-Company-Formation-in-Saudi-Arabia | /blog/HR-Governance-in-Saudi-Arabia | /blog/HR-Outsourcing-in-Saudi-Arabia | /blog/Incorporating-a-Company-in-Saudi-Arabia | /blog/Integrated-Logistics-Special-Bonded-Zone | /blog/Iqama-Issuance-and-Renewal-Services-in-Saudi-Arabia | /blog/MISA-Investment-License | /blog/MISA-Investment-License-Renewal | /blog/Ministry-of-Commerce-in-Saudi-Arabia | /blog/Ministry-of-Investment-in-Saudi-Arabia | /blog/PRO-Services-in-Saudi-Arabia-for-Foreign-Companies | /blog/Public-Investment-Fund-Meaning-Strategy-and-Global-Impact | /blog/Regional-Headquarters-in-Saudi-Arabia | /blog/The-Comprehensive-Guide-to-Saudi-Business-Center | /blog/Wage-Protection-System-in-saudi-arabia | /blog/ZATCA | /blog/balady-platform-saudi-arabia-guide | /blog/business-etiquette-comprehensive-guide-saudi-arabia | /blog/business-opportunities-saudi-arabia-comprehensive-guide | /services/business-setup | /blog/business-setup-process-in-ksa-sovereign-guide | /blog/business-visa-in-saudi-arabia-comprehensive-guide | /blog/calculating-setup-and-renewal-costs-saudi-arabia-encyclopedia | /blog/cash-flows-in-saudi-arabia-financial-guide | /blog/company-registration-in-saudi-arabia | /blog/company-registration-in-saudi-arabia-comprehensive-guide | /blog/comprehensive-development-rights-saudi-arabia-guide | /blog/consulting-firm-saudi-arabia-investors-comprehensive-guide | /blog/consulting-license-saudi-arabia-legal-management-consultant-guide | /blog/facilitating-sovereign-financial-procedures-saudi-arabia-guide | /blog/foreign-direct-investment-ksa-regulations-comprehensive-guide-2026 | /blog/foreign-investment-in-saudi-arabia-sovereign-growth-fdi-guide | /blog/freedom-of-ownership-in-saudi-arabia-investors-guide | /services/home | /blog/industrial-cities-saudi-arabia-comprehensive-guide | /blog/industrial-licenses-and-cities-saudi-arabia-guide | /blog/instant-license-issuance-saudi-arabia-guide | /blog/invest-in-saudi-arabia-comprehensive-encyclopedic-guide | /blog/investment-systems-in-saudi-arabia-guide | /blog/legal-consultant-in-saudi-arabia-investor-support-2026 | /blog/license-investor-saudi-arabia-comprehensive-guide | /blog/market-entry-strategy-in-KSA | /blog/open-branch-company-saudi-arabia-comprehensive-guide | /blog/opening-bank-account-saudi-arabia-investors-guide-2026 | /blog/professional-licenses-saudi-arabia-guide | /blog/professional-staff-saudi-arabia-management-guide | /blog/register-license-in-saudi-arabia-comprehensive-guide | /blog/rhq-formation-saudi-arabia-comprehensive-guide | /blog/saudi-arabia-rhq-incentives-requirements-guide | /blog/starting-a-company-in-saudi-arabia | /blog/starting-a-company-in-saudi-arabia-guide | /blog/tax-system-saudi-arabia-wht-vat-cit-guide
node,648,en,article,HR Outsourcing Company in Saudi Arabia You Can Trust,node__body,body_value,3,/HR-Outsourcing-in-Saudi-Arabia | /HR-software-comparison-Saudi-Arabia | /hr-outsourcing-companies-in-ksa,/blog/HR-Outsourcing-in-Saudi-Arabia | /blog/HR-software-comparison-Saudi-Arabia | /blog/hr-outsourcing-companies-in-ksa
node,649,en,article,"MISA License Saudi Arabia: Types, Steps, and Renewal",node__body,body_value,3,/MISA-Investor-License | /misa-license-in-saudi-arabia | /misa-license-requirements,/blog/MISA-Investor-License | /blog/misa-license-in-saudi-arabia | /blog/misa-license-requirements
node,650,en,article,Open Company in Saudi Arabia: Business Setup Guide,node__body,body_value,4,/business-open-in-saudi-arabia-sovereign-guide | /business-setup | /business-setup-consultants-in-saudi-arabia-sovereign-investment-support | /set-up-a-branch-office-in-saudi-arabia-sovereign-guide,/blog/business-open-in-saudi-arabia-sovereign-guide | /services/business-setup | /blog/business-setup-consultants-in-saudi-arabia-sovereign-investment-support | /blog/set-up-a-branch-office-in-saudi-arabia-sovereign-guide
node,651,en,article,HR System KSA: A Complete Guide to Workforce Management,node__body,body_value,3,/Hr-Tech-Saudi-Arabia | /hr-and-payroll-management-in-Saudi | /hr-outsourcing-companies-in-ksa,/blog/Hr-Tech-Saudi-Arabia | /blog/hr-and-payroll-management-in-Saudi | /blog/hr-outsourcing-companies-in-ksa
node,652,en,article,Foreign Investment License in Saudi Arabia: Complete Guide,node__body,body_value,3,/company-license-saudi-arabia-sovereign-guide | /foreign-investment-in-saudi-arabia-sovereign-growth-fdi-guide | /industrial-licenses-and-cities-saudi-arabia-guide,/blog/company-license-saudi-arabia-sovereign-guide | /blog/foreign-investment-in-saudi-arabia-sovereign-growth-fdi-guide | /blog/industrial-licenses-and-cities-saudi-arabia-guide
node,653,en,article,Attested Translation Services Saudi Arabia for Official Use,node__body,body_value,3,/Business-Document-Translation-Saudi-Arabia | /legal-translation-services-in-saudi-arabia | /translation-for-visa-application-saudi,/blog/Business-Document-Translation-Saudi-Arabia | /blog/legal-translation-services-in-saudi-arabia | /blog/translation-for-visa-application-saudi
node,654,en,article,Living in Saudi Arabia 2026 | Living Sovereignty & Quality of Life Guide - Motaded,node__body,body_value,15,/Articles-of-Association | /Articles-of-Association-in-Saudi-Arabia | /Life-in-Saudi-Arabia | /Saudi-Corporate-Compliance-Services | /Steps-for-Business-Setup-in-KSA | /about-Qiwa-Platform | /cash-flows-in-saudi-arabia-financial-guide | /facilitating-sovereign-financial-procedures-saudi-arabia-guide | /home | /legal-consultant-in-saudi-arabia-investor-support-2026 | /market-entry-strategy-in-KSA | /opening-bank-account-saudi-arabia-investors-guide-2026 | /starting-a-company-in-saudi-arabia | /starting-a-company-in-saudi-arabia-guide | /tax-system-saudi-arabia-wht-vat-cit-guide,/services/Articles-of-Association | /blog/Articles-of-Association-in-Saudi-Arabia | /blog/Life-in-Saudi-Arabia | /blog/Saudi-Corporate-Compliance-Services | /blog/Steps-for-Business-Setup-in-KSA | /blog/about-Qiwa-Platform | /blog/cash-flows-in-saudi-arabia-financial-guide | /blog/facilitating-sovereign-financial-procedures-saudi-arabia-guide | /services/home | /blog/legal-consultant-in-saudi-arabia-investor-support-2026 | /blog/market-entry-strategy-in-KSA | /blog/opening-bank-account-saudi-arabia-investors-guide-2026 | /blog/starting-a-company-in-saudi-arabia | /blog/starting-a-company-in-saudi-arabia-guide | /blog/tax-system-saudi-arabia-wht-vat-cit-guide
node,655,en,article,Import and Export in Saudi Arabia 2026 | Sovereign Guide & Financing - Motaded,node__body,body_value,20,/Integrated-Logistics-Special-Bonded-Zone | /MISA-Investment-License | /PRO-services-in-Saudi-Arabia | /Regional-Headquarters-in-Saudi-Arabia | /Saudi-Corporate-Compliance-Services | /Subsidiary-Companies-in-Saudi-Arabia | /ZATCA | /about-Qiwa-Platform | /about-Saber-platform | /business-etiquette-comprehensive-guide-saudi-arabia | /business-setup | /business-setup-in-saudi-arabia | /business-setup-in-saudi-arabia-comprehensive-guide | /company-registration-in-saudi-arabia | /company-registration-in-saudi-arabia-comprehensive-guide | /home | /opening-bank-account-saudi-arabia-investors-guide-2026 | /professional-staff-saudi-arabia-management-guide | /starting-a-company-in-saudi-arabia | /starting-a-company-in-saudi-arabia-guide,/blog/Integrated-Logistics-Special-Bonded-Zone | /blog/MISA-Investment-License | /blog/PRO-services-in-Saudi-Arabia | /blog/Regional-Headquarters-in-Saudi-Arabia | /blog/Saudi-Corporate-Compliance-Services | /blog/Subsidiary-Companies-in-Saudi-Arabia | /blog/ZATCA | /blog/about-Qiwa-Platform | /blog/about-Saber-platform | /blog/business-etiquette-comprehensive-guide-saudi-arabia | /services/business-setup | /blog/business-setup-in-saudi-arabia | /blog/business-setup-in-saudi-arabia-comprehensive-guide | /blog/company-registration-in-saudi-arabia | /blog/company-registration-in-saudi-arabia-comprehensive-guide | /services/home | /blog/opening-bank-account-saudi-arabia-investors-guide-2026 | /blog/professional-staff-saudi-arabia-management-guide | /blog/starting-a-company-in-saudi-arabia | /blog/starting-a-company-in-saudi-arabia-guide
node,656,en,article,Work Permit Classification Saudi Arabia 2026 | Sovereignty & Compliance Guide - Motaded,node__body,body_value,21,/HR-Governance-in-Saudi-Arabia | /Iqama-Issuance-and-Renewal-Services-in-Saudi-Arabia | /MISA-Investment-License | /Ministry-of-Commerce-in-Saudi-Arabia | /Ministry-of-Labor-in-Saudi-Arabia | /PRO-services-in-Saudi-Arabia | /Regional-Headquarters-in-Saudi-Arabia | /Saudi-Corporate-Compliance-Services | /Subsidiary-Companies-in-Saudi-Arabia | /Wage-Protection-System-in-saudi-arabia | /ZATCA | /about-Qiwa-Platform | /business-setup | /business-setup-in-saudi-arabia | /business-setup-in-saudi-arabia-comprehensive-guide | /calculating-setup-and-renewal-costs-saudi-arabia-encyclopedia | /company-registration-in-saudi-arabia | /company-registration-in-saudi-arabia-comprehensive-guide | /ministry-of-foreign-affairs-saudi-business-encyclopedic-guide | /opening-bank-account-saudi-arabia-investors-guide-2026 | /rhq-formation-saudi-arabia-comprehensive-guide,/blog/HR-Governance-in-Saudi-Arabia | /blog/Iqama-Issuance-and-Renewal-Services-in-Saudi-Arabia | /blog/MISA-Investment-License | /blog/Ministry-of-Commerce-in-Saudi-Arabia | /blog/Ministry-of-Labor-in-Saudi-Arabia | /blog/PRO-services-in-Saudi-Arabia | /blog/Regional-Headquarters-in-Saudi-Arabia | /blog/Saudi-Corporate-Compliance-Services | /blog/Subsidiary-Companies-in-Saudi-Arabia | /blog/Wage-Protection-System-in-saudi-arabia | /blog/ZATCA | /blog/about-Qiwa-Platform | /services/business-setup | /blog/business-setup-in-saudi-arabia | /blog/business-setup-in-saudi-arabia-comprehensive-guide | /blog/calculating-setup-and-renewal-costs-saudi-arabia-encyclopedia | /blog/company-registration-in-saudi-arabia | /blog/company-registration-in-saudi-arabia-comprehensive-guide | /blog/ministry-of-foreign-affairs-saudi-business-encyclopedic-guide | /blog/opening-bank-account-saudi-arabia-investors-guide-2026 | /blog/rhq-formation-saudi-arabia-comprehensive-guide
node,83,en,page,Regional Headquarters License in Saudi Arabia RHQ 2026 | Sovereign Leadership Guide - Motaded,node__field_keywords,field_keywords_value,3,/Guide-to-Amending-the-MISA-Investment-License | /ZATCA | /market-entry-strategy-in-KSA,/blog/Guide-to-Amending-the-MISA-Investment-License | /blog/ZATCA | /blog/market-entry-strategy-in-KSA
node,99,en,page,Business Consultancy Services in Saudi Arabia | Motaded Consulting,node__field_keywords,field_keywords_value,9,/Articles-of-Association | /Articles-of-Association-in-Saudi-Arabia | /Wage-Protection-System-in-saudi-arabia | /legal-consultant-in-saudi-arabia-investor-support-2026 | /market-entry-strategy-in-KSA | /opening-bank-account-saudi-arabia-investors-guide-2026 | /starting-a-company-in-saudi-arabia | /starting-a-company-in-saudi-arabia-guide | /tax-system-saudi-arabia-wht-vat-cit-guide,/services/Articles-of-Association | /blog/Articles-of-Association-in-Saudi-Arabia | /blog/Wage-Protection-System-in-saudi-arabia | /blog/legal-consultant-in-saudi-arabia-investor-support-2026 | /blog/market-entry-strategy-in-KSA | /blog/opening-bank-account-saudi-arabia-investors-guide-2026 | /blog/starting-a-company-in-saudi-arabia | /blog/starting-a-company-in-saudi-arabia-guide | /blog/tax-system-saudi-arabia-wht-vat-cit-guide
node,180,en,page,Branch business in Saudi Arabia,node__field_keywords,field_keywords_value,1,/business-setup,/services/business-setup
node,218,en,page,Register Your Company in Saudi Arabia | Complete Setup Guide 2026,node__field_keywords,field_keywords_value,8,/The-Comprehensive-Guide-to-Saudi-Business-Center | /ZATCA | /business-setup | /business-setup-in-saudi-arabia | /business-setup-in-saudi-arabia-comprehensive-guide | /freedom-of-ownership-in-saudi-arabia-investors-guide | /legal-consultant-in-saudi-arabia-investor-support-2026 | /tax-system-saudi-arabia-wht-vat-cit-guide,/blog/The-Comprehensive-Guide-to-Saudi-Business-Center | /blog/ZATCA | /services/business-setup | /blog/business-setup-in-saudi-arabia | /blog/business-setup-in-saudi-arabia-comprehensive-guide | /blog/freedom-of-ownership-in-saudi-arabia-investors-guide | /blog/legal-consultant-in-saudi-arabia-investor-support-2026 | /blog/tax-system-saudi-arabia-wht-vat-cit-guide
paragraph,4,ar,,,paragraph__field_link,field_link_uri,2,/ar/rhq-license-mena-license | /rhq-license-mena-license,/ar/services/rhq-license-mena-license | /services/rhq-license-mena-license
paragraph,4,en,,,paragraph__field_link,field_link_uri,1,/rhq-license-mena-license,/services/rhq-license-mena-license
paragraph,4,es,,,paragraph__field_link,field_link_uri,1,/rhq-license-mena-license,/services/rhq-license-mena-license
paragraph,4,fr,,,paragraph__field_link,field_link_uri,1,/rhq-license-mena-license,/services/rhq-license-mena-license
paragraph,4,zh-hans,,,paragraph__field_link,field_link_uri,2,/rhq-license-mena-license | /zh-hans/rhq-license-mena-license,/services/rhq-license-mena-license | /zh-hans/services/rhq-license-mena-license
paragraph,5,ar,,,paragraph__field_link,field_link_uri,1,/type-license,/blog/type-license
paragraph,5,en,,,paragraph__field_link,field_link_uri,1,/type-license,/blog/type-license
paragraph,5,es,,,paragraph__field_link,field_link_uri,1,/type-license,/blog/type-license
paragraph,5,fr,,,paragraph__field_link,field_link_uri,1,/type-license,/blog/type-license
paragraph,5,zh-hans,,,paragraph__field_link,field_link_uri,2,/type-license | /zh-hans/type-license,/blog/type-license | /zh-hans/blog/type-license
paragraph,423,en,,,paragraph__field_link,field_link_uri,1,/vision-2030,/blog/vision-2030
paragraph,423,zh-hans,,,paragraph__field_link,field_link_uri,2,/vision-2030 | /zh-hans/vision-2030,/blog/vision-2030 | /zh-hans/blog/vision-2030