old_path,new_path,old_url,new_url,langcode,drupal_internal_path
/10-Steps-to-Setting-Up-Your-Business-in-Saudi-Arabia,/blog/10-Steps-to-Setting-Up-Your-Business-in-Saudi-Arabia,https://motaded.com.sa/10-Steps-to-Setting-Up-Your-Business-in-Saudi-Arabia,https://motaded.com.sa/blog/10-Steps-to-Setting-Up-Your-Business-in-Saudi-Arabia,en,/node/350
/2026年沙特阿拉伯设立外国分公司主权指南,/blog/2026年沙特阿拉伯设立外国分公司主权指南,https://motaded.com.sa/2026年沙特阿拉伯设立外国分公司主权指南,https://motaded.com.sa/blog/2026年沙特阿拉伯设立外国分公司主权指南,zh-hans,/node/643
/2034-World-Cup,/blog/2034-World-Cup,https://motaded.com.sa/2034-World-Cup,https://motaded.com.sa/blog/2034-World-Cup,ar,/node/138
/about-Absher-platform,/blog/about-Absher-platform,https://motaded.com.sa/about-Absher-platform,https://motaded.com.sa/blog/about-Absher-platform,en,/node/369
/about-Etimad-Platform,/blog/about-Etimad-Platform,https://motaded.com.sa/about-Etimad-Platform,https://motaded.com.sa/blog/about-Etimad-Platform,en,/node/366
/about-Fasah-Platform,/blog/about-Fasah-Platform,https://motaded.com.sa/about-Fasah-Platform,https://motaded.com.sa/blog/about-Fasah-Platform,en,/node/358
/about-General-Organization-for-Social-Insurance-in-Saudi-Arabia,/blog/about-General-Organization-for-Social-Insurance-in-Saudi-Arabia,https://motaded.com.sa/about-General-Organization-for-Social-Insurance-in-Saudi-Arabia,https://motaded.com.sa/blog/about-General-Organization-for-Social-Insurance-in-Saudi-Arabia,en,/node/364
/about-Mazaya-Platform,/blog/about-Mazaya-Platform,https://motaded.com.sa/about-Mazaya-Platform,https://motaded.com.sa/blog/about-Mazaya-Platform,en,/node/361
/about-MIZA,/blog/about-MIZA,https://motaded.com.sa/about-MIZA,https://motaded.com.sa/blog/about-MIZA,en,/node/362
/about-MODON,/blog/about-MODON,https://motaded.com.sa/about-MODON,https://motaded.com.sa/blog/about-MODON,en,/node/367
/about-Mudad-Platform,/blog/about-Mudad-Platform,https://motaded.com.sa/about-Mudad-Platform,https://motaded.com.sa/blog/about-Mudad-Platform,en,/node/356
/about-Qiwa-Platform,/blog/about-Qiwa-Platform,https://motaded.com.sa/about-Qiwa-Platform,https://motaded.com.sa/blog/about-Qiwa-Platform,en,/node/355
/about-Saber-platform,/blog/about-Saber-platform,https://motaded.com.sa/about-Saber-platform,https://motaded.com.sa/blog/about-Saber-platform,en,/node/368
/about-Saudi-Food-and-Drug-Authority,/blog/about-Saudi-Food-and-Drug-Authority,https://motaded.com.sa/about-Saudi-Food-and-Drug-Authority,https://motaded.com.sa/blog/about-Saudi-Food-and-Drug-Authority,en,/node/359
/about-Saudi-Post-SPL,/blog/about-Saudi-Post-SPL,https://motaded.com.sa/about-Saudi-Post-SPL,https://motaded.com.sa/blog/about-Saudi-Post-SPL,en,/node/365
/Accommodation-and-food-service-activities,/blog/Accommodation-and-food-service-activities,https://motaded.com.sa/Accommodation-and-food-service-activities,https://motaded.com.sa/blog/Accommodation-and-food-service-activities,en,/node/151
/Administrative-activities-and-support-services-in-Saudi-Arabia,/blog/Administrative-activities-and-support-services-in-Saudi-Arabia,https://motaded.com.sa/Administrative-activities-and-support-services-in-Saudi-Arabia,https://motaded.com.sa/blog/Administrative-activities-and-support-services-in-Saudi-Arabia,en,/node/160
/Advanced-Business-Operations-in-Saudi-Arabia,/blog/Advanced-Business-Operations-in-Saudi-Arabia,https://motaded.com.sa/Advanced-Business-Operations-in-Saudi-Arabia,https://motaded.com.sa/blog/Advanced-Business-Operations-in-Saudi-Arabia,en,/node/545
/ajeer-paper-in-saudi-arabia,/blog/ajeer-paper-in-saudi-arabia,https://motaded.com.sa/ajeer-paper-in-saudi-arabia,https://motaded.com.sa/blog/ajeer-paper-in-saudi-arabia,en,/node/345
/Al-Soudah,/blog/Al-Soudah,https://motaded.com.sa/Al-Soudah,https://motaded.com.sa/blog/Al-Soudah,en,/node/203
/Al-Ula,/blog/Al-Ula,https://motaded.com.sa/Al-Ula,https://motaded.com.sa/blog/Al-Ula,en,/node/200
/Aramco-Recruitment-and-Workforce,/blog/Aramco-Recruitment-and-Workforce,https://motaded.com.sa/Aramco-Recruitment-and-Workforce,https://motaded.com.sa/blog/Aramco-Recruitment-and-Workforce,en,/node/199
/Articles-of-Association-in-Saudi-Arabia,/blog/Articles-of-Association-in-Saudi-Arabia,https://motaded.com.sa/Articles-of-Association-in-Saudi-Arabia,https://motaded.com.sa/blog/Articles-of-Association-in-Saudi-Arabia,en,/node/559
/Attested-Translation-Services-Saudi-Arabia,/blog/Attested-Translation-Services-Saudi-Arabia,https://motaded.com.sa/Attested-Translation-Services-Saudi-Arabia,https://motaded.com.sa/blog/Attested-Translation-Services-Saudi-Arabia,en,/node/653
/balady-platform-saudi-arabia-guide,/blog/balady-platform-saudi-arabia-guide,https://motaded.com.sa/balady-platform-saudi-arabia-guide,https://motaded.com.sa/blog/balady-platform-saudi-arabia-guide,en,/node/587
/bank-account-in-saudi,/blog/bank-account-in-saudi,https://motaded.com.sa/bank-account-in-saudi,https://motaded.com.sa/blog/bank-account-in-saudi,en,/node/353
/Become-a-Supplier-in-Saudi-Arabia,/blog/Become-a-Supplier-in-Saudi-Arabia,https://motaded.com.sa/Become-a-Supplier-in-Saudi-Arabia,https://motaded.com.sa/blog/Become-a-Supplier-in-Saudi-Arabia,en,/node/214
/Benefits-of-a-Branch-of-Foreign-Company-in-Saudi-Arabia,/blog/Benefits-of-a-Branch-of-Foreign-Company-in-Saudi-Arabia,https://motaded.com.sa/Benefits-of-a-Branch-of-Foreign-Company-in-Saudi-Arabia,https://motaded.com.sa/blog/Benefits-of-a-Branch-of-Foreign-Company-in-Saudi-Arabia,en,/node/529
/Best-company-formation-in-saudi-arabia,/blog/Best-company-formation-in-saudi-arabia,https://motaded.com.sa/Best-company-formation-in-saudi-arabia,https://motaded.com.sa/blog/Best-company-formation-in-saudi-arabia,en,/node/255
/Bilateral-relations-between-Saudi-Arabia-and-India,/blog/Bilateral-relations-between-Saudi-Arabia-and-India,https://motaded.com.sa/Bilateral-relations-between-Saudi-Arabia-and-India,https://motaded.com.sa/blog/Bilateral-relations-between-Saudi-Arabia-and-India,en,/node/168
/Branch-License-Company-in-Saudi-Arabia,/blog/Branch-License-Company-in-Saudi-Arabia,https://motaded.com.sa/Branch-License-Company-in-Saudi-Arabia,https://motaded.com.sa/blog/Branch-License-Company-in-Saudi-Arabia,en,/node/263
/branch-license-in-saudi-arabia-2025-guide,/blog/branch-license-in-saudi-arabia-2025-guide,https://motaded.com.sa/branch-license-in-saudi-arabia-2025-guide,https://motaded.com.sa/blog/branch-license-in-saudi-arabia-2025-guide,en,/node/231
/Branch-of-a-Foreign-Company-in-Saudi-Arabia,/blog/Branch-of-a-Foreign-Company-in-Saudi-Arabia,https://motaded.com.sa/Branch-of-a-Foreign-Company-in-Saudi-Arabia,https://motaded.com.sa/blog/Branch-of-a-Foreign-Company-in-Saudi-Arabia,en,/node/197
/branch-setup-in-saudi-arabia,/blog/branch-setup-in-saudi-arabia,https://motaded.com.sa/branch-setup-in-saudi-arabia,https://motaded.com.sa/blog/branch-setup-in-saudi-arabia,en,/node/267
/Business-Activities-Agriculture-and-Forestry-in-Saudi-Arabia,/blog/Business-Activities-Agriculture-and-Forestry-in-Saudi-Arabia,https://motaded.com.sa/Business-Activities-Agriculture-and-Forestry-in-Saudi-Arabia,https://motaded.com.sa/blog/Business-Activities-Agriculture-and-Forestry-in-Saudi-Arabia,en,/node/164
/Business-activities-in-saudi-arabia-investment-sovereignty,/blog/Business-activities-in-saudi-arabia-investment-sovereignty,https://motaded.com.sa/Business-activities-in-saudi-arabia-investment-sovereignty,https://motaded.com.sa/blog/Business-activities-in-saudi-arabia-investment-sovereignty,en,/node/142
/business-consultancy-services-strategic-guide,/blog/business-consultancy-services-strategic-guide,https://motaded.com.sa/business-consultancy-services-strategic-guide,https://motaded.com.sa/blog/business-consultancy-services-strategic-guide,en,/node/628
/Business-Document-Translation-Saudi-Arabia,/blog/Business-Document-Translation-Saudi-Arabia,https://motaded.com.sa/Business-Document-Translation-Saudi-Arabia,https://motaded.com.sa/blog/Business-Document-Translation-Saudi-Arabia,en,/node/522
/business-etiquette-comprehensive-guide-saudi-arabia,/blog/business-etiquette-comprehensive-guide-saudi-arabia,https://motaded.com.sa/business-etiquette-comprehensive-guide-saudi-arabia,https://motaded.com.sa/blog/business-etiquette-comprehensive-guide-saudi-arabia,en,/node/591
/business-ideas-in-saudi-arabia,/blog/business-ideas-in-saudi-arabia,https://motaded.com.sa/business-ideas-in-saudi-arabia,https://motaded.com.sa/blog/business-ideas-in-saudi-arabia,en,/node/305
/business-in-saudi-arabia-for-foreigners,/blog/business-in-saudi-arabia-for-foreigners,https://motaded.com.sa/business-in-saudi-arabia-for-foreigners,https://motaded.com.sa/blog/business-in-saudi-arabia-for-foreigners,en,/node/279
/business-license-in-saudi-arabia,/blog/business-license-in-saudi-arabia,https://motaded.com.sa/business-license-in-saudi-arabia,https://motaded.com.sa/blog/business-license-in-saudi-arabia,en,/node/281
/business-open-in-saudi-arabia-sovereign-guide,/blog/business-open-in-saudi-arabia-sovereign-guide,https://motaded.com.sa/business-open-in-saudi-arabia-sovereign-guide,https://motaded.com.sa/blog/business-open-in-saudi-arabia-sovereign-guide,en,/node/641
/Business-Operations-in-Saudi-Arabia,/blog/Business-Operations-in-Saudi-Arabia,https://motaded.com.sa/Business-Operations-in-Saudi-Arabia,https://motaded.com.sa/blog/Business-Operations-in-Saudi-Arabia,en,/node/544
/business-opportunities-saudi-arabia-comprehensive-guide,/blog/business-opportunities-saudi-arabia-comprehensive-guide,https://motaded.com.sa/business-opportunities-saudi-arabia-comprehensive-guide,https://motaded.com.sa/blog/business-opportunities-saudi-arabia-comprehensive-guide,en,/node/619
/business-registration-in-saudi-rabia,/blog/business-registration-in-saudi-rabia,https://motaded.com.sa/business-registration-in-saudi-rabia,https://motaded.com.sa/blog/business-registration-in-saudi-rabia,en,/node/244
/business-setup,/blog/business-setup,https://motaded.com.sa/business-setup,https://motaded.com.sa/blog/business-setup,en,/node/126
/business-setup-1,/blog/business-setup-1,https://motaded.com.sa/business-setup-1,https://motaded.com.sa/blog/business-setup-1,zh-hans,/node/126
/Business-Setup-Companies-in-Saudi-Arabia,/blog/Business-Setup-Companies-in-Saudi-Arabia,https://motaded.com.sa/Business-Setup-Companies-in-Saudi-Arabia,https://motaded.com.sa/blog/Business-Setup-Companies-in-Saudi-Arabia,en,/node/360
/business-setup-company-strategic-guide,/blog/business-setup-company-strategic-guide,https://motaded.com.sa/business-setup-company-strategic-guide,https://motaded.com.sa/blog/business-setup-company-strategic-guide,en,/node/629
/business-setup-consultants-in-saudi-arabia-sovereign-investment-support,/blog/business-setup-consultants-in-saudi-arabia-sovereign-investment-support,https://motaded.com.sa/business-setup-consultants-in-saudi-arabia-sovereign-investment-support,https://motaded.com.sa/blog/business-setup-consultants-in-saudi-arabia-sovereign-investment-support,en,/node/646
/business-setup-cost-in-saudi-arabia,/blog/business-setup-cost-in-saudi-arabia,https://motaded.com.sa/business-setup-cost-in-saudi-arabia,https://motaded.com.sa/blog/business-setup-cost-in-saudi-arabia,en,/node/271
/Business-Setup-for-Foreigners-in-Saudi-Arabia,/blog/Business-Setup-for-Foreigners-in-Saudi-Arabia,https://motaded.com.sa/Business-Setup-for-Foreigners-in-Saudi-Arabia,https://motaded.com.sa/blog/Business-Setup-for-Foreigners-in-Saudi-Arabia,en,/node/204
/business-setup-in-ksa,/blog/business-setup-in-ksa,https://motaded.com.sa/business-setup-in-ksa,https://motaded.com.sa/blog/business-setup-in-ksa,en,/node/251
/business-setup-in-saudi-arabia,/blog/business-setup-in-saudi-arabia,https://motaded.com.sa/business-setup-in-saudi-arabia,https://motaded.com.sa/blog/business-setup-in-saudi-arabia,en,/node/237
/business-setup-in-saudi-arabia-comprehensive-guide,/blog/business-setup-in-saudi-arabia-comprehensive-guide,https://motaded.com.sa/business-setup-in-saudi-arabia-comprehensive-guide,https://motaded.com.sa/blog/business-setup-in-saudi-arabia-comprehensive-guide,en,/node/603
/business-setup-process-in-ksa-sovereign-guide,/blog/business-setup-process-in-ksa-sovereign-guide,https://motaded.com.sa/business-setup-process-in-ksa-sovereign-guide,https://motaded.com.sa/blog/business-setup-process-in-ksa-sovereign-guide,en,/node/642
/business-setup-process-in-saudi-arabia,/blog/business-setup-process-in-saudi-arabia,https://motaded.com.sa/business-setup-process-in-saudi-arabia,https://motaded.com.sa/blog/business-setup-process-in-saudi-arabia,en,/node/298
/business-setup-service-in-saudi-arabia,/blog/business-setup-service-in-saudi-arabia,https://motaded.com.sa/business-setup-service-in-saudi-arabia,https://motaded.com.sa/blog/business-setup-service-in-saudi-arabia,en,/node/296
/business-setup-service-strategic-guide,/blog/business-setup-service-strategic-guide,https://motaded.com.sa/business-setup-service-strategic-guide,https://motaded.com.sa/blog/business-setup-service-strategic-guide,en,/node/630
/business-setup-services-in-saudi-arabia,/blog/business-setup-services-in-saudi-arabia,https://motaded.com.sa/business-setup-services-in-saudi-arabia,https://motaded.com.sa/blog/business-setup-services-in-saudi-arabia,en,/node/230
/Business-Startup-in-Saudi-Arabia,/blog/Business-Startup-in-Saudi-Arabia,https://motaded.com.sa/Business-Startup-in-Saudi-Arabia,https://motaded.com.sa/blog/Business-Startup-in-Saudi-Arabia,en,/node/504
/business-visa-in-saudi-arabia-comprehensive-guide,/blog/business-visa-in-saudi-arabia-comprehensive-guide,https://motaded.com.sa/business-visa-in-saudi-arabia-comprehensive-guide,https://motaded.com.sa/blog/business-visa-in-saudi-arabia-comprehensive-guide,en,/node/600
/calculating-setup-and-renewal-costs-saudi-arabia-encyclopedia,/blog/calculating-setup-and-renewal-costs-saudi-arabia-encyclopedia,https://motaded.com.sa/calculating-setup-and-renewal-costs-saudi-arabia-encyclopedia,https://motaded.com.sa/blog/calculating-setup-and-renewal-costs-saudi-arabia-encyclopedia,en,/node/592
/can-expats-start-business-in-saudi-arabia,/blog/can-expats-start-business-in-saudi-arabia,https://motaded.com.sa/can-expats-start-business-in-saudi-arabia,https://motaded.com.sa/blog/can-expats-start-business-in-saudi-arabia,en,/node/344
/can-foreigners-do-business-in-saudi-arabia,/blog/can-foreigners-do-business-in-saudi-arabia,https://motaded.com.sa/can-foreigners-do-business-in-saudi-arabia,https://motaded.com.sa/blog/can-foreigners-do-business-in-saudi-arabia,en,/node/290
/car-license,/blog/car-license,https://motaded.com.sa/car-license,https://motaded.com.sa/blog/car-license,en,/node/310
/cash-flows-in-saudi-arabia-financial-guide,/blog/cash-flows-in-saudi-arabia-financial-guide,https://motaded.com.sa/cash-flows-in-saudi-arabia-financial-guide,https://motaded.com.sa/blog/cash-flows-in-saudi-arabia-financial-guide,en,/node/580
/CEER-Electric-Car-Manufacturing-Company-in-Saudi-Arabia,/blog/CEER-Electric-Car-Manufacturing-Company-in-Saudi-Arabia,https://motaded.com.sa/CEER-Electric-Car-Manufacturing-Company-in-Saudi-Arabia,https://motaded.com.sa/blog/CEER-Electric-Car-Manufacturing-Company-in-Saudi-Arabia,en,/node/148
/chamber-of-commerce-certificate-saudi-arabia,/blog/chamber-of-commerce-certificate-saudi-arabia,https://motaded.com.sa/chamber-of-commerce-certificate-saudi-arabia,https://motaded.com.sa/blog/chamber-of-commerce-certificate-saudi-arabia,en,/node/321
/Chambers-of-Commerce-in-Saudi-Arabia,/blog/Chambers-of-Commerce-in-Saudi-Arabia,https://motaded.com.sa/Chambers-of-Commerce-in-Saudi-Arabia,https://motaded.com.sa/blog/Chambers-of-Commerce-in-Saudi-Arabia,en,/node/173
/Chinese-Investments-in-Saudi-Arabia,/blog/Chinese-Investments-in-Saudi-Arabia,https://motaded.com.sa/Chinese-Investments-in-Saudi-Arabia,https://motaded.com.sa/blog/Chinese-Investments-in-Saudi-Arabia,en,/node/220
/Cloud-Computing-Special-Economic-Zone,/blog/Cloud-Computing-Special-Economic-Zone,https://motaded.com.sa/Cloud-Computing-Special-Economic-Zone,https://motaded.com.sa/blog/Cloud-Computing-Special-Economic-Zone,en,/node/570
/commercial-business-setup-ksa-comprehensive-guide,/blog/commercial-business-setup-ksa-comprehensive-guide,https://motaded.com.sa/commercial-business-setup-ksa-comprehensive-guide,https://motaded.com.sa/blog/commercial-business-setup-ksa-comprehensive-guide,en,/node/609
/commercial-license-in-saudi-arabia,/blog/commercial-license-in-saudi-arabia,https://motaded.com.sa/commercial-license-in-saudi-arabia,https://motaded.com.sa/blog/commercial-license-in-saudi-arabia,en,/node/274
/Commercial-License-Saudi-Arabia,/blog/Commercial-License-Saudi-Arabia,https://motaded.com.sa/Commercial-License-Saudi-Arabia,https://motaded.com.sa/blog/Commercial-License-Saudi-Arabia,en,/node/518
/commercial-registration-fees-in-saudi-arabia,/blog/commercial-registration-fees-in-saudi-arabia,https://motaded.com.sa/commercial-registration-fees-in-saudi-arabia,https://motaded.com.sa/blog/commercial-registration-fees-in-saudi-arabia,en,/node/291
/Commercial-Registration-Renewal,/blog/Commercial-Registration-Renewal,https://motaded.com.sa/Commercial-Registration-Renewal,https://motaded.com.sa/blog/Commercial-Registration-Renewal,en,/node/556
/commercial-registration-saudi-arabia,/blog/commercial-registration-saudi-arabia,https://motaded.com.sa/commercial-registration-saudi-arabia,https://motaded.com.sa/blog/commercial-registration-saudi-arabia,en,/node/245
/commercial-registration-saudi-arabia-get-started,/blog/commercial-registration-saudi-arabia-get-started,https://motaded.com.sa/commercial-registration-saudi-arabia-get-started,https://motaded.com.sa/blog/commercial-registration-saudi-arabia-get-started,en,/node/257
/Commercial-Service-Offices-in-Saudi-Arabia,/blog/Commercial-Service-Offices-in-Saudi-Arabia,https://motaded.com.sa/Commercial-Service-Offices-in-Saudi-Arabia,https://motaded.com.sa/blog/Commercial-Service-Offices-in-Saudi-Arabia,en,/node/564
/company-formation-in-ksa,/blog/company-formation-in-ksa,https://motaded.com.sa/company-formation-in-ksa,https://motaded.com.sa/blog/company-formation-in-ksa,en,/node/265
/Company-Formation-in-Saudi,/blog/Company-Formation-in-Saudi,https://motaded.com.sa/Company-Formation-in-Saudi,https://motaded.com.sa/blog/Company-Formation-in-Saudi,en,/node/322
/Company-Formation-in-Saudi-Arabia-Guide,/blog/Company-Formation-in-Saudi-Arabia-Guide,https://motaded.com.sa/Company-Formation-in-Saudi-Arabia-Guide,https://motaded.com.sa/blog/Company-Formation-in-Saudi-Arabia-Guide,en,/node/351
/Company-Formation-Saudi-Arabia,/blog/Company-Formation-Saudi-Arabia,https://motaded.com.sa/Company-Formation-Saudi-Arabia,https://motaded.com.sa/blog/Company-Formation-Saudi-Arabia,en,/node/520
/company-license-saudi-arabia-sovereign-guide,/blog/company-license-saudi-arabia-sovereign-guide,https://motaded.com.sa/company-license-saudi-arabia-sovereign-guide,https://motaded.com.sa/blog/company-license-saudi-arabia-sovereign-guide,en,/node/640
/company-red-or-green,/blog/company-red-or-green,https://motaded.com.sa/company-red-or-green,https://motaded.com.sa/blog/company-red-or-green,en,/node/318
/company-registration-in-ksa,/blog/company-registration-in-ksa,https://motaded.com.sa/company-registration-in-ksa,https://motaded.com.sa/blog/company-registration-in-ksa,en,/node/309
/company-registration-in-saudi-arabia,/blog/company-registration-in-saudi-arabia,https://motaded.com.sa/company-registration-in-saudi-arabia,https://motaded.com.sa/blog/company-registration-in-saudi-arabia,en,/node/250
/company-registration-in-saudi-arabia-comprehensive-guide,/blog/company-registration-in-saudi-arabia-comprehensive-guide,https://motaded.com.sa/company-registration-in-saudi-arabia-comprehensive-guide,https://motaded.com.sa/blog/company-registration-in-saudi-arabia-comprehensive-guide,en,/node/604
/company-set-up-in-saudi-arabia,/blog/company-set-up-in-saudi-arabia,https://motaded.com.sa/company-set-up-in-saudi-arabia,https://motaded.com.sa/blog/company-set-up-in-saudi-arabia,en,/node/261
/company-set-up-in-saudi-arabia-strategy,/blog/company-set-up-in-saudi-arabia-strategy,https://motaded.com.sa/company-set-up-in-saudi-arabia-strategy,https://motaded.com.sa/blog/company-set-up-in-saudi-arabia-strategy,en,/node/598
/company-setup-in-saudi-arabia-comprehensive-guide,/blog/company-setup-in-saudi-arabia-comprehensive-guide,https://motaded.com.sa/company-setup-in-saudi-arabia-comprehensive-guide,https://motaded.com.sa/blog/company-setup-in-saudi-arabia-comprehensive-guide,en,/node/599
/company-setup-riyadh-comprehensive-guide,/blog/company-setup-riyadh-comprehensive-guide,https://motaded.com.sa/company-setup-riyadh-comprehensive-guide,https://motaded.com.sa/blog/company-setup-riyadh-comprehensive-guide,en,/node/622
/company-setup-services,/blog/company-setup-services,https://motaded.com.sa/company-setup-services,https://motaded.com.sa/blog/company-setup-services,en,/node/512
/comprehensive-development-rights-saudi-arabia-guide,/blog/comprehensive-development-rights-saudi-arabia-guide,https://motaded.com.sa/comprehensive-development-rights-saudi-arabia-guide,https://motaded.com.sa/blog/comprehensive-development-rights-saudi-arabia-guide,en,/node/585
/Construction-activity-in-Saudi-Arabia,/blog/Construction-activity-in-Saudi-Arabia,https://motaded.com.sa/Construction-activity-in-Saudi-Arabia,https://motaded.com.sa/blog/Construction-activity-in-Saudi-Arabia,en,/node/156
/consulting-firm-saudi-arabia-investors-comprehensive-guide,/blog/consulting-firm-saudi-arabia-investors-comprehensive-guide,https://motaded.com.sa/consulting-firm-saudi-arabia-investors-comprehensive-guide,https://motaded.com.sa/blog/consulting-firm-saudi-arabia-investors-comprehensive-guide,en,/node/621
/consulting-license-saudi-arabia-legal-management-consultant-guide,/blog/consulting-license-saudi-arabia-legal-management-consultant-guide,https://motaded.com.sa/consulting-license-saudi-arabia-legal-management-consultant-guide,https://motaded.com.sa/blog/consulting-license-saudi-arabia-legal-management-consultant-guide,en,/node/574
/Contractor-Program-in-Saudi-Arabia,/blog/Contractor-Program-in-Saudi-Arabia,https://motaded.com.sa/Contractor-Program-in-Saudi-Arabia,https://motaded.com.sa/blog/Contractor-Program-in-Saudi-Arabia,en,/node/211
/cost-of-opening-a-company-in-saudi-arabia,/blog/cost-of-opening-a-company-in-saudi-arabia,https://motaded.com.sa/cost-of-opening-a-company-in-saudi-arabia,https://motaded.com.sa/blog/cost-of-opening-a-company-in-saudi-arabia,en,/node/295
/Cost-of-starting-a-business-in-Saudi-Arabia-2026,/blog/Cost-of-starting-a-business-in-Saudi-Arabia-2026,https://motaded.com.sa/Cost-of-starting-a-business-in-Saudi-Arabia-2026,https://motaded.com.sa/blog/Cost-of-starting-a-business-in-Saudi-Arabia-2026,en,/node/561
/cr,/blog/cr,https://motaded.com.sa/cr,https://motaded.com.sa/blog/cr,en,/node/315
/create-company-in-saudi-arabia,/blog/create-company-in-saudi-arabia,https://motaded.com.sa/create-company-in-saudi-arabia,https://motaded.com.sa/blog/create-company-in-saudi-arabia,en,/node/239
/differences-between-the-updated-investment-system-and-the-foreign-investment-system,/blog/differences-between-the-updated-investment-system-and-the-foreign-investment-system,https://motaded.com.sa/differences-between-the-updated-investment-system-and-the-foreign-investment-system,https://motaded.com.sa/blog/differences-between-the-updated-investment-system-and-the-foreign-investment-system,en,/node/174
/Direct-Foreign-investments-in-Saudi-Arabia,/blog/Direct-Foreign-investments-in-Saudi-Arabia,https://motaded.com.sa/Direct-Foreign-investments-in-Saudi-Arabia,https://motaded.com.sa/blog/Direct-Foreign-investments-in-Saudi-Arabia,en,/node/221
/document-authentication-saudi-arabia-guide,/blog/document-authentication-saudi-arabia-guide,https://motaded.com.sa/document-authentication-saudi-arabia-guide,https://motaded.com.sa/blog/document-authentication-saudi-arabia-guide,en,/node/632
/doing-business-guide-ksa,/blog/doing-business-guide-ksa,https://motaded.com.sa/doing-business-guide-ksa,https://motaded.com.sa/blog/doing-business-guide-ksa,en,/node/343
/Doing-business-in-ksa,/blog/Doing-business-in-ksa,https://motaded.com.sa/Doing-business-in-ksa,https://motaded.com.sa/blog/Doing-business-in-ksa,en,/node/517
/Doing-Business-in-Saudi-Arabia,/blog/Doing-Business-in-Saudi-Arabia,https://motaded.com.sa/Doing-Business-in-Saudi-Arabia,https://motaded.com.sa/blog/Doing-Business-in-Saudi-Arabia,en,/node/505
/Doing-Business-in-Saudi-Arabia-Guide,/blog/Doing-Business-in-Saudi-Arabia-Guide,https://motaded.com.sa/Doing-Business-in-Saudi-Arabia-Guide,https://motaded.com.sa/blog/Doing-Business-in-Saudi-Arabia-Guide,en,/node/508
/driving-licence-categories,/blog/driving-licence-categories,https://motaded.com.sa/driving-licence-categories,https://motaded.com.sa/blog/driving-licence-categories,en,/node/317
/driving-license-ksa,/blog/driving-license-ksa,https://motaded.com.sa/driving-license-ksa,https://motaded.com.sa/blog/driving-license-ksa,en,/node/326
/driving-license-process-in-saudi-arabia,/blog/driving-license-process-in-saudi-arabia,https://motaded.com.sa/driving-license-process-in-saudi-arabia,https://motaded.com.sa/blog/driving-license-process-in-saudi-arabia,en,/node/314
/Eastern-Province-Municipality-signs-investment-contracts-worth-600-million-riyals,/blog/Eastern-Province-Municipality-signs-investment-contracts-worth-600-million-riyals,https://motaded.com.sa/Eastern-Province-Municipality-signs-investment-contracts-worth-600-million-riyals,https://motaded.com.sa/blog/Eastern-Province-Municipality-signs-investment-contracts-worth-600-million-riyals,en,/node/219
/ecommerce-in-saudi-arabia,/blog/ecommerce-in-saudi-arabia,https://motaded.com.sa/ecommerce-in-saudi-arabia,https://motaded.com.sa/blog/ecommerce-in-saudi-arabia,en,/node/319
/Education-in-Saudi-Arabia,/blog/Education-in-Saudi-Arabia,https://motaded.com.sa/Education-in-Saudi-Arabia,https://motaded.com.sa/blog/Education-in-Saudi-Arabia,en,/node/153
/ejar-platform-saudi-arabia-guide,/blog/ejar-platform-saudi-arabia-guide,https://motaded.com.sa/ejar-platform-saudi-arabia-guide,https://motaded.com.sa/blog/ejar-platform-saudi-arabia-guide,en,/node/593
/Electricity-and-Air-Gas-Activities-in-Saudi-Arabia,/blog/Electricity-and-Air-Gas-Activities-in-Saudi-Arabia,https://motaded.com.sa/Electricity-and-Air-Gas-Activities-in-Saudi-Arabia,https://motaded.com.sa/blog/Electricity-and-Air-Gas-Activities-in-Saudi-Arabia,en,/node/167
/employee-outsourcing-saudi,/blog/employee-outsourcing-saudi,https://motaded.com.sa/employee-outsourcing-saudi,https://motaded.com.sa/blog/employee-outsourcing-saudi,en,/node/506
/Empowering-Saudi-Arabia’s-SMEs,/blog/Empowering-Saudi-Arabia’s-SMEs,https://motaded.com.sa/Empowering-Saudi-Arabia’s-SMEs,https://motaded.com.sa/blog/Empowering-Saudi-Arabia’s-SMEs,en,/node/213
/en/hr-services,/blog/en/hr-services,https://motaded.com.sa/en/hr-services,https://motaded.com.sa/blog/en/hr-services,zh-hans,/node/127
/Enhancing-Employee-Experience-Through-HR-Services,/blog/Enhancing-Employee-Experience-Through-HR-Services,https://motaded.com.sa/Enhancing-Employee-Experience-Through-HR-Services,https://motaded.com.sa/blog/Enhancing-Employee-Experience-Through-HR-Services,en,/node/136
/Entertainment-and-Recreation-Activity-in-Saudi-Arabia,/blog/Entertainment-and-Recreation-Activity-in-Saudi-Arabia,https://motaded.com.sa/Entertainment-and-Recreation-Activity-in-Saudi-Arabia,https://motaded.com.sa/blog/Entertainment-and-Recreation-Activity-in-Saudi-Arabia,en,/node/157
/entrepreneur-license-saudi-arabia,/blog/entrepreneur-license-saudi-arabia,https://motaded.com.sa/entrepreneur-license-saudi-arabia,https://motaded.com.sa/blog/entrepreneur-license-saudi-arabia,en,/node/337
/establish-company-in-saudi-arabia,/blog/establish-company-in-saudi-arabia,https://motaded.com.sa/establish-company-in-saudi-arabia,https://motaded.com.sa/blog/establish-company-in-saudi-arabia,en,/node/302
/establishing-a-company-in-saudi-arabia-comprehensive-guide,/blog/establishing-a-company-in-saudi-arabia-comprehensive-guide,https://motaded.com.sa/establishing-a-company-in-saudi-arabia-comprehensive-guide,https://motaded.com.sa/blog/establishing-a-company-in-saudi-arabia-comprehensive-guide,en,/node/610
/Everything-about-investing-in-Saudi-Arabia,/blog/Everything-about-investing-in-Saudi-Arabia,https://motaded.com.sa/Everything-about-investing-in-Saudi-Arabia,https://motaded.com.sa/blog/Everything-about-investing-in-Saudi-Arabia,en,/node/198
/Expand-Your-Business-in-Saudi-Arabia,/blog/Expand-Your-Business-in-Saudi-Arabia,https://motaded.com.sa/Expand-Your-Business-in-Saudi-Arabia,https://motaded.com.sa/blog/Expand-Your-Business-in-Saudi-Arabia,en,/node/519
/facilitating-sovereign-financial-procedures-saudi-arabia-guide,/blog/facilitating-sovereign-financial-procedures-saudi-arabia-guide,https://motaded.com.sa/facilitating-sovereign-financial-procedures-saudi-arabia-guide,https://motaded.com.sa/blog/facilitating-sovereign-financial-procedures-saudi-arabia-guide,en,/node/589
/Financial-and-insurance-activities-in-Saudi-Arabia,/blog/Financial-and-insurance-activities-in-Saudi-Arabia,https://motaded.com.sa/Financial-and-insurance-activities-in-Saudi-Arabia,https://motaded.com.sa/blog/Financial-and-insurance-activities-in-Saudi-Arabia,en,/node/161
/foreign-branch-setup-in-saudi,/blog/foreign-branch-setup-in-saudi,https://motaded.com.sa/foreign-branch-setup-in-saudi,https://motaded.com.sa/blog/foreign-branch-setup-in-saudi,en,/node/253
/foreign-business-ownership-in-saudi-arabia,/blog/foreign-business-ownership-in-saudi-arabia,https://motaded.com.sa/foreign-business-ownership-in-saudi-arabia,https://motaded.com.sa/blog/foreign-business-ownership-in-saudi-arabia,en,/node/292
/foreign-company-branch-in-saudi-arabia,/blog/foreign-company-branch-in-saudi-arabia,https://motaded.com.sa/foreign-company-branch-in-saudi-arabia,https://motaded.com.sa/blog/foreign-company-branch-in-saudi-arabia,en,/node/280
/foreign-company-registration-in-saudi-arabia,/blog/foreign-company-registration-in-saudi-arabia,https://motaded.com.sa/foreign-company-registration-in-saudi-arabia,https://motaded.com.sa/blog/foreign-company-registration-in-saudi-arabia,en,/node/268
/foreign-direct-investment-ksa-regulations-comprehensive-guide-2026,/blog/foreign-direct-investment-ksa-regulations-comprehensive-guide-2026,https://motaded.com.sa/foreign-direct-investment-ksa-regulations-comprehensive-guide-2026,https://motaded.com.sa/blog/foreign-direct-investment-ksa-regulations-comprehensive-guide-2026,en,/node/578
/foreign-investment-in-saudi-arabia-sovereign-growth-fdi-guide,/blog/foreign-investment-in-saudi-arabia-sovereign-growth-fdi-guide,https://motaded.com.sa/foreign-investment-in-saudi-arabia-sovereign-growth-fdi-guide,https://motaded.com.sa/blog/foreign-investment-in-saudi-arabia-sovereign-growth-fdi-guide,en,/node/647
/foreign-investment-license,/blog/foreign-investment-license,https://motaded.com.sa/foreign-investment-license,https://motaded.com.sa/blog/foreign-investment-license,en,/node/652
/free-zone-company-in-saudi-arabia,/blog/free-zone-company-in-saudi-arabia,https://motaded.com.sa/free-zone-company-in-saudi-arabia,https://motaded.com.sa/blog/free-zone-company-in-saudi-arabia,en,/node/260
/free-zones-license-in-saudi-arabia,/blog/free-zones-license-in-saudi-arabia,https://motaded.com.sa/free-zones-license-in-saudi-arabia,https://motaded.com.sa/blog/free-zones-license-in-saudi-arabia,en,/node/236
/freedom-of-ownership-in-saudi-arabia-investors-guide,/blog/freedom-of-ownership-in-saudi-arabia-investors-guide,https://motaded.com.sa/freedom-of-ownership-in-saudi-arabia-investors-guide,https://motaded.com.sa/blog/freedom-of-ownership-in-saudi-arabia-investors-guide,en,/node/579
/Fueling-Saudi-Arabia’s-Manufacturing-Future,/blog/Fueling-Saudi-Arabia’s-Manufacturing-Future,https://motaded.com.sa/Fueling-Saudi-Arabia’s-Manufacturing-Future,https://motaded.com.sa/blog/Fueling-Saudi-Arabia’s-Manufacturing-Future,en,/node/210
/Future-of-Business-Setup-in-Saudi-Arabia,/blog/Future-of-Business-Setup-in-Saudi-Arabia,https://motaded.com.sa/Future-of-Business-Setup-in-Saudi-Arabia,https://motaded.com.sa/blog/Future-of-Business-Setup-in-Saudi-Arabia,en,/node/212
/Future-Trends-in-Corporate-Responsibility-Practices,/blog/Future-Trends-in-Corporate-Responsibility-Practices,https://motaded.com.sa/Future-Trends-in-Corporate-Responsibility-Practices,https://motaded.com.sa/blog/Future-Trends-in-Corporate-Responsibility-Practices,en,/node/530
/gcc-company-saudi-arabia,/blog/gcc-company-saudi-arabia,https://motaded.com.sa/gcc-company-saudi-arabia,https://motaded.com.sa/blog/gcc-company-saudi-arabia,en,/node/320
/General-Organization-for-Social-Insurance,/blog/General-Organization-for-Social-Insurance,https://motaded.com.sa/General-Organization-for-Social-Insurance,https://motaded.com.sa/blog/General-Organization-for-Social-Insurance,en,/node/178
/Giga-projects-in-Saudi-Arabia,/blog/Giga-projects-in-Saudi-Arabia,https://motaded.com.sa/Giga-projects-in-Saudi-Arabia,https://motaded.com.sa/blog/Giga-projects-in-Saudi-Arabia,en,/node/207
/gosi-certificate,/blog/gosi-certificate,https://motaded.com.sa/gosi-certificate,https://motaded.com.sa/blog/gosi-certificate,en,/node/311
/Government-Relations-Services,/blog/Government-Relations-Services,https://motaded.com.sa/Government-Relations-Services,https://motaded.com.sa/blog/Government-Relations-Services,en,/node/549
/Guide-to-Amending-the-MISA-Investment-License,/blog/Guide-to-Amending-the-MISA-Investment-License,https://motaded.com.sa/Guide-to-Amending-the-MISA-Investment-License,https://motaded.com.sa/blog/Guide-to-Amending-the-MISA-Investment-License,en,/node/541
/Guide-to-Company-Formation-in-Saudi-Arabia,/blog/Guide-to-Company-Formation-in-Saudi-Arabia,https://motaded.com.sa/Guide-to-Company-Formation-in-Saudi-Arabia,https://motaded.com.sa/blog/Guide-to-Company-Formation-in-Saudi-Arabia,en,/node/557
/how-to-apply-for-driving-license-in-ksa,/blog/how-to-apply-for-driving-license-in-ksa,https://motaded.com.sa/how-to-apply-for-driving-license-in-ksa,https://motaded.com.sa/blog/how-to-apply-for-driving-license-in-ksa,en,/node/323
/How-to-Apply-for-Saudi-Residency,/blog/How-to-Apply-for-Saudi-Residency,https://motaded.com.sa/How-to-Apply-for-Saudi-Residency,https://motaded.com.sa/blog/How-to-Apply-for-Saudi-Residency,en,/node/537
/how-to-apply-for-saudi-visa-comprehensive-guide,/blog/how-to-apply-for-saudi-visa-comprehensive-guide,https://motaded.com.sa/how-to-apply-for-saudi-visa-comprehensive-guide,https://motaded.com.sa/blog/how-to-apply-for-saudi-visa-comprehensive-guide,en,/node/626
/how-to-choose-investment-consultant-saudi-arabia,/blog/how-to-choose-investment-consultant-saudi-arabia,https://motaded.com.sa/how-to-choose-investment-consultant-saudi-arabia,https://motaded.com.sa/blog/how-to-choose-investment-consultant-saudi-arabia,en,/node/644
/how-to-get-business-license-in-saudi-arabia,/blog/how-to-get-business-license-in-saudi-arabia,https://motaded.com.sa/how-to-get-business-license-in-saudi-arabia,https://motaded.com.sa/blog/how-to-get-business-license-in-saudi-arabia,en,/node/278
/how-to-get-driving-license-in-saudi-arabia,/blog/how-to-get-driving-license-in-saudi-arabia,https://motaded.com.sa/how-to-get-driving-license-in-saudi-arabia,https://motaded.com.sa/blog/how-to-get-driving-license-in-saudi-arabia,en,/node/316
/How-to-Obtain-a-Transportation-and-Storage-License-in-Saudi-Arabia,/blog/How-to-Obtain-a-Transportation-and-Storage-License-in-Saudi-Arabia,https://motaded.com.sa/How-to-Obtain-a-Transportation-and-Storage-License-in-Saudi-Arabia,https://motaded.com.sa/blog/How-to-Obtain-a-Transportation-and-Storage-License-in-Saudi-Arabia,en,/node/150
/how-to-register-a-company-in-saudi-arabia,/blog/how-to-register-a-company-in-saudi-arabia,https://motaded.com.sa/how-to-register-a-company-in-saudi-arabia,https://motaded.com.sa/blog/how-to-register-a-company-in-saudi-arabia,en,/node/269
/how-to-set-up-a-business-in-saudi-arabia,/blog/how-to-set-up-a-business-in-saudi-arabia,https://motaded.com.sa/how-to-set-up-a-business-in-saudi-arabia,https://motaded.com.sa/blog/how-to-set-up-a-business-in-saudi-arabia,en,/node/254
/how-to-setup-a-foreign-branch-in-saudi,/blog/how-to-setup-a-foreign-branch-in-saudi,https://motaded.com.sa/how-to-setup-a-foreign-branch-in-saudi,https://motaded.com.sa/blog/how-to-setup-a-foreign-branch-in-saudi,en,/node/264
/how-to-start-a-business-in-saudi-arabia,/blog/how-to-start-a-business-in-saudi-arabia,https://motaded.com.sa/how-to-start-a-business-in-saudi-arabia,https://motaded.com.sa/blog/how-to-start-a-business-in-saudi-arabia,en,/node/299
/how-to-start-a-small-business-in-saudi-arabia,/blog/how-to-start-a-small-business-in-saudi-arabia,https://motaded.com.sa/how-to-start-a-small-business-in-saudi-arabia,https://motaded.com.sa/blog/how-to-start-a-small-business-in-saudi-arabia,en,/node/297
/how-to-start-llc-in-saudi,/blog/how-to-start-llc-in-saudi,https://motaded.com.sa/how-to-start-llc-in-saudi,https://motaded.com.sa/blog/how-to-start-llc-in-saudi,en,/node/312
/hr-and-payroll-management-in-Saudi,/blog/hr-and-payroll-management-in-Saudi,https://motaded.com.sa/hr-and-payroll-management-in-Saudi,https://motaded.com.sa/blog/hr-and-payroll-management-in-Saudi,en,/node/500
/hr-companies-in-riyadh,/blog/hr-companies-in-riyadh,https://motaded.com.sa/hr-companies-in-riyadh,https://motaded.com.sa/blog/hr-companies-in-riyadh,en,/node/560
/HR-Consultancy-in-Saudi-Arabia,/blog/HR-Consultancy-in-Saudi-Arabia,https://motaded.com.sa/HR-Consultancy-in-Saudi-Arabia,https://motaded.com.sa/blog/HR-Consultancy-in-Saudi-Arabia,en,/node/525
/HR-Governance-in-Saudi-Arabia,/blog/HR-Governance-in-Saudi-Arabia,https://motaded.com.sa/HR-Governance-in-Saudi-Arabia,https://motaded.com.sa/blog/HR-Governance-in-Saudi-Arabia,en,/node/553
/hr-outsourcing-companies-in-ksa,/blog/hr-outsourcing-companies-in-ksa,https://motaded.com.sa/hr-outsourcing-companies-in-ksa,https://motaded.com.sa/blog/hr-outsourcing-companies-in-ksa,en,/node/515
/HR-Outsourcing-Company-in-Saudi-Arabia,/blog/HR-Outsourcing-Company-in-Saudi-Arabia,https://motaded.com.sa/HR-Outsourcing-Company-in-Saudi-Arabia,https://motaded.com.sa/blog/HR-Outsourcing-Company-in-Saudi-Arabia,en,/node/648
/HR-Outsourcing-in-Saudi-Arabia,/blog/HR-Outsourcing-in-Saudi-Arabia,https://motaded.com.sa/HR-Outsourcing-in-Saudi-Arabia,https://motaded.com.sa/blog/HR-Outsourcing-in-Saudi-Arabia,en,/node/563
/hr-services,/blog/hr-services,https://motaded.com.sa/hr-services,https://motaded.com.sa/blog/hr-services,en,/node/127
/HR-software-comparison-Saudi-Arabia,/blog/HR-software-comparison-Saudi-Arabia,https://motaded.com.sa/HR-software-comparison-Saudi-Arabia,https://motaded.com.sa/blog/HR-software-comparison-Saudi-Arabia,en,/node/527
/hr-solutions-saudi-arabia,/blog/hr-solutions-saudi-arabia,https://motaded.com.sa/hr-solutions-saudi-arabia,https://motaded.com.sa/blog/hr-solutions-saudi-arabia,en,/node/631
/HR-System-KSA,/blog/HR-System-KSA,https://motaded.com.sa/HR-System-KSA,https://motaded.com.sa/blog/HR-System-KSA,en,/node/651
/Hr-Tech-Saudi-Arabia,/blog/Hr-Tech-Saudi-Arabia,https://motaded.com.sa/Hr-Tech-Saudi-Arabia,https://motaded.com.sa/blog/Hr-Tech-Saudi-Arabia,en,/node/509
/Human-health-and-social-work-activities-in-Saudi-Arabia,/blog/Human-health-and-social-work-activities-in-Saudi-Arabia,https://motaded.com.sa/Human-health-and-social-work-activities-in-Saudi-Arabia,https://motaded.com.sa/blog/Human-health-and-social-work-activities-in-Saudi-Arabia,en,/node/165
/import-export-saudi-arabia,/blog/import-export-saudi-arabia,https://motaded.com.sa/import-export-saudi-arabia,https://motaded.com.sa/blog/import-export-saudi-arabia,en,/node/655
/income-tax-saudi-arabia,/blog/income-tax-saudi-arabia,https://motaded.com.sa/income-tax-saudi-arabia,https://motaded.com.sa/blog/income-tax-saudi-arabia,en,/node/333
/Incorporating-a-Company-in-Saudi-Arabia,/blog/Incorporating-a-Company-in-Saudi-Arabia,https://motaded.com.sa/Incorporating-a-Company-in-Saudi-Arabia,https://motaded.com.sa/blog/Incorporating-a-Company-in-Saudi-Arabia,en,/node/543
/industrial-cities-saudi-arabia-comprehensive-guide,/blog/industrial-cities-saudi-arabia-comprehensive-guide,https://motaded.com.sa/industrial-cities-saudi-arabia-comprehensive-guide,https://motaded.com.sa/blog/industrial-cities-saudi-arabia-comprehensive-guide,en,/node/615
/industrial-license-in-saudi-arabia,/blog/industrial-license-in-saudi-arabia,https://motaded.com.sa/industrial-license-in-saudi-arabia,https://motaded.com.sa/blog/industrial-license-in-saudi-arabia,en,/node/331
/industrial-license-saudi-arabia,/blog/industrial-license-saudi-arabia,https://motaded.com.sa/industrial-license-saudi-arabia,https://motaded.com.sa/blog/industrial-license-saudi-arabia,en,/node/336
/industrial-licenses-and-cities-saudi-arabia-guide,/blog/industrial-licenses-and-cities-saudi-arabia-guide,https://motaded.com.sa/industrial-licenses-and-cities-saudi-arabia-guide,https://motaded.com.sa/blog/industrial-licenses-and-cities-saudi-arabia-guide,en,/node/635
/industries-in-saudi-arabia,/blog/industries-in-saudi-arabia,https://motaded.com.sa/industries-in-saudi-arabia,https://motaded.com.sa/blog/industries-in-saudi-arabia,en,/node/303
/Information-and-Communications-Activity-License-in-Saudi-Arabia,/blog/Information-and-Communications-Activity-License-in-Saudi-Arabia,https://motaded.com.sa/Information-and-Communications-Activity-License-in-Saudi-Arabia,https://motaded.com.sa/blog/Information-and-Communications-Activity-License-in-Saudi-Arabia,en,/node/152
/instant-license-issuance-saudi-arabia-guide,/blog/instant-license-issuance-saudi-arabia-guide,https://motaded.com.sa/instant-license-issuance-saudi-arabia-guide,https://motaded.com.sa/blog/instant-license-issuance-saudi-arabia-guide,en,/node/590
/insurance-brokerage-license-saudi-arabia-guide,/blog/insurance-brokerage-license-saudi-arabia-guide,https://motaded.com.sa/insurance-brokerage-license-saudi-arabia-guide,https://motaded.com.sa/blog/insurance-brokerage-license-saudi-arabia-guide,en,/node/584
/Integrated-Logistics-Special-Bonded-Zone,/blog/Integrated-Logistics-Special-Bonded-Zone,https://motaded.com.sa/Integrated-Logistics-Special-Bonded-Zone,https://motaded.com.sa/blog/Integrated-Logistics-Special-Bonded-Zone,en,/node/571
/invest-in-saudi-arabia-company-formation,/blog/invest-in-saudi-arabia-company-formation,https://motaded.com.sa/invest-in-saudi-arabia-company-formation,https://motaded.com.sa/blog/invest-in-saudi-arabia-company-formation,en,/node/573
/invest-in-saudi-arabia-comprehensive-encyclopedic-guide,/blog/invest-in-saudi-arabia-comprehensive-encyclopedic-guide,https://motaded.com.sa/invest-in-saudi-arabia-comprehensive-encyclopedic-guide,https://motaded.com.sa/blog/invest-in-saudi-arabia-comprehensive-encyclopedic-guide,en,/node/602
/investment-data-services-strategic-guide,/blog/investment-data-services-strategic-guide,https://motaded.com.sa/investment-data-services-strategic-guide,https://motaded.com.sa/blog/investment-data-services-strategic-guide,en,/node/625
/Investment-for-foreigners-is-now-allowed-in-Mecca-and-Medina,/blog/Investment-for-foreigners-is-now-allowed-in-Mecca-and-Medina,https://motaded.com.sa/Investment-for-foreigners-is-now-allowed-in-Mecca-and-Medina,https://motaded.com.sa/blog/Investment-for-foreigners-is-now-allowed-in-Mecca-and-Medina,en,/node/217
/Investment-Licenses,/blog/Investment-Licenses,https://motaded.com.sa/Investment-Licenses,https://motaded.com.sa/blog/Investment-Licenses,en,/node/524
/Investment-Opportunities-and-Business-Setup-in-riyadh,/blog/Investment-Opportunities-and-Business-Setup-in-riyadh,https://motaded.com.sa/Investment-Opportunities-and-Business-Setup-in-riyadh,https://motaded.com.sa/blog/Investment-Opportunities-and-Business-Setup-in-riyadh,en,/node/206
/Investment-Opportunities-in-Saudi-Arabia,/blog/Investment-Opportunities-in-Saudi-Arabia,https://motaded.com.sa/Investment-Opportunities-in-Saudi-Arabia,https://motaded.com.sa/blog/Investment-Opportunities-in-Saudi-Arabia,en,/node/137
/Investment-Projects-Between-Saudi-Arabia-and-the-USA,/blog/Investment-Projects-Between-Saudi-Arabia-and-the-USA,https://motaded.com.sa/Investment-Projects-Between-Saudi-Arabia-and-the-USA,https://motaded.com.sa/blog/Investment-Projects-Between-Saudi-Arabia-and-the-USA,en,/node/222
/Investment-Registration-Certificate,/blog/Investment-Registration-Certificate,https://motaded.com.sa/Investment-Registration-Certificate,https://motaded.com.sa/blog/Investment-Registration-Certificate,en,/node/569
/investment-systems-in-saudi-arabia-guide,/blog/investment-systems-in-saudi-arabia-guide,https://motaded.com.sa/investment-systems-in-saudi-arabia-guide,https://motaded.com.sa/blog/investment-systems-in-saudi-arabia-guide,en,/node/581
/investor-license-in-saudi-arabia,/blog/investor-license-in-saudi-arabia,https://motaded.com.sa/investor-license-in-saudi-arabia,https://motaded.com.sa/blog/investor-license-in-saudi-arabia,en,/node/227
/investor-visa-in-saudi-arabia,/blog/investor-visa-in-saudi-arabia,https://motaded.com.sa/investor-visa-in-saudi-arabia,https://motaded.com.sa/blog/investor-visa-in-saudi-arabia,en,/node/342
/Iqama-Issuance-and-Renewal-Services-in-Saudi-Arabia,/blog/Iqama-Issuance-and-Renewal-Services-in-Saudi-Arabia,https://motaded.com.sa/Iqama-Issuance-and-Renewal-Services-in-Saudi-Arabia,https://motaded.com.sa/blog/Iqama-Issuance-and-Renewal-Services-in-Saudi-Arabia,en,/node/554
/issuing-general-manager-visa-via-qiwa-guide,/blog/issuing-general-manager-visa-via-qiwa-guide,https://motaded.com.sa/issuing-general-manager-visa-via-qiwa-guide,https://motaded.com.sa/blog/issuing-general-manager-visa-via-qiwa-guide,en,/node/634
/Jazan-Special-Economic-free-Zone,/blog/Jazan-Special-Economic-free-Zone,https://motaded.com.sa/Jazan-Special-Economic-free-Zone,https://motaded.com.sa/blog/Jazan-Special-Economic-free-Zone,en,/node/195
/King-Abdullah-Economic-city,/blog/King-Abdullah-Economic-city,https://motaded.com.sa/King-Abdullah-Economic-city,https://motaded.com.sa/blog/King-Abdullah-Economic-city,en,/node/192
/King-Salman-Energy-Park-Project,/blog/King-Salman-Energy-Park-Project,https://motaded.com.sa/King-Salman-Energy-Park-Project,https://motaded.com.sa/blog/King-Salman-Energy-Park-Project,en,/node/147
/LEAP-2025,/blog/LEAP-2025,https://motaded.com.sa/LEAP-2025,https://motaded.com.sa/blog/LEAP-2025,ar,/node/133
/legal-consultant-in-saudi-arabia-investor-support-2026,/blog/legal-consultant-in-saudi-arabia-investor-support-2026,https://motaded.com.sa/legal-consultant-in-saudi-arabia-investor-support-2026,https://motaded.com.sa/blog/legal-consultant-in-saudi-arabia-investor-support-2026,en,/node/577
/legal-translation-services-in-saudi-arabia,/blog/legal-translation-services-in-saudi-arabia,https://motaded.com.sa/legal-translation-services-in-saudi-arabia,https://motaded.com.sa/blog/legal-translation-services-in-saudi-arabia,en,/node/606
/licence-saudi-arabia,/blog/licence-saudi-arabia,https://motaded.com.sa/licence-saudi-arabia,https://motaded.com.sa/blog/licence-saudi-arabia,en,/node/327
/license-investment-saudi-arabia-comprehensive-guide,/blog/license-investment-saudi-arabia-comprehensive-guide,https://motaded.com.sa/license-investment-saudi-arabia-comprehensive-guide,https://motaded.com.sa/blog/license-investment-saudi-arabia-comprehensive-guide,en,/node/616
/license-investor-saudi-arabia-comprehensive-guide,/blog/license-investor-saudi-arabia-comprehensive-guide,https://motaded.com.sa/license-investor-saudi-arabia-comprehensive-guide,https://motaded.com.sa/blog/license-investor-saudi-arabia-comprehensive-guide,en,/node/613
/Life-in-Saudi-Arabia,/blog/Life-in-Saudi-Arabia,https://motaded.com.sa/Life-in-Saudi-Arabia,https://motaded.com.sa/blog/Life-in-Saudi-Arabia,en,/node/149
/living-in-saudi-arabia-sovereignty-and-welfare,/blog/living-in-saudi-arabia-sovereignty-and-welfare,https://motaded.com.sa/living-in-saudi-arabia-sovereignty-and-welfare,https://motaded.com.sa/blog/living-in-saudi-arabia-sovereignty-and-welfare,en,/node/654
/llc-company-formation-saudi,/blog/llc-company-formation-saudi,https://motaded.com.sa/llc-company-formation-saudi,https://motaded.com.sa/blog/llc-company-formation-saudi,en,/node/276
/Mandatory-Social-Security-in-Saudi-Arabia,/blog/Mandatory-Social-Security-in-Saudi-Arabia,https://motaded.com.sa/Mandatory-Social-Security-in-Saudi-Arabia,https://motaded.com.sa/blog/Mandatory-Social-Security-in-Saudi-Arabia,en,/node/166
/manpower-supply-company-in-Saudi-Arabia,/blog/manpower-supply-company-in-Saudi-Arabia,https://motaded.com.sa/manpower-supply-company-in-Saudi-Arabia,https://motaded.com.sa/blog/manpower-supply-company-in-Saudi-Arabia,en,/node/521
/Manufacturing-activity-in-Saudi-Arabia,/blog/Manufacturing-activity-in-Saudi-Arabia,https://motaded.com.sa/Manufacturing-activity-in-Saudi-Arabia,https://motaded.com.sa/blog/Manufacturing-activity-in-Saudi-Arabia,en,/node/143
/market-entry-strategy-in-KSA,/blog/market-entry-strategy-in-KSA,https://motaded.com.sa/market-entry-strategy-in-KSA,https://motaded.com.sa/blog/market-entry-strategy-in-KSA,en,/node/572
/Ministry-of-Commerce-in-Saudi-Arabia,/blog/Ministry-of-Commerce-in-Saudi-Arabia,https://motaded.com.sa/Ministry-of-Commerce-in-Saudi-Arabia,https://motaded.com.sa/blog/Ministry-of-Commerce-in-Saudi-Arabia,en,/node/565
/ministry-of-foreign-affairs-saudi-business-encyclopedic-guide,/blog/ministry-of-foreign-affairs-saudi-business-encyclopedic-guide,https://motaded.com.sa/ministry-of-foreign-affairs-saudi-business-encyclopedic-guide,https://motaded.com.sa/blog/ministry-of-foreign-affairs-saudi-business-encyclopedic-guide,en,/node/601
/ministry-of-investment-(misa),/blog/ministry-of-investment-(misa),https://motaded.com.sa/ministry-of-investment-(misa),https://motaded.com.sa/blog/ministry-of-investment-(misa),en,/node/536
/Ministry-of-Investment-in-Saudi-Arabia,/blog/Ministry-of-Investment-in-Saudi-Arabia,https://motaded.com.sa/Ministry-of-Investment-in-Saudi-Arabia,https://motaded.com.sa/blog/Ministry-of-Investment-in-Saudi-Arabia,en,/node/526
/Ministry-of-Labor-in-Saudi-Arabia,/blog/Ministry-of-Labor-in-Saudi-Arabia,https://motaded.com.sa/Ministry-of-Labor-in-Saudi-Arabia,https://motaded.com.sa/blog/Ministry-of-Labor-in-Saudi-Arabia,en,/node/177
/misa-business-licensing-in-saudi-arabia,/blog/misa-business-licensing-in-saudi-arabia,https://motaded.com.sa/misa-business-licensing-in-saudi-arabia,https://motaded.com.sa/blog/misa-business-licensing-in-saudi-arabia,en,/node/306
/MISA-Investment-License,/blog/MISA-Investment-License,https://motaded.com.sa/MISA-Investment-License,https://motaded.com.sa/blog/MISA-Investment-License,en,/node/576
/MISA-Investment-License-Renewal,/blog/MISA-Investment-License-Renewal,https://motaded.com.sa/MISA-Investment-License-Renewal,https://motaded.com.sa/blog/MISA-Investment-License-Renewal,en,/node/540
/MISA-Investor-License,/blog/MISA-Investor-License,https://motaded.com.sa/MISA-Investor-License,https://motaded.com.sa/blog/MISA-Investor-License,en,/node/511
/misa-license-in-saudi-arabia,/blog/misa-license-in-saudi-arabia,https://motaded.com.sa/misa-license-in-saudi-arabia,https://motaded.com.sa/blog/misa-license-in-saudi-arabia,en,/node/514
/misa-license-requirements,/blog/misa-license-requirements,https://motaded.com.sa/misa-license-requirements,https://motaded.com.sa/blog/misa-license-requirements,en,/node/503
/MISA-License-Saudi-Arabia,/blog/MISA-License-Saudi-Arabia,https://motaded.com.sa/MISA-License-Saudi-Arabia,https://motaded.com.sa/blog/MISA-License-Saudi-Arabia,en,/node/649
/misa-license-saudi-arabia-comprehensive-guide,/blog/misa-license-saudi-arabia-comprehensive-guide,https://motaded.com.sa/misa-license-saudi-arabia-comprehensive-guide,https://motaded.com.sa/blog/misa-license-saudi-arabia-comprehensive-guide,en,/node/608
/misa-setup-consultants-saudi-arabia-comprehensive-guide,/blog/misa-setup-consultants-saudi-arabia-comprehensive-guide,https://motaded.com.sa/misa-setup-consultants-saudi-arabia-comprehensive-guide,https://motaded.com.sa/blog/misa-setup-consultants-saudi-arabia-comprehensive-guide,en,/node/617
/MISA-许可证续期全攻略,/blog/MISA-许可证续期全攻略,https://motaded.com.sa/MISA-许可证续期全攻略,https://motaded.com.sa/blog/MISA-许可证续期全攻略,zh-hans,/node/540
/modon-industrial-cities-sovereign-guide,/blog/modon-industrial-cities-sovereign-guide,https://motaded.com.sa/modon-industrial-cities-sovereign-guide,https://motaded.com.sa/blog/modon-industrial-cities-sovereign-guide,en,/node/636
/muqeem-portal-registration,/blog/muqeem-portal-registration,https://motaded.com.sa/muqeem-portal-registration,https://motaded.com.sa/blog/muqeem-portal-registration,en,/node/325
/MUSAHAMA-Program,/blog/MUSAHAMA-Program,https://motaded.com.sa/MUSAHAMA-Program,https://motaded.com.sa/blog/MUSAHAMA-Program,en,/node/209
/new-rules-for-iqama-renewal,/blog/new-rules-for-iqama-renewal,https://motaded.com.sa/new-rules-for-iqama-renewal,https://motaded.com.sa/blog/new-rules-for-iqama-renewal,en,/node/324
/Notarized-translation-services-in-Saudi-Arabia,/blog/Notarized-translation-services-in-Saudi-Arabia,https://motaded.com.sa/Notarized-translation-services-in-Saudi-Arabia,https://motaded.com.sa/blog/Notarized-translation-services-in-Saudi-Arabia,en,/node/510
/Nusuk,/blog/Nusuk,https://motaded.com.sa/Nusuk,https://motaded.com.sa/blog/Nusuk,en,/node/171
/Open-a-bank-account-in-Saudi-Arabia,/blog/Open-a-bank-account-in-Saudi-Arabia,https://motaded.com.sa/Open-a-bank-account-in-Saudi-Arabia,https://motaded.com.sa/blog/Open-a-bank-account-in-Saudi-Arabia,en,/node/188
/Open-a-company-for-Russia,/blog/Open-a-company-for-Russia,https://motaded.com.sa/Open-a-company-for-Russia,https://motaded.com.sa/blog/Open-a-company-for-Russia,und,/node/120
/open-a-company-in-Saudi-Arabia,/blog/open-a-company-in-Saudi-Arabia,https://motaded.com.sa/open-a-company-in-Saudi-Arabia,https://motaded.com.sa/blog/open-a-company-in-Saudi-Arabia,en,/node/523
/Open-Branch-company-in-Saudi-Arabia,/blog/Open-Branch-company-in-Saudi-Arabia,https://motaded.com.sa/Open-Branch-company-in-Saudi-Arabia,https://motaded.com.sa/blog/Open-Branch-company-in-Saudi-Arabia,en,/node/288
/open-branch-company-saudi-arabia-comprehensive-guide,/blog/open-branch-company-saudi-arabia-comprehensive-guide,https://motaded.com.sa/open-branch-company-saudi-arabia-comprehensive-guide,https://motaded.com.sa/blog/open-branch-company-saudi-arabia-comprehensive-guide,en,/node/618
/open-business-in-saudi-arabia,/blog/open-business-in-saudi-arabia,https://motaded.com.sa/open-business-in-saudi-arabia,https://motaded.com.sa/blog/open-business-in-saudi-arabia,en,/node/284
/open-business-in-saudi-arabia-comprehensive-guide,/blog/open-business-in-saudi-arabia-comprehensive-guide,https://motaded.com.sa/open-business-in-saudi-arabia-comprehensive-guide,https://motaded.com.sa/blog/open-business-in-saudi-arabia-comprehensive-guide,en,/node/612
/open-company-in-saudi,/blog/open-company-in-saudi,https://motaded.com.sa/open-company-in-saudi,https://motaded.com.sa/blog/open-company-in-saudi,en,/node/650
/open-company-in-saudi-arabia,/blog/open-company-in-saudi-arabia,https://motaded.com.sa/open-company-in-saudi-arabia,https://motaded.com.sa/blog/open-company-in-saudi-arabia,en,/node/247
/opening-a-company-in-saudi-arabia,/blog/opening-a-company-in-saudi-arabia,https://motaded.com.sa/opening-a-company-in-saudi-arabia,https://motaded.com.sa/blog/opening-a-company-in-saudi-arabia,en,/node/282
/opening-bank-account-saudi-arabia-investors-guide-2026,/blog/opening-bank-account-saudi-arabia-investors-guide-2026,https://motaded.com.sa/opening-bank-account-saudi-arabia-investors-guide-2026,https://motaded.com.sa/blog/opening-bank-account-saudi-arabia-investors-guide-2026,en,/node/575
/Outsourced-HR-and-Operational-Support,/blog/Outsourced-HR-and-Operational-Support,https://motaded.com.sa/Outsourced-HR-and-Operational-Support,https://motaded.com.sa/blog/Outsourced-HR-and-Operational-Support,en,/node/552
/payroll-management-ksa,/blog/payroll-management-ksa,https://motaded.com.sa/payroll-management-ksa,https://motaded.com.sa/blog/payroll-management-ksa,en,/node/513
/PRO-and-Government-Relations-Services-in-Saudi-Arabia,/blog/PRO-and-Government-Relations-Services-in-Saudi-Arabia,https://motaded.com.sa/PRO-and-Government-Relations-Services-in-Saudi-Arabia,https://motaded.com.sa/blog/PRO-and-Government-Relations-Services-in-Saudi-Arabia,en,/node/546
/PRO-services-in-Saudi-Arabia,/blog/PRO-services-in-Saudi-Arabia,https://motaded.com.sa/PRO-services-in-Saudi-Arabia,https://motaded.com.sa/blog/PRO-services-in-Saudi-Arabia,en,/node/547
/PRO-Services-in-Saudi-Arabia-for-Foreign-Companies,/blog/PRO-Services-in-Saudi-Arabia-for-Foreign-Companies,https://motaded.com.sa/PRO-Services-in-Saudi-Arabia-for-Foreign-Companies,https://motaded.com.sa/blog/PRO-Services-in-Saudi-Arabia-for-Foreign-Companies,en,/node/548
/professional-accreditation-program-in-saudi-arabia,/blog/professional-accreditation-program-in-saudi-arabia,https://motaded.com.sa/professional-accreditation-program-in-saudi-arabia,https://motaded.com.sa/blog/professional-accreditation-program-in-saudi-arabia,en,/node/347
/professional-licenses-saudi-arabia-guide,/blog/professional-licenses-saudi-arabia-guide,https://motaded.com.sa/professional-licenses-saudi-arabia-guide,https://motaded.com.sa/blog/professional-licenses-saudi-arabia-guide,en,/node/588
/professional-staff-saudi-arabia-management-guide,/blog/professional-staff-saudi-arabia-management-guide,https://motaded.com.sa/professional-staff-saudi-arabia-management-guide,https://motaded.com.sa/blog/professional-staff-saudi-arabia-management-guide,en,/node/586
/Public-Investment-Fund-Meaning-Strategy-and-Global-Impact,/blog/Public-Investment-Fund-Meaning-Strategy-and-Global-Impact,https://motaded.com.sa/Public-Investment-Fund-Meaning-Strategy-and-Global-Impact,https://motaded.com.sa/blog/Public-Investment-Fund-Meaning-Strategy-and-Global-Impact,en,/node/538
/Qiddiya-Project,/blog/Qiddiya-Project,https://motaded.com.sa/Qiddiya-Project,https://motaded.com.sa/blog/Qiddiya-Project,en,/node/201
/qiwa-platform-sovereign-encyclopedia,/blog/qiwa-platform-sovereign-encyclopedia,https://motaded.com.sa/qiwa-platform-sovereign-encyclopedia,https://motaded.com.sa/blog/qiwa-platform-sovereign-encyclopedia,en,/node/633
/Quality-of-Life-in-Saudi-Arabia,/blog/Quality-of-Life-in-Saudi-Arabia,https://motaded.com.sa/Quality-of-Life-in-Saudi-Arabia,https://motaded.com.sa/blog/Quality-of-Life-in-Saudi-Arabia,en,/node/170
/Ras-Al-Khair-SEZ,/blog/Ras-Al-Khair-SEZ,https://motaded.com.sa/Ras-Al-Khair-SEZ,https://motaded.com.sa/blog/Ras-Al-Khair-SEZ,en,/node/191
/Real-estate-activities-in-Saudi-Arabia,/blog/Real-estate-activities-in-Saudi-Arabia,https://motaded.com.sa/Real-estate-activities-in-Saudi-Arabia,https://motaded.com.sa/blog/Real-estate-activities-in-Saudi-Arabia,en,/node/162
/real-estate-developer-license-saudi-arabia-guide,/blog/real-estate-developer-license-saudi-arabia-guide,https://motaded.com.sa/real-estate-developer-license-saudi-arabia-guide,https://motaded.com.sa/blog/real-estate-developer-license-saudi-arabia-guide,en,/node/583
/Regional-Headquarters-in-Saudi-Arabia,/blog/Regional-Headquarters-in-Saudi-Arabia,https://motaded.com.sa/Regional-Headquarters-in-Saudi-Arabia,https://motaded.com.sa/blog/Regional-Headquarters-in-Saudi-Arabia,en,/node/558
/register-a-business-in-saudi-arabia,/blog/register-a-business-in-saudi-arabia,https://motaded.com.sa/register-a-business-in-saudi-arabia,https://motaded.com.sa/blog/register-a-business-in-saudi-arabia,en,/node/283
/register-a-company-in-jeddah,/blog/register-a-company-in-jeddah,https://motaded.com.sa/register-a-company-in-jeddah,https://motaded.com.sa/blog/register-a-company-in-jeddah,en,/node/275
/register-a-company-in-Saudi-Arabia,/blog/register-a-company-in-Saudi-Arabia,https://motaded.com.sa/register-a-company-in-Saudi-Arabia,https://motaded.com.sa/blog/register-a-company-in-Saudi-Arabia,en,/node/273
/register-a-license-in-saudi-arabia,/blog/register-a-license-in-saudi-arabia,https://motaded.com.sa/register-a-license-in-saudi-arabia,https://motaded.com.sa/blog/register-a-license-in-saudi-arabia,en,/node/259
/register-license-in-saudi-arabia-comprehensive-guide,/blog/register-license-in-saudi-arabia-comprehensive-guide,https://motaded.com.sa/register-license-in-saudi-arabia-comprehensive-guide,https://motaded.com.sa/blog/register-license-in-saudi-arabia-comprehensive-guide,en,/node/614
/Register-Your-Company-in-Saudi-Arabia,/blog/Register-Your-Company-in-Saudi-Arabia,https://motaded.com.sa/Register-Your-Company-in-Saudi-Arabia,https://motaded.com.sa/blog/Register-Your-Company-in-Saudi-Arabia,ar,/node/119
/Register-Your-Company-in-Saudi-Arabia/ksa,/blog/Register-Your-Company-in-Saudi-Arabia/ksa,https://motaded.com.sa/Register-Your-Company-in-Saudi-Arabia/ksa,https://motaded.com.sa/blog/Register-Your-Company-in-Saudi-Arabia/ksa,en,/node/119
/registering-a-company-in-saudi-arabia,/blog/registering-a-company-in-saudi-arabia,https://motaded.com.sa/registering-a-company-in-saudi-arabia,https://motaded.com.sa/blog/registering-a-company-in-saudi-arabia,en,/node/248
/Remove-the-Wage-Protection-Note,/blog/Remove-the-Wage-Protection-Note,https://motaded.com.sa/Remove-the-Wage-Protection-Note,https://motaded.com.sa/blog/Remove-the-Wage-Protection-Note,en,/node/501
/Residency-in-Saudi-Arabia,/blog/Residency-in-Saudi-Arabia,https://motaded.com.sa/Residency-in-Saudi-Arabia,https://motaded.com.sa/blog/Residency-in-Saudi-Arabia,en,/node/196
/rhq-formation-saudi-arabia-comprehensive-guide,/blog/rhq-formation-saudi-arabia-comprehensive-guide,https://motaded.com.sa/rhq-formation-saudi-arabia-comprehensive-guide,https://motaded.com.sa/blog/rhq-formation-saudi-arabia-comprehensive-guide,en,/node/620
/riyadh-company-setup-comprehensive-guide,/blog/riyadh-company-setup-comprehensive-guide,https://motaded.com.sa/riyadh-company-setup-comprehensive-guide,https://motaded.com.sa/blog/riyadh-company-setup-comprehensive-guide,en,/node/623
/riyadh-industrial-cities-sovereign-guide,/blog/riyadh-industrial-cities-sovereign-guide,https://motaded.com.sa/riyadh-industrial-cities-sovereign-guide,https://motaded.com.sa/blog/riyadh-industrial-cities-sovereign-guide,en,/node/639
/Riyadh-Integrated-Special-Logistics-Zone-RISLZ,/blog/Riyadh-Integrated-Special-Logistics-Zone-RISLZ,https://motaded.com.sa/Riyadh-Integrated-Special-Logistics-Zone-RISLZ,https://motaded.com.sa/blog/Riyadh-Integrated-Special-Logistics-Zone-RISLZ,en,/node/534
/sagia-license-saudi-arabia,/blog/sagia-license-saudi-arabia,https://motaded.com.sa/sagia-license-saudi-arabia,https://motaded.com.sa/blog/sagia-license-saudi-arabia,en,/node/338
/Saudi-Arabia-and-Italy-Sign-Energy-Cooperation-Agreement,/blog/Saudi-Arabia-and-Italy-Sign-Energy-Cooperation-Agreement,https://motaded.com.sa/Saudi-Arabia-and-Italy-Sign-Energy-Cooperation-Agreement,https://motaded.com.sa/blog/Saudi-Arabia-and-Italy-Sign-Energy-Cooperation-Agreement,en,/node/139
/saudi-arabia-business-license,/blog/saudi-arabia-business-license,https://motaded.com.sa/saudi-arabia-business-license,https://motaded.com.sa/blog/saudi-arabia-business-license,en,/node/286
/Saudi-Arabia-Business-Registration,/blog/Saudi-Arabia-Business-Registration,https://motaded.com.sa/Saudi-Arabia-Business-Registration,https://motaded.com.sa/blog/Saudi-Arabia-Business-Registration,en,/node/256
/saudi-arabia-commercial-license,/blog/saudi-arabia-commercial-license,https://motaded.com.sa/saudi-arabia-commercial-license,https://motaded.com.sa/blog/saudi-arabia-commercial-license,en,/node/277
/saudi-arabia-commercial-register,/blog/saudi-arabia-commercial-register,https://motaded.com.sa/saudi-arabia-commercial-register,https://motaded.com.sa/blog/saudi-arabia-commercial-register,en,/node/289
/saudi-arabia-company-formation,/blog/saudi-arabia-company-formation,https://motaded.com.sa/saudi-arabia-company-formation,https://motaded.com.sa/blog/saudi-arabia-company-formation,en,/node/285
/saudi-arabia-company-incorporation,/blog/saudi-arabia-company-incorporation,https://motaded.com.sa/saudi-arabia-company-incorporation,https://motaded.com.sa/blog/saudi-arabia-company-incorporation,en,/node/266
/saudi-arabia-company-incorporation-guide,/blog/saudi-arabia-company-incorporation-guide,https://motaded.com.sa/saudi-arabia-company-incorporation-guide,https://motaded.com.sa/blog/saudi-arabia-company-incorporation-guide,en,/node/595
/saudi-arabia-company-registration-process,/blog/saudi-arabia-company-registration-process,https://motaded.com.sa/saudi-arabia-company-registration-process,https://motaded.com.sa/blog/saudi-arabia-company-registration-process,en,/node/300
/saudi-arabia-company-setup,/blog/saudi-arabia-company-setup,https://motaded.com.sa/saudi-arabia-company-setup,https://motaded.com.sa/blog/saudi-arabia-company-setup,en,/node/238
/saudi-arabia-license,/blog/saudi-arabia-license,https://motaded.com.sa/saudi-arabia-license,https://motaded.com.sa/blog/saudi-arabia-license,en,/node/304
/saudi-arabia-rhq-incentives-requirements-guide,/blog/saudi-arabia-rhq-incentives-requirements-guide,https://motaded.com.sa/saudi-arabia-rhq-incentives-requirements-guide,https://motaded.com.sa/blog/saudi-arabia-rhq-incentives-requirements-guide,en,/node/582
/Saudi-Arabia-Stock-Market,/blog/Saudi-Arabia-Stock-Market,https://motaded.com.sa/Saudi-Arabia-Stock-Market,https://motaded.com.sa/blog/Saudi-Arabia-Stock-Market,en,/node/223
/saudi-arabian-investment-strategic-guide,/blog/saudi-arabian-investment-strategic-guide,https://motaded.com.sa/saudi-arabian-investment-strategic-guide,https://motaded.com.sa/blog/saudi-arabian-investment-strategic-guide,en,/node/627
/Saudi-Arabian-Laws,/blog/Saudi-Arabian-Laws,https://motaded.com.sa/Saudi-Arabian-Laws,https://motaded.com.sa/blog/Saudi-Arabian-Laws,en,/node/172
/Saudi-Business-Center,/blog/Saudi-Business-Center,https://motaded.com.sa/Saudi-Business-Center,https://motaded.com.sa/blog/Saudi-Business-Center,en,/node/354
/saudi-business-license,/blog/saudi-business-license,https://motaded.com.sa/saudi-business-license,https://motaded.com.sa/blog/saudi-business-license,en,/node/287
/saudi-company-incorporation-comprehensive-guide,/blog/saudi-company-incorporation-comprehensive-guide,https://motaded.com.sa/saudi-company-incorporation-comprehensive-guide,https://motaded.com.sa/blog/saudi-company-incorporation-comprehensive-guide,en,/node/605
/saudi-company-register,/blog/saudi-company-register,https://motaded.com.sa/saudi-company-register,https://motaded.com.sa/blog/saudi-company-register,en,/node/252
/saudi-company-registration,/blog/saudi-company-registration,https://motaded.com.sa/saudi-company-registration,https://motaded.com.sa/blog/saudi-company-registration,en,/node/270
/saudi-company-setup,/blog/saudi-company-setup,https://motaded.com.sa/saudi-company-setup,https://motaded.com.sa/blog/saudi-company-setup,en,/node/272
/Saudi-Corporate-Compliance-Services,/blog/Saudi-Corporate-Compliance-Services,https://motaded.com.sa/Saudi-Corporate-Compliance-Services,https://motaded.com.sa/blog/Saudi-Corporate-Compliance-Services,en,/node/550
/Saudi-Export-Import,/blog/Saudi-Export-Import,https://motaded.com.sa/Saudi-Export-Import,https://motaded.com.sa/blog/Saudi-Export-Import,en,/node/499
/saudi-freelance-regulations-guide,/blog/saudi-freelance-regulations-guide,https://motaded.com.sa/saudi-freelance-regulations-guide,https://motaded.com.sa/blog/saudi-freelance-regulations-guide,en,/node/594
/saudi-premium-residency,/blog/saudi-premium-residency,https://motaded.com.sa/saudi-premium-residency,https://motaded.com.sa/blog/saudi-premium-residency,en,/node/328
/Saudi-Startup-Business-Program,/blog/Saudi-Startup-Business-Program,https://motaded.com.sa/Saudi-Startup-Business-Program,https://motaded.com.sa/blog/Saudi-Startup-Business-Program,en,/node/175
/Saudi-Vision-2030-Projects-and-Investor-Opportunities,/blog/Saudi-Vision-2030-Projects-and-Investor-Opportunities,https://motaded.com.sa/Saudi-Vision-2030-Projects-and-Investor-Opportunities,https://motaded.com.sa/blog/Saudi-Vision-2030-Projects-and-Investor-Opportunities,en,/node/145
/saudization,/blog/saudization,https://motaded.com.sa/saudization,https://motaded.com.sa/blog/saudization,en,/node/308
/Saudization-And-Nitaqat-System,/blog/Saudization-And-Nitaqat-System,https://motaded.com.sa/Saudization-And-Nitaqat-System,https://motaded.com.sa/blog/Saudization-And-Nitaqat-System,en,/node/135
/scientific-and-technical-activities-in-Saudi-Arabia,/blog/scientific-and-technical-activities-in-Saudi-Arabia,https://motaded.com.sa/scientific-and-technical-activities-in-Saudi-Arabia,https://motaded.com.sa/blog/scientific-and-technical-activities-in-Saudi-Arabia,en,/node/159
/senaei-industrial-platform-sovereign-guide,/blog/senaei-industrial-platform-sovereign-guide,https://motaded.com.sa/senaei-industrial-platform-sovereign-guide,https://motaded.com.sa/blog/senaei-industrial-platform-sovereign-guide,en,/node/637
/service-activities-in-Saudi-Arabia,/blog/service-activities-in-Saudi-Arabia,https://motaded.com.sa/service-activities-in-Saudi-Arabia,https://motaded.com.sa/blog/service-activities-in-Saudi-Arabia,en,/node/158
/set-up-a-branch-office-in-saudi-arabia-sovereign-guide,/blog/set-up-a-branch-office-in-saudi-arabia-sovereign-guide,https://motaded.com.sa/set-up-a-branch-office-in-saudi-arabia-sovereign-guide,https://motaded.com.sa/blog/set-up-a-branch-office-in-saudi-arabia-sovereign-guide,en,/node/643
/set-up-business-in-saudi,/blog/set-up-business-in-saudi,https://motaded.com.sa/set-up-business-in-saudi,https://motaded.com.sa/blog/set-up-business-in-saudi,en,/node/335
/Set-Up-Business-in-Saudi-Arabia,/blog/Set-Up-Business-in-Saudi-Arabia,https://motaded.com.sa/Set-Up-Business-in-Saudi-Arabia,https://motaded.com.sa/blog/Set-Up-Business-in-Saudi-Arabia,en,/node/240
/set-up-JSC-in-saudi-arabia,/blog/set-up-JSC-in-saudi-arabia,https://motaded.com.sa/set-up-JSC-in-saudi-arabia,https://motaded.com.sa/blog/set-up-JSC-in-saudi-arabia,en,/node/294
/Setting-Up-A-Business-In-Saudi-Arabia,/blog/Setting-Up-A-Business-In-Saudi-Arabia,https://motaded.com.sa/Setting-Up-A-Business-In-Saudi-Arabia,https://motaded.com.sa/blog/Setting-Up-A-Business-In-Saudi-Arabia,en,/node/258
/setting-up-a-company-in-Saudi-Arabia,/blog/setting-up-a-company-in-Saudi-Arabia,https://motaded.com.sa/setting-up-a-company-in-Saudi-Arabia,https://motaded.com.sa/blog/setting-up-a-company-in-Saudi-Arabia,en,/node/246
/setting-up-business-in-ksa-comprehensive-guide,/blog/setting-up-business-in-ksa-comprehensive-guide,https://motaded.com.sa/setting-up-business-in-ksa-comprehensive-guide,https://motaded.com.sa/blog/setting-up-business-in-ksa-comprehensive-guide,en,/node/611
/Setting-Up-Business-In-Saudi-Arabia,/blog/Setting-Up-Business-In-Saudi-Arabia,https://motaded.com.sa/Setting-Up-Business-In-Saudi-Arabia,https://motaded.com.sa/blog/Setting-Up-Business-In-Saudi-Arabia,en,/node/507
/setting-up-company-in-saudi-arabia,/blog/setting-up-company-in-saudi-arabia,https://motaded.com.sa/setting-up-company-in-saudi-arabia,https://motaded.com.sa/blog/setting-up-company-in-saudi-arabia,en,/node/340
/setting-up-company-in-saudi-arabia-guide,/blog/setting-up-company-in-saudi-arabia-guide,https://motaded.com.sa/setting-up-company-in-saudi-arabia-guide,https://motaded.com.sa/blog/setting-up-company-in-saudi-arabia-guide,en,/node/596
/setting-up-company-in-saudi-arabia-ultimate-guide,/blog/setting-up-company-in-saudi-arabia-ultimate-guide,https://motaded.com.sa/setting-up-company-in-saudi-arabia-ultimate-guide,https://motaded.com.sa/blog/setting-up-company-in-saudi-arabia-ultimate-guide,en,/node/235
/Setting-up-license-in-Saudi-Arabia,/blog/Setting-up-license-in-Saudi-Arabia,https://motaded.com.sa/Setting-up-license-in-Saudi-Arabia,https://motaded.com.sa/blog/Setting-up-license-in-Saudi-Arabia,en,/node/229
/Setup-a-business-in-Riyadh,/blog/Setup-a-business-in-Riyadh,https://motaded.com.sa/Setup-a-business-in-Riyadh,https://motaded.com.sa/blog/Setup-a-business-in-Riyadh,en,/node/205
/setup-asole-establishment-company-in-saudi,/blog/setup-asole-establishment-company-in-saudi,https://motaded.com.sa/setup-asole-establishment-company-in-saudi,https://motaded.com.sa/blog/setup-asole-establishment-company-in-saudi,en,/node/307
/sidf-industrial-fund-financing-sovereign-guide,/blog/sidf-industrial-fund-financing-sovereign-guide,https://motaded.com.sa/sidf-industrial-fund-financing-sovereign-guide,https://motaded.com.sa/blog/sidf-industrial-fund-financing-sovereign-guide,en,/node/638
/Six-Flags-In-Saudi-Arabia,/blog/Six-Flags-In-Saudi-Arabia,https://motaded.com.sa/Six-Flags-In-Saudi-Arabia,https://motaded.com.sa/blog/Six-Flags-In-Saudi-Arabia,en,/node/208
/start-up-company-in-saudi-arabia,/blog/start-up-company-in-saudi-arabia,https://motaded.com.sa/start-up-company-in-saudi-arabia,https://motaded.com.sa/blog/start-up-company-in-saudi-arabia,en,/node/341
/start-your-branch-in-saudi-arabia,/blog/start-your-branch-in-saudi-arabia,https://motaded.com.sa/start-your-branch-in-saudi-arabia,https://motaded.com.sa/blog/start-your-branch-in-saudi-arabia,en,/node/293
/starting-a-business-in-saudi-arabia,/blog/starting-a-business-in-saudi-arabia,https://motaded.com.sa/starting-a-business-in-saudi-arabia,https://motaded.com.sa/blog/starting-a-business-in-saudi-arabia,en,/node/262
/starting-a-company-in-saudi-arabia,/blog/starting-a-company-in-saudi-arabia,https://motaded.com.sa/starting-a-company-in-saudi-arabia,https://motaded.com.sa/blog/starting-a-company-in-saudi-arabia,en,/node/330
/starting-a-company-in-saudi-arabia-guide,/blog/starting-a-company-in-saudi-arabia-guide,https://motaded.com.sa/starting-a-company-in-saudi-arabia-guide,https://motaded.com.sa/blog/starting-a-company-in-saudi-arabia-guide,en,/node/597
/Starting-commercial-in-Saudi-Arabia,/blog/Starting-commercial-in-Saudi-Arabia,https://motaded.com.sa/Starting-commercial-in-Saudi-Arabia,https://motaded.com.sa/blog/Starting-commercial-in-Saudi-Arabia,en,/node/233
/Starting-License-in-Saudi-Arabia,/blog/Starting-License-in-Saudi-Arabia,https://motaded.com.sa/Starting-License-in-Saudi-Arabia,https://motaded.com.sa/blog/Starting-License-in-Saudi-Arabia,en,/node/228
/startup-business-investment-opportunities-2026-guide,/blog/startup-business-investment-opportunities-2026-guide,https://motaded.com.sa/startup-business-investment-opportunities-2026-guide,https://motaded.com.sa/blog/startup-business-investment-opportunities-2026-guide,en,/node/624
/Steps-for-Business-Setup-in-KSA,/blog/Steps-for-Business-Setup-in-KSA,https://motaded.com.sa/Steps-for-Business-Setup-in-KSA,https://motaded.com.sa/blog/Steps-for-Business-Setup-in-KSA,en,/node/568
/Subsidiary-Companies-in-Saudi-Arabia,/blog/Subsidiary-Companies-in-Saudi-Arabia,https://motaded.com.sa/Subsidiary-Companies-in-Saudi-Arabia,https://motaded.com.sa/blog/Subsidiary-Companies-in-Saudi-Arabia,en,/node/363
/subsidiary-company-in-saudi-arabia,/blog/subsidiary-company-in-saudi-arabia,https://motaded.com.sa/subsidiary-company-in-saudi-arabia,https://motaded.com.sa/blog/subsidiary-company-in-saudi-arabia,en,/node/234
/tax-system-saudi-arabia-wht-vat-cit-guide,/blog/tax-system-saudi-arabia-wht-vat-cit-guide,https://motaded.com.sa/tax-system-saudi-arabia-wht-vat-cit-guide,https://motaded.com.sa/blog/tax-system-saudi-arabia-wht-vat-cit-guide,en,/node/607
/Taxes-in-Saudi-Arabia,/blog/Taxes-in-Saudi-Arabia,https://motaded.com.sa/Taxes-in-Saudi-Arabia,https://motaded.com.sa/blog/Taxes-in-Saudi-Arabia,en,/node/132
/The-Comprehensive-Guide-to-Saudi-Business-Center,/blog/The-Comprehensive-Guide-to-Saudi-Business-Center,https://motaded.com.sa/The-Comprehensive-Guide-to-Saudi-Business-Center,https://motaded.com.sa/blog/The-Comprehensive-Guide-to-Saudi-Business-Center,en,/node/539
/The-National-Investment-Strategy-Shaping-Saudi-Arabia's-Future,/blog/The-National-Investment-Strategy-Shaping-Saudi-Arabia's-Future,https://motaded.com.sa/The-National-Investment-Strategy-Shaping-Saudi-Arabia's-Future,https://motaded.com.sa/blog/The-National-Investment-Strategy-Shaping-Saudi-Arabia's-Future,en,/node/215
/The-Saudi-Arabian-Stadiums-Project,/blog/The-Saudi-Arabian-Stadiums-Project,https://motaded.com.sa/The-Saudi-Arabian-Stadiums-Project,https://motaded.com.sa/blog/The-Saudi-Arabian-Stadiums-Project,en,/node/202
/the-Saudi-National-Address,/blog/the-Saudi-National-Address,https://motaded.com.sa/the-Saudi-National-Address,https://motaded.com.sa/blog/the-Saudi-National-Address,en,/node/186
/tongguorenliziyuanfuwuzengqiangyuangongtiyan,/blog/tongguorenliziyuanfuwuzengqiangyuangongtiyan,https://motaded.com.sa/tongguorenliziyuanfuwuzengqiangyuangongtiyan,https://motaded.com.sa/blog/tongguorenliziyuanfuwuzengqiangyuangongtiyan,zh-hans,/node/136
/trade-license,/blog/trade-license,https://motaded.com.sa/trade-license,https://motaded.com.sa/blog/trade-license,en,/node/313
/translation-for-visa-application-saudi,/blog/translation-for-visa-application-saudi,https://motaded.com.sa/translation-for-visa-application-saudi,https://motaded.com.sa/blog/translation-for-visa-application-saudi,en,/node/645
/type-license,/blog/type-license,https://motaded.com.sa/type-license,https://motaded.com.sa/blog/type-license,en,/node/7
/types-of-companies-in-saudi-arabia,/blog/types-of-companies-in-saudi-arabia,https://motaded.com.sa/types-of-companies-in-saudi-arabia,https://motaded.com.sa/blog/types-of-companies-in-saudi-arabia,en,/node/301
/tzyz-tjrbt-almwzf-mn-khlal-khdmat-almward-albshryt,/blog/tzyz-tjrbt-almwzf-mn-khlal-khdmat-almward-albshryt,https://motaded.com.sa/tzyz-tjrbt-almwzf-mn-khlal-khdmat-almward-albshryt,https://motaded.com.sa/blog/tzyz-tjrbt-almwzf-mn-khlal-khdmat-almward-albshryt,ar,/node/136
/Unlocking-Investment-Opportunities-in-Various-Commercial-Activities-in-Saudi-Arabia,/blog/Unlocking-Investment-Opportunities-in-Various-Commercial-Activities-in-Saudi-Arabia,https://motaded.com.sa/Unlocking-Investment-Opportunities-in-Various-Commercial-Activities-in-Saudi-Arabia,https://motaded.com.sa/blog/Unlocking-Investment-Opportunities-in-Various-Commercial-Activities-in-Saudi-Arabia,en,/node/141
/value-added-tax-in-saudi-arabia,/blog/value-added-tax-in-saudi-arabia,https://motaded.com.sa/value-added-tax-in-saudi-arabia,https://motaded.com.sa/blog/value-added-tax-in-saudi-arabia,en,/node/329
/vat-license-in-saudi-arabia,/blog/vat-license-in-saudi-arabia,https://motaded.com.sa/vat-license-in-saudi-arabia,https://motaded.com.sa/blog/vat-license-in-saudi-arabia,en,/node/339
/vat-registration-in-saudi-arabia,/blog/vat-registration-in-saudi-arabia,https://motaded.com.sa/vat-registration-in-saudi-arabia,https://motaded.com.sa/blog/vat-registration-in-saudi-arabia,en,/node/334
/Visa-or-entry-permit-for-Hajj-and-Umrah,/blog/Visa-or-entry-permit-for-Hajj-and-Umrah,https://motaded.com.sa/Visa-or-entry-permit-for-Hajj-and-Umrah,https://motaded.com.sa/blog/Visa-or-entry-permit-for-Hajj-and-Umrah,en,/node/169
/visa-translation-services-saudi-arabia,/blog/visa-translation-services-saudi-arabia,https://motaded.com.sa/visa-translation-services-saudi-arabia,https://motaded.com.sa/blog/visa-translation-services-saudi-arabia,en,/node/516
/vision-2030,/blog/vision-2030,https://motaded.com.sa/vision-2030,https://motaded.com.sa/blog/vision-2030,en,/node/9
/Visiting-Investor-Visa,/blog/Visiting-Investor-Visa,https://motaded.com.sa/Visiting-Investor-Visa,https://motaded.com.sa/blog/Visiting-Investor-Visa,en,/node/176
/Wage-Protection-System-in-saudi-arabia,/blog/Wage-Protection-System-in-saudi-arabia,https://motaded.com.sa/Wage-Protection-System-in-saudi-arabia,https://motaded.com.sa/blog/Wage-Protection-System-in-saudi-arabia,en,/node/555
/Waste-Management-and-Treatment-License-in-Saudi-Arabia,/blog/Waste-Management-and-Treatment-License-in-Saudi-Arabia,https://motaded.com.sa/Waste-Management-and-Treatment-License-in-Saudi-Arabia,https://motaded.com.sa/blog/Waste-Management-and-Treatment-License-in-Saudi-Arabia,en,/node/155
/what-neom,/blog/what-neom,https://motaded.com.sa/what-neom,https://motaded.com.sa/blog/what-neom,zh-hans,/node/8
/Wholesale-And-Retail-Trade-in-Saudi-Arabia,/blog/Wholesale-And-Retail-Trade-in-Saudi-Arabia,https://motaded.com.sa/Wholesale-And-Retail-Trade-in-Saudi-Arabia,https://motaded.com.sa/blog/Wholesale-And-Retail-Trade-in-Saudi-Arabia,en,/node/144
/why-invest-saudi-arabia-concise-guide-foreign-investors,/blog/why-invest-saudi-arabia-concise-guide-foreign-investors,https://motaded.com.sa/why-invest-saudi-arabia-concise-guide-foreign-investors,https://motaded.com.sa/blog/why-invest-saudi-arabia-concise-guide-foreign-investors,en,/node/110
/Work-Permit-Classification-by-Skill-Categories-in-Saudi-Arabia,/blog/Work-Permit-Classification-by-Skill-Categories-in-Saudi-Arabia,https://motaded.com.sa/Work-Permit-Classification-by-Skill-Categories-in-Saudi-Arabia,https://motaded.com.sa/blog/Work-Permit-Classification-by-Skill-Categories-in-Saudi-Arabia,en,/node/346
/work-permit-classification-saudi-arabia,/blog/work-permit-classification-saudi-arabia,https://motaded.com.sa/work-permit-classification-saudi-arabia,https://motaded.com.sa/blog/work-permit-classification-saudi-arabia,en,/node/656
/Working-hours-in-Ramadan-in-Saudi-Arabia,/blog/Working-hours-in-Ramadan-in-Saudi-Arabia,https://motaded.com.sa/Working-hours-in-Ramadan-in-Saudi-Arabia,https://motaded.com.sa/blog/Working-hours-in-Ramadan-in-Saudi-Arabia,en,/node/216
/zakat-and-tax-in-saudi-arabia,/blog/zakat-and-tax-in-saudi-arabia,https://motaded.com.sa/zakat-and-tax-in-saudi-arabia,https://motaded.com.sa/blog/zakat-and-tax-in-saudi-arabia,en,/node/332
/Zakat-Tax-and-Customs-Authority,/blog/Zakat-Tax-and-Customs-Authority,https://motaded.com.sa/Zakat-Tax-and-Customs-Authority,https://motaded.com.sa/blog/Zakat-Tax-and-Customs-Authority,en,/node/179
/ZATCA,/blog/ZATCA,https://motaded.com.sa/ZATCA,https://motaded.com.sa/blog/ZATCA,en,/node/551
/إزالة-ملاحظة-حماية-الأجور,/blog/إزالة-ملاحظة-حماية-الأجور,https://motaded.com.sa/إزالة-ملاحظة-حماية-الأجور,https://motaded.com.sa/blog/إزالة-ملاحظة-حماية-الأجور,ar,/node/501
/إعداد-مشروع-تجاري-في-السعودية,/blog/إعداد-مشروع-تجاري-في-السعودية,https://motaded.com.sa/إعداد-مشروع-تجاري-في-السعودية,https://motaded.com.sa/blog/إعداد-مشروع-تجاري-في-السعودية,ar,/node/241
/إنشاء-شركة-في-السعودية,/blog/إنشاء-شركة-في-السعودية,https://motaded.com.sa/إنشاء-شركة-في-السعودية,https://motaded.com.sa/blog/إنشاء-شركة-في-السعودية,ar,/node/242
/الاتجاهات-المستقبلية-في-ممارسات-المسؤولية-المؤسسية,/blog/الاتجاهات-المستقبلية-في-ممارسات-المسؤولية-المؤسسية,https://motaded.com.sa/الاتجاهات-المستقبلية-في-ممارسات-المسؤولية-المؤسسية,https://motaded.com.sa/blog/الاتجاهات-المستقبلية-في-ممارسات-المسؤولية-المؤسسية,ar,/node/530
/التراخيص-والمدن-الصناعية-في-السعودية-إلغاء-المقابل-المالي-متعدد,/blog/التراخيص-والمدن-الصناعية-في-السعودية-إلغاء-المقابل-المالي-متعدد,https://motaded.com.sa/التراخيص-والمدن-الصناعية-في-السعودية-إلغاء-المقابل-المالي-متعدد,https://motaded.com.sa/blog/التراخيص-والمدن-الصناعية-في-السعودية-إلغاء-المقابل-المالي-متعدد,ar,/node/635
/الحصول-على-ترخيص-بدء-العمل-في-السعودية,/blog/الحصول-على-ترخيص-بدء-العمل-في-السعودية,https://motaded.com.sa/الحصول-على-ترخيص-بدء-العمل-في-السعودية,https://motaded.com.sa/blog/الحصول-على-ترخيص-بدء-العمل-في-السعودية,ar,/node/226
/الدليل-الشامل-للمركز-السعودي-للأعمال,/blog/الدليل-الشامل-للمركز-السعودي-للأعمال,https://motaded.com.sa/الدليل-الشامل-للمركز-السعودي-للأعمال,https://motaded.com.sa/blog/الدليل-الشامل-للمركز-السعودي-للأعمال,ar,/node/539
/الدليل-الموسوعي-الشامل-لتراخيص-الشركات-في-السعودية,/blog/الدليل-الموسوعي-الشامل-لتراخيص-الشركات-في-السعودية,https://motaded.com.sa/الدليل-الموسوعي-الشامل-لتراخيص-الشركات-في-السعودية,https://motaded.com.sa/blog/الدليل-الموسوعي-الشامل-لتراخيص-الشركات-في-السعودية,ar,/node/640
/الدليل-الموسوعي-لتراخيص-الأعمال-السيادة-الاستثمارية,/blog/الدليل-الموسوعي-لتراخيص-الأعمال-السيادة-الاستثمارية,https://motaded.com.sa/الدليل-الموسوعي-لتراخيص-الأعمال-السيادة-الاستثمارية,https://motaded.com.sa/blog/الدليل-الموسوعي-لتراخيص-الأعمال-السيادة-الاستثمارية,ar,/node/7
/الضرائب-في-السعودية-سيادة-الامتثال-والزكاة,/blog/الضرائب-في-السعودية-سيادة-الامتثال-والزكاة,https://motaded.com.sa/الضرائب-في-السعودية-سيادة-الامتثال-والزكاة,https://motaded.com.sa/blog/الضرائب-في-السعودية-سيادة-الامتثال-والزكاة,ar,/node/132
/العنوان-الوطني-السعودي-سيادة-المكان-والتطور-اللوجستي,/blog/العنوان-الوطني-السعودي-سيادة-المكان-والتطور-اللوجستي,https://motaded.com.sa/العنوان-الوطني-السعودي-سيادة-المكان-والتطور-اللوجستي,https://motaded.com.sa/blog/العنوان-الوطني-السعودي-سيادة-المكان-والتطور-اللوجستي,ar,/node/186
/بدء-النشاط-التجاري-في-السعودية,/blog/بدء-النشاط-التجاري-في-السعودية,https://motaded.com.sa/بدء-النشاط-التجاري-في-السعودية,https://motaded.com.sa/blog/بدء-النشاط-التجاري-في-السعودية,ar,/node/224
/برنامج-الاعتماد-المهني,/blog/برنامج-الاعتماد-المهني,https://motaded.com.sa/برنامج-الاعتماد-المهني,https://motaded.com.sa/blog/برنامج-الاعتماد-المهني,ar,/node/402
/بنك-التصدير-والاستيراد-السعودي,/blog/بنك-التصدير-والاستيراد-السعودي,https://motaded.com.sa/بنك-التصدير-والاستيراد-السعودي,https://motaded.com.sa/blog/بنك-التصدير-والاستيراد-السعودي,ar,/node/499
/تأسيس-الشركات-في-السعودية,/blog/تأسيس-الشركات-في-السعودية,https://motaded.com.sa/تأسيس-الشركات-في-السعودية,https://motaded.com.sa/blog/تأسيس-الشركات-في-السعودية,ar,/node/543
/تأسيس-شركة-فى-السعودية,/blog/تأسيس-شركة-فى-السعودية,https://motaded.com.sa/تأسيس-شركة-فى-السعودية,https://motaded.com.sa/blog/تأسيس-شركة-فى-السعودية,ar,/node/249
/تأسيس-فرع-شركة-أجنبية-في-السعودية-2026-دليل-سيادي,/blog/تأسيس-فرع-شركة-أجنبية-في-السعودية-2026-دليل-سيادي,https://motaded.com.sa/تأسيس-فرع-شركة-أجنبية-في-السعودية-2026-دليل-سيادي,https://motaded.com.sa/blog/تأسيس-فرع-شركة-أجنبية-في-السعودية-2026-دليل-سيادي,ar,/node/643
/تأسيس-فرع-شركة-أجنبية-في-السعودية-دليل-السيادة-الإجرائية,/blog/تأسيس-فرع-شركة-أجنبية-في-السعودية-دليل-السيادة-الإجرائية,https://motaded.com.sa/تأسيس-فرع-شركة-أجنبية-في-السعودية-دليل-السيادة-الإجرائية,https://motaded.com.sa/blog/تأسيس-فرع-شركة-أجنبية-في-السعودية-دليل-السيادة-الإجرائية,ar,/node/267
/تراخيص-الاستثمار,/blog/تراخيص-الاستثمار,https://motaded.com.sa/تراخيص-الاستثمار,https://motaded.com.sa/blog/تراخيص-الاستثمار,ar,/node/524
/تسجيل-الأعمال-في-السعودية-تأسيس-وبدء-الشركات,/blog/تسجيل-الأعمال-في-السعودية-تأسيس-وبدء-الشركات,https://motaded.com.sa/تسجيل-الأعمال-في-السعودية-تأسيس-وبدء-الشركات,https://motaded.com.sa/blog/تسجيل-الأعمال-في-السعودية-تأسيس-وبدء-الشركات,ar,/node/283
/تكاليف-الإقامة-ورخص-العمل-في-السعودية-سيادة-الامتثال-والتطور-الإجرائي,/blog/تكاليف-الإقامة-ورخص-العمل-في-السعودية-سيادة-الامتثال-والتطور-الإجرائي,https://motaded.com.sa/تكاليف-الإقامة-ورخص-العمل-في-السعودية-سيادة-الامتثال-والتطور-الإجرائي,https://motaded.com.sa/blog/تكاليف-الإقامة-ورخص-العمل-في-السعودية-سيادة-الامتثال-والتطور-الإجرائي,ar,/node/196
/توريد-القوى-العاملة,/blog/توريد-القوى-العاملة,https://motaded.com.sa/توريد-القوى-العاملة,https://motaded.com.sa/blog/توريد-القوى-العاملة,ar,/node/521
/خدمات-تأسيس-الشركات-في-السعودية,/blog/خدمات-تأسيس-الشركات-في-السعودية,https://motaded.com.sa/خدمات-تأسيس-الشركات-في-السعودية,https://motaded.com.sa/blog/خدمات-تأسيس-الشركات-في-السعودية,ar,/node/225
/دليل-اختيار-مستشار-الاستثمار-في-السعودية,/blog/دليل-اختيار-مستشار-الاستثمار-في-السعودية,https://motaded.com.sa/دليل-اختيار-مستشار-الاستثمار-في-السعودية,https://motaded.com.sa/blog/دليل-اختيار-مستشار-الاستثمار-في-السعودية,ar,/node/644
/دليل-المدن-الصناعية-بالرياض-2026-افتح-شركتك-في-الرياض-متعدد,/blog/دليل-المدن-الصناعية-بالرياض-2026-افتح-شركتك-في-الرياض-متعدد,https://motaded.com.sa/دليل-المدن-الصناعية-بالرياض-2026-افتح-شركتك-في-الرياض-متعدد,https://motaded.com.sa/blog/دليل-المدن-الصناعية-بالرياض-2026-افتح-شركتك-في-الرياض-متعدد,ar,/node/639
/دليل-المستثمر-الشامل-حول-منطقة-الرياض-المتكاملة-اللوجستية-الخاصة,/blog/دليل-المستثمر-الشامل-حول-منطقة-الرياض-المتكاملة-اللوجستية-الخاصة,https://motaded.com.sa/دليل-المستثمر-الشامل-حول-منطقة-الرياض-المتكاملة-اللوجستية-الخاصة,https://motaded.com.sa/blog/دليل-المستثمر-الشامل-حول-منطقة-الرياض-المتكاملة-اللوجستية-الخاصة,ar,/node/534
/دليل-الموارد-البشرية-في-السعودية-السيادة-الإجرائية-2026,/blog/دليل-الموارد-البشرية-في-السعودية-السيادة-الإجرائية-2026,https://motaded.com.sa/دليل-الموارد-البشرية-في-السعودية-السيادة-الإجرائية-2026,https://motaded.com.sa/blog/دليل-الموارد-البشرية-في-السعودية-السيادة-الإجرائية-2026,ar,/node/127
/دليل-تأسيس-الأعمال-في-السعودية,/blog/دليل-تأسيس-الأعمال-في-السعودية,https://motaded.com.sa/دليل-تأسيس-الأعمال-في-السعودية,https://motaded.com.sa/blog/دليل-تأسيس-الأعمال-في-السعودية,ar,/node/642
/دليل-تجديد-ترخيص-وزارة-الاستثمار,/blog/دليل-تجديد-ترخيص-وزارة-الاستثمار,https://motaded.com.sa/دليل-تجديد-ترخيص-وزارة-الاستثمار,https://motaded.com.sa/blog/دليل-تجديد-ترخيص-وزارة-الاستثمار,ar,/node/540
/دليل-تمويل-SIDF-الصناعي-القروض-والاشتراطات-متعدد,/blog/دليل-تمويل-SIDF-الصناعي-القروض-والاشتراطات-متعدد,https://motaded.com.sa/دليل-تمويل-SIDF-الصناعي-القروض-والاشتراطات-متعدد,https://motaded.com.sa/blog/دليل-تمويل-SIDF-الصناعي-القروض-والاشتراطات-متعدد,ar,/node/638
/دليل-مدن-الصناعي-الشامل-التراخيص-والتمويل-متعدد,/blog/دليل-مدن-الصناعي-الشامل-التراخيص-والتمويل-متعدد,https://motaded.com.sa/دليل-مدن-الصناعي-الشامل-التراخيص-والتمويل-متعدد,https://motaded.com.sa/blog/دليل-مدن-الصناعي-الشامل-التراخيص-والتمويل-متعدد,ar,/node/636
/دليل-منصة-صناعي-الشامل-التراخيص-والإعفاءات-متعدد,/blog/دليل-منصة-صناعي-الشامل-التراخيص-والإعفاءات-متعدد,https://motaded.com.sa/دليل-منصة-صناعي-الشامل-التراخيص-والإعفاءات-متعدد,https://motaded.com.sa/blog/دليل-منصة-صناعي-الشامل-التراخيص-والإعفاءات-متعدد,ar,/node/637
/رأس-الخير-الاقتصادية-الخاصة-سيادة-الاستثمار-البحري,/blog/رأس-الخير-الاقتصادية-الخاصة-سيادة-الاستثمار-البحري,https://motaded.com.sa/رأس-الخير-الاقتصادية-الخاصة-سيادة-الاستثمار-البحري,https://motaded.com.sa/blog/رأس-الخير-الاقتصادية-الخاصة-سيادة-الاستثمار-البحري,ar,/node/191
/رؤية-السعودية-2030,/blog/رؤية-السعودية-2030,https://motaded.com.sa/رؤية-السعودية-2030,https://motaded.com.sa/blog/رؤية-السعودية-2030,ar,/node/9
/رخصة-استثمار-وزارة-الاستثمار-السعودية-السيادة-الاستثمارية,/blog/رخصة-استثمار-وزارة-الاستثمار-السعودية-السيادة-الاستثمارية,https://motaded.com.sa/رخصة-استثمار-وزارة-الاستثمار-السعودية-السيادة-الاستثمارية,https://motaded.com.sa/blog/رخصة-استثمار-وزارة-الاستثمار-السعودية-السيادة-الاستثمارية,ar,/node/306
/شهادة-السعودة-ونطاقات,/blog/شهادة-السعودة-ونطاقات,https://motaded.com.sa/شهادة-السعودة-ونطاقات,https://motaded.com.sa/blog/شهادة-السعودة-ونطاقات,ar,/node/135
/عمليات-الأعمال-في-المملكة-العربية-السعودية,/blog/عمليات-الأعمال-في-المملكة-العربية-السعودية,https://motaded.com.sa/عمليات-الأعمال-في-المملكة-العربية-السعودية,https://motaded.com.sa/blog/عمليات-الأعمال-في-المملكة-العربية-السعودية,ar,/node/544
/فتح-شركة-في-المملكة-العربية-السعودية,/blog/فتح-شركة-في-المملكة-العربية-السعودية,https://motaded.com.sa/فتح-شركة-في-المملكة-العربية-السعودية,https://motaded.com.sa/blog/فتح-شركة-في-المملكة-العربية-السعودية,ar,/node/523
/فرص-الاستثمار-في-المملكة-العربية-السعودية,/blog/فرص-الاستثمار-في-المملكة-العربية-السعودية,https://motaded.com.sa/فرص-الاستثمار-في-المملكة-العربية-السعودية,https://motaded.com.sa/blog/فرص-الاستثمار-في-المملكة-العربية-السعودية,ar,/node/137
/كيفية-التقدم-بطلب-للحصول-على-الإقامة-السعودية,/blog/كيفية-التقدم-بطلب-للحصول-على-الإقامة-السعودية,https://motaded.com.sa/كيفية-التقدم-بطلب-للحصول-على-الإقامة-السعودية,https://motaded.com.sa/blog/كيفية-التقدم-بطلب-للحصول-على-الإقامة-السعودية,ar,/node/537
/مدينة-الملك-عبدالله-الاقتصادية-سيادة-الاستثمار-والتطور-اللوجستي,/blog/مدينة-الملك-عبدالله-الاقتصادية-سيادة-الاستثمار-والتطور-اللوجستي,https://motaded.com.sa/مدينة-الملك-عبدالله-الاقتصادية-سيادة-الاستثمار-والتطور-اللوجستي,https://motaded.com.sa/blog/مدينة-الملك-عبدالله-الاقتصادية-سيادة-الاستثمار-والتطور-اللوجستي,ar,/node/192
/مزايا-فرع-لشركة-أجنبية-في-المملكة-العربية-السعودية,/blog/مزايا-فرع-لشركة-أجنبية-في-المملكة-العربية-السعودية,https://motaded.com.sa/مزايا-فرع-لشركة-أجنبية-في-المملكة-العربية-السعودية,https://motaded.com.sa/blog/مزايا-فرع-لشركة-أجنبية-في-المملكة-العربية-السعودية,ar,/node/529
/مستشارو-تأسيس-الأعمال-في-السعودية-دعم-الاستثمار-السيادي,/blog/مستشارو-تأسيس-الأعمال-في-السعودية-دعم-الاستثمار-السيادي,https://motaded.com.sa/مستشارو-تأسيس-الأعمال-في-السعودية-دعم-الاستثمار-السيادي,https://motaded.com.sa/blog/مستشارو-تأسيس-الأعمال-في-السعودية-دعم-الاستثمار-السيادي,ar,/node/646
/معنى-صندوق-الاستثمارات-العامة-استراتيجيته-وتأثيره-العالمي,/blog/معنى-صندوق-الاستثمارات-العامة-استراتيجيته-وتأثيره-العالمي,https://motaded.com.sa/معنى-صندوق-الاستثمارات-العامة-استراتيجيته-وتأثيره-العالمي,https://motaded.com.sa/blog/معنى-صندوق-الاستثمارات-العامة-استراتيجيته-وتأثيره-العالمي,ar,/node/538
/نشاط-المقاولات-والإنشاءات-في-السعودية-سيادة-الاستثمار,/blog/نشاط-المقاولات-والإنشاءات-في-السعودية-سيادة-الاستثمار,https://motaded.com.sa/نشاط-المقاولات-والإنشاءات-في-السعودية-سيادة-الاستثمار,https://motaded.com.sa/blog/نشاط-المقاولات-والإنشاءات-في-السعودية-سيادة-الاستثمار,ar,/node/156
/وزارة-الاستثمار-في-المملكة-العربية-السعودية,/blog/وزارة-الاستثمار-في-المملكة-العربية-السعودية,https://motaded.com.sa/وزارة-الاستثمار-في-المملكة-العربية-السعودية,https://motaded.com.sa/blog/وزارة-الاستثمار-في-المملكة-العربية-السعودية,ar,/node/526
/优化人力资源供应以驱动业务增长,/blog/优化人力资源供应以驱动业务增长,https://motaded.com.sa/优化人力资源供应以驱动业务增长,https://motaded.com.sa/blog/优化人力资源供应以驱动业务增长,zh-hans,/node/521
/利雅得一体化特设物流区-RISLZ-投资者全方位指南,/blog/利雅得一体化特设物流区-RISLZ-投资者全方位指南,https://motaded.com.sa/利雅得一体化特设物流区-RISLZ-投资者全方位指南,https://motaded.com.sa/blog/利雅得一体化特设物流区-RISLZ-投资者全方位指南,zh-hans,/node/534
/在沙特阿拉伯开设公司,/blog/在沙特阿拉伯开设公司,https://motaded.com.sa/在沙特阿拉伯开设公司,https://motaded.com.sa/blog/在沙特阿拉伯开设公司,zh-hans,/node/523
/在沙特阿拉伯设立外国公司分公司的优势,/blog/在沙特阿拉伯设立外国公司分公司的优势,https://motaded.com.sa/在沙特阿拉伯设立外国公司分公司的优势,https://motaded.com.sa/blog/在沙特阿拉伯设立外国公司分公司的优势,zh-hans,/node/529
/如何申请沙特居留权,/blog/如何申请沙特居留权,https://motaded.com.sa/如何申请沙特居留权,https://motaded.com.sa/blog/如何申请沙特居留权,zh-hans,/node/537
/投资许可证,/blog/投资许可证,https://motaded.com.sa/投资许可证,https://motaded.com.sa/blog/投资许可证,zh-hans,/node/524
/沙特出口进出口银行,/blog/沙特出口进出口银行,https://motaded.com.sa/沙特出口进出口银行,https://motaded.com.sa/blog/沙特出口进出口银行,zh-hans,/node/499
/沙特化和-Nitaqat-证书,/blog/沙特化和-Nitaqat-证书,https://motaded.com.sa/沙特化和-Nitaqat-证书,https://motaded.com.sa/blog/沙特化和-Nitaqat-证书,zh-hans,/node/135
/沙特阿拉伯MISA业务许可2026,/blog/沙特阿拉伯MISA业务许可2026,https://motaded.com.sa/沙特阿拉伯MISA业务许可2026,https://motaded.com.sa/blog/沙特阿拉伯MISA业务许可2026,zh-hans,/node/306
/沙特阿拉伯建筑活动投资主权与承包,/blog/沙特阿拉伯建筑活动投资主权与承包,https://motaded.com.sa/沙特阿拉伯建筑活动投资主权与承包,https://motaded.com.sa/blog/沙特阿拉伯建筑活动投资主权与承包,zh-hans,/node/156
/沙特阿拉伯投资部,/blog/沙特阿拉伯投资部,https://motaded.com.sa/沙特阿拉伯投资部,https://motaded.com.sa/blog/沙特阿拉伯投资部,zh-hans,/node/526
/沙特阿拉伯的投资机会,/blog/沙特阿拉伯的投资机会,https://motaded.com.sa/沙特阿拉伯的投资机会,https://motaded.com.sa/blog/沙特阿拉伯的投资机会,zh-hans,/node/137
/Increases-Saudization-in-Engineering-and-Procurement,/news/Increases-Saudization-in-Engineering-and-Procurement,https://motaded.com.sa/Increases-Saudization-in-Engineering-and-Procurement,https://motaded.com.sa/news/Increases-Saudization-in-Engineering-and-Procurement,en,/node/566
/Landmark-Strategic-Alliance-Motaded-Ltd,/news/Landmark-Strategic-Alliance-Motaded-Ltd,https://motaded.com.sa/Landmark-Strategic-Alliance-Motaded-Ltd,https://motaded.com.sa/news/Landmark-Strategic-Alliance-Motaded-Ltd,en,/node/531
/Mandatory-Electronic-Transfer-of-Domestic-Workers-Salaries-in-Saudi-Arabia,/news/Mandatory-Electronic-Transfer-of-Domestic-Workers-Salaries-in-Saudi-Arabia,https://motaded.com.sa/Mandatory-Electronic-Transfer-of-Domestic-Workers-Salaries-in-Saudi-Arabia,https://motaded.com.sa/news/Mandatory-Electronic-Transfer-of-Domestic-Workers-Salaries-in-Saudi-Arabia,en,/node/567
/Motaded-announced-its-official-enrollment-in-the-Miza,/news/Motaded-announced-its-official-enrollment-in-the-Miza,https://motaded.com.sa/Motaded-announced-its-official-enrollment-in-the-Miza,https://motaded.com.sa/news/Motaded-announced-its-official-enrollment-in-the-Miza,en,/node/532
/Motaded-Ltd-Unveils-Its-Comprehensive-Digital-Portal-A-Strategic-Pillar-for-Transparency-and-Digital-Leadership-in-the-Saudi-Market,/news/Motaded-Ltd-Unveils-Its-Comprehensive-Digital-Portal-A-Strategic-Pillar-for-Transparency-and-Digital-Leadership-in-the-Saudi-Market,https://motaded.com.sa/Motaded-Ltd-Unveils-Its-Comprehensive-Digital-Portal-A-Strategic-Pillar-for-Transparency-and-Digital-Leadership-in-the-Saudi-Market,https://motaded.com.sa/news/Motaded-Ltd-Unveils-Its-Comprehensive-Digital-Portal-A-Strategic-Pillar-for-Transparency-and-Digital-Leadership-in-the-Saudi-Market,en,/node/528
/Reveals-Motaded-Digital-Platform-Project,/news/Reveals-Motaded-Digital-Platform-Project,https://motaded.com.sa/Reveals-Motaded-Digital-Platform-Project,https://motaded.com.sa/news/Reveals-Motaded-Digital-Platform-Project,en,/node/533
/انضمام-شركة-متعدد-المحدودة-لمنصة-ميزا,/news/انضمام-شركة-متعدد-المحدودة-لمنصة-ميزا,https://motaded.com.sa/انضمام-شركة-متعدد-المحدودة-لمنصة-ميزا,https://motaded.com.sa/news/انضمام-شركة-متعدد-المحدودة-لمنصة-ميزا,ar,/node/532
/شراكة-متعدد-المحدودة-وشركة-سلو-شان-المحدودة-في-قطاع-التعدين,/news/شراكة-متعدد-المحدودة-وشركة-سلو-شان-المحدودة-في-قطاع-التعدين,https://motaded.com.sa/شراكة-متعدد-المحدودة-وشركة-سلو-شان-المحدودة-في-قطاع-التعدين,https://motaded.com.sa/news/شراكة-متعدد-المحدودة-وشركة-سلو-شان-المحدودة-في-قطاع-التعدين,ar,/node/531
/متعدد-المحدودة-تعزز-مكانتها-الاستثمارية-بانضمامها-الرسمي-لمنصة-ميزا-التابعة-لوزارة-الاستثمار-السعودية,/news/متعدد-المحدودة-تعزز-مكانتها-الاستثمارية-بانضمامها-الرسمي-لمنصة-ميزا-التابعة-لوزارة-الاستثمار-السعودية,https://motaded.com.sa/متعدد-المحدودة-تعزز-مكانتها-الاستثمارية-بانضمامها-الرسمي-لمنصة-ميزا-التابعة-لوزارة-الاستثمار-السعودية,https://motaded.com.sa/news/متعدد-المحدودة-تعزز-مكانتها-الاستثمارية-بانضمامها-الرسمي-لمنصة-ميزا-التابعة-لوزارة-الاستثمار-السعودية,ar,/node/528
/مشروع-منصة-متعدد-الرقمية,/news/مشروع-منصة-متعدد-الرقمية,https://motaded.com.sa/مشروع-منصة-متعدد-الرقمية,https://motaded.com.sa/news/مشروع-منصة-متعدد-الرقمية,ar,/node/533
/about-us,/services/about-us,https://motaded.com.sa/about-us,https://motaded.com.sa/services/about-us,zh-hans,/node/103
/accounting-catch-services-saudi-arabia,/services/accounting-catch-services-saudi-arabia,https://motaded.com.sa/accounting-catch-services-saudi-arabia,https://motaded.com.sa/services/accounting-catch-services-saudi-arabia,en,/node/463
/accounts-review-services-saudi-arabia,/services/accounts-review-services-saudi-arabia,https://motaded.com.sa/accounts-review-services-saudi-arabia,https://motaded.com.sa/services/accounts-review-services-saudi-arabia,en,/node/464
/adding-importer-number-new-port,/services/adding-importer-number-new-port,https://motaded.com.sa/adding-importer-number-new-port,https://motaded.com.sa/services/adding-importer-number-new-port,en,/node/480
/amending-entity-type-articles-association-and-company-type,/services/amending-entity-type-articles-association-and-company-type,https://motaded.com.sa/amending-entity-type-articles-association-and-company-type,https://motaded.com.sa/services/amending-entity-type-articles-association-and-company-type,en,/node/456
/amending-misa-investment-license,/services/amending-misa-investment-license,https://motaded.com.sa/amending-misa-investment-license,https://motaded.com.sa/services/amending-misa-investment-license,en,/node/542
/approval-work-organization-bylaws,/services/approval-work-organization-bylaws,https://motaded.com.sa/approval-work-organization-bylaws,https://motaded.com.sa/services/approval-work-organization-bylaws,en,/node/485
/Articles-of-Association,/services/Articles-of-Association,https://motaded.com.sa/Articles-of-Association,https://motaded.com.sa/services/Articles-of-Association,en,/node/412
/bank-account-in-saudi-arabia,/services/bank-account-in-saudi-arabia,https://motaded.com.sa/bank-account-in-saudi-arabia,https://motaded.com.sa/services/bank-account-in-saudi-arabia,en,/node/187
/Branch-business-in-Saudi-Arabia,/services/Branch-business-in-Saudi-Arabia,https://motaded.com.sa/Branch-business-in-Saudi-Arabia,https://motaded.com.sa/services/Branch-business-in-Saudi-Arabia,en,/node/180
/branch-license-in-saudi-arabia,/services/branch-license-in-saudi-arabia,https://motaded.com.sa/branch-license-in-saudi-arabia,https://motaded.com.sa/services/branch-license-in-saudi-arabia,en,/node/183
/business-incubators,/services/business-incubators,https://motaded.com.sa/business-incubators,https://motaded.com.sa/services/business-incubators,zh-hans,/node/92
/career,/services/career,https://motaded.com.sa/career,https://motaded.com.sa/services/career,zh-hans,/node/106
/Chamber-of-Commerce,/services/Chamber-of-Commerce,https://motaded.com.sa/Chamber-of-Commerce,https://motaded.com.sa/services/Chamber-of-Commerce,en,/node/414
/changing-occupations-qiwa,/services/changing-occupations-qiwa,https://motaded.com.sa/changing-occupations-qiwa,https://motaded.com.sa/services/changing-occupations-qiwa,en,/node/490
/Commercial-Name-Reservation,/services/Commercial-Name-Reservation,https://motaded.com.sa/Commercial-Name-Reservation,https://motaded.com.sa/services/Commercial-Name-Reservation,en,/node/410
/company-formation-in-saudi-arabia,/services/company-formation-in-saudi-arabia,https://motaded.com.sa/company-formation-in-saudi-arabia,https://motaded.com.sa/services/company-formation-in-saudi-arabia,en,/node/182
/conference-halls,/services/conference-halls,https://motaded.com.sa/conference-halls,https://motaded.com.sa/services/conference-halls,en,/node/495
/consultation-services,/services/consultation-services,https://motaded.com.sa/consultation-services,https://motaded.com.sa/services/consultation-services,zh-hans,/node/99
/corporate-bank-account-opening,/services/corporate-bank-account-opening,https://motaded.com.sa/corporate-bank-account-opening,https://motaded.com.sa/services/corporate-bank-account-opening,en,/node/433
/corporate-tax,/services/corporate-tax,https://motaded.com.sa/corporate-tax,https://motaded.com.sa/services/corporate-tax,en,/node/472
/coworking-spaces,/services/coworking-spaces,https://motaded.com.sa/coworking-spaces,https://motaded.com.sa/services/coworking-spaces,zh-hans,/node/91
/documenting-employee-contracts,/services/documenting-employee-contracts,https://motaded.com.sa/documenting-employee-contracts,https://motaded.com.sa/services/documenting-employee-contracts,en,/node/482
/electronic-registration-importers-and-exporters,/services/electronic-registration-importers-and-exporters,https://motaded.com.sa/electronic-registration-importers-and-exporters,https://motaded.com.sa/services/electronic-registration-importers-and-exporters,en,/node/478
/employee-transfer-service,/services/employee-transfer-service,https://motaded.com.sa/employee-transfer-service,https://motaded.com.sa/services/employee-transfer-service,en,/node/498
/exit-re-entry-final-exit-visa,/services/exit-re-entry-final-exit-visa,https://motaded.com.sa/exit-re-entry-final-exit-visa,https://motaded.com.sa/services/exit-re-entry-final-exit-visa,en,/node/479
/external-audit,/services/external-audit,https://motaded.com.sa/external-audit,https://motaded.com.sa/services/external-audit,en,/node/474
/free-zones-ksa,/services/free-zones-ksa,https://motaded.com.sa/free-zones-ksa,https://motaded.com.sa/services/free-zones-ksa,zh-hans,/node/65
/General-Manager-or-Investor-Visa-Issuance,/services/General-Manager-or-Investor-Visa-Issuance,https://motaded.com.sa/General-Manager-or-Investor-Visa-Issuance,https://motaded.com.sa/services/General-Manager-or-Investor-Visa-Issuance,en,/node/418
/home,/services/home,https://motaded.com.sa/home,https://motaded.com.sa/services/home,en,/node/5
/instalment-arrangement-gosi-debts,/services/instalment-arrangement-gosi-debts,https://motaded.com.sa/instalment-arrangement-gosi-debts,https://motaded.com.sa/services/instalment-arrangement-gosi-debts,en,/node/458
/internal-audit,/services/internal-audit,https://motaded.com.sa/internal-audit,https://motaded.com.sa/services/internal-audit,en,/node/475
/inventory-stock-audit,/services/inventory-stock-audit,https://motaded.com.sa/inventory-stock-audit,https://motaded.com.sa/services/inventory-stock-audit,en,/node/476
/investment-license-in-saudi-arabia,/services/investment-license-in-saudi-arabia,https://motaded.com.sa/investment-license-in-saudi-arabia,https://motaded.com.sa/services/investment-license-in-saudi-arabia,en,/node/184
/investment-opportunities,/services/investment-opportunities,https://motaded.com.sa/investment-opportunities,https://motaded.com.sa/services/investment-opportunities,zh-hans,/node/118
/issuance-gosi-certificate,/services/issuance-gosi-certificate,https://motaded.com.sa/issuance-gosi-certificate,https://motaded.com.sa/services/issuance-gosi-certificate,en,/node/462
/issuance-saudization-certificate,/services/issuance-saudization-certificate,https://motaded.com.sa/issuance-saudization-certificate,https://motaded.com.sa/services/issuance-saudization-certificate,en,/node/460
/issuing-and-renewing-residency-iqama,/services/issuing-and-renewing-residency-iqama,https://motaded.com.sa/issuing-and-renewing-residency-iqama,https://motaded.com.sa/services/issuing-and-renewing-residency-iqama,en,/node/477
/issuing-compliance-and-violation-reports,/services/issuing-compliance-and-violation-reports,https://motaded.com.sa/issuing-compliance-and-violation-reports,https://motaded.com.sa/services/issuing-compliance-and-violation-reports,en,/node/488
/issuing-instant-work-visas,/services/issuing-instant-work-visas,https://motaded.com.sa/issuing-instant-work-visas,https://motaded.com.sa/services/issuing-instant-work-visas,en,/node/487
/issuing-or-renewing-work-permit,/services/issuing-or-renewing-work-permit,https://motaded.com.sa/issuing-or-renewing-work-permit,https://motaded.com.sa/services/issuing-or-renewing-work-permit,en,/node/446
/issuing-residence-permit-general-manager-or-issuing-residence-permit-foreign-investor,/services/issuing-residence-permit-general-manager-or-issuing-residence-permit-foreign-investor,https://motaded.com.sa/issuing-residence-permit-general-manager-or-issuing-residence-permit-foreign-investor,https://motaded.com.sa/services/issuing-residence-permit-general-manager-or-issuing-residence-permit-foreign-investor,en,/node/431
/Jazan's-Special-Economic-Zone,/services/Jazan's-Special-Economic-Zone,https://motaded.com.sa/Jazan's-Special-Economic-Zone,https://motaded.com.sa/services/Jazan's-Special-Economic-Zone,en,/node/194
/King-Abdullah-Economic-City-KAEC,/services/King-Abdullah-Economic-City-KAEC,https://motaded.com.sa/King-Abdullah-Economic-City-KAEC,https://motaded.com.sa/services/King-Abdullah-Economic-City-KAEC,en,/node/193
/legal-policy,/services/legal-policy,https://motaded.com.sa/legal-policy,https://motaded.com.sa/services/legal-policy,zh-hans,/node/111
/linking-bank-account-mudad-platform,/services/linking-bank-account-mudad-platform,https://motaded.com.sa/linking-bank-account-mudad-platform,https://motaded.com.sa/services/linking-bank-account-mudad-platform,en,/node/491
/meeting-rooms,/services/meeting-rooms,https://motaded.com.sa/meeting-rooms,https://motaded.com.sa/services/meeting-rooms,en,/node/494
/mudad-platform-activation-payroll-and-wage-protection-system-wps,/services/mudad-platform-activation-payroll-and-wage-protection-system-wps,https://motaded.com.sa/mudad-platform-activation-payroll-and-wage-protection-system-wps,https://motaded.com.sa/services/mudad-platform-activation-payroll-and-wage-protection-system-wps,en,/node/424
/muqeem-comprehensive-report-establishment,/services/muqeem-comprehensive-report-establishment,https://motaded.com.sa/muqeem-comprehensive-report-establishment,https://motaded.com.sa/services/muqeem-comprehensive-report-establishment,en,/node/483
/muqeem-platform-activation,/services/muqeem-platform-activation,https://motaded.com.sa/muqeem-platform-activation,https://motaded.com.sa/services/muqeem-platform-activation,en,/node/429
/national-address-activation-companies-and-providing-virtual-address,/services/national-address-activation-companies-and-providing-virtual-address,https://motaded.com.sa/national-address-activation-companies-and-providing-virtual-address,https://motaded.com.sa/services/national-address-activation-companies-and-providing-virtual-address,en,/node/426
/national-address-and-office-service,/services/national-address-and-office-service,https://motaded.com.sa/national-address-and-office-service,https://motaded.com.sa/services/national-address-and-office-service,zh-hans,/node/129
/other-legal-information,/services/other-legal-information,https://motaded.com.sa/other-legal-information,https://motaded.com.sa/services/other-legal-information,zh-hans,/node/112
/payroll-management-and-bank-transfer-mudad,/services/payroll-management-and-bank-transfer-mudad,https://motaded.com.sa/payroll-management-and-bank-transfer-mudad,https://motaded.com.sa/services/payroll-management-and-bank-transfer-mudad,en,/node/486
/payroll-management-services-saudi-arabia,/services/payroll-management-services-saudi-arabia,https://motaded.com.sa/payroll-management-services-saudi-arabia,https://motaded.com.sa/services/payroll-management-services-saudi-arabia,en,/node/453
/premium-residency-saudi-arabia,/services/premium-residency-saudi-arabia,https://motaded.com.sa/premium-residency-saudi-arabia,https://motaded.com.sa/services/premium-residency-saudi-arabia,zh-hans,/node/96
/privacy-policy,/services/privacy-policy,https://motaded.com.sa/privacy-policy,https://motaded.com.sa/services/privacy-policy,zh-hans,/node/108
/pro-gro-services-streamline-your-saudi-business-setup,/services/pro-gro-services-streamline-your-saudi-business-setup,https://motaded.com.sa/pro-gro-services-streamline-your-saudi-business-setup,https://motaded.com.sa/services/pro-gro-services-streamline-your-saudi-business-setup,zh-hans,/node/94
/Qiwa-Platform,/services/Qiwa-Platform,https://motaded.com.sa/Qiwa-Platform,https://motaded.com.sa/services/Qiwa-Platform,en,/node/416
/Ras-AlKhair-SEZ,/services/Ras-AlKhair-SEZ,https://motaded.com.sa/Ras-AlKhair-SEZ,https://motaded.com.sa/services/Ras-AlKhair-SEZ,en,/node/190
/reception-services,/services/reception-services,https://motaded.com.sa/reception-services,https://motaded.com.sa/services/reception-services,en,/node/496
/rhq-license-mena-license,/services/rhq-license-mena-license,https://motaded.com.sa/rhq-license-mena-license,https://motaded.com.sa/services/rhq-license-mena-license,en,/node/83
/saudi-national-address,/services/saudi-national-address,https://motaded.com.sa/saudi-national-address,https://motaded.com.sa/services/saudi-national-address,en,/node/185
/saudi-partners,/services/saudi-partners,https://motaded.com.sa/saudi-partners,https://motaded.com.sa/services/saudi-partners,zh-hans,/node/100
/serviced-offices,/services/serviced-offices,https://motaded.com.sa/serviced-offices,https://motaded.com.sa/services/serviced-offices,en,/node/493
/set-your-company-saudi-arabia-motaded,/services/set-your-company-saudi-arabia-motaded,https://motaded.com.sa/set-your-company-saudi-arabia-motaded,https://motaded.com.sa/services/set-your-company-saudi-arabia-motaded,zh-hans,/node/93
/Social-Insurance-GOSI-Platform-Subscription-and-Certificate-Issuance,/services/Social-Insurance-GOSI-Platform-Subscription-and-Certificate-Issuance,https://motaded.com.sa/Social-Insurance-GOSI-Platform-Subscription-and-Certificate-Issuance,https://motaded.com.sa/services/Social-Insurance-GOSI-Platform-Subscription-and-Certificate-Issuance,en,/node/422
/special-economic-zones-saudi-arabia,/services/special-economic-zones-saudi-arabia,https://motaded.com.sa/special-economic-zones-saudi-arabia,https://motaded.com.sa/services/special-economic-zones-saudi-arabia,zh-hans,/node/128
/swhy-invest-saudi-arabia-concise-guide-foreign-investors,/services/swhy-invest-saudi-arabia-concise-guide-foreign-investors,https://motaded.com.sa/swhy-invest-saudi-arabia-concise-guide-foreign-investors,https://motaded.com.sa/services/swhy-invest-saudi-arabia-concise-guide-foreign-investors,ar,/node/70
/teype-license,/services/teype-license,https://motaded.com.sa/teype-license,https://motaded.com.sa/services/teype-license,ar,/node/107
/transfer-services-muqeem,/services/transfer-services-muqeem,https://motaded.com.sa/transfer-services-muqeem,https://motaded.com.sa/services/transfer-services-muqeem,en,/node/481
/translation-services,/services/translation-services,https://motaded.com.sa/translation-services,https://motaded.com.sa/services/translation-services,zh-hans,/node/98
/updating-employee-passport-data,/services/updating-employee-passport-data,https://motaded.com.sa/updating-employee-passport-data,https://motaded.com.sa/services/updating-employee-passport-data,en,/node/484
/updating-national-address,/services/updating-national-address,https://motaded.com.sa/updating-national-address,https://motaded.com.sa/services/updating-national-address,en,/node/454
/uploading-wage-protection-files-txt-mudad,/services/uploading-wage-protection-files-txt-mudad,https://motaded.com.sa/uploading-wage-protection-files-txt-mudad,https://motaded.com.sa/services/uploading-wage-protection-files-txt-mudad,en,/node/492
/vat-advisory-services-saudi-arabia,/services/vat-advisory-services-saudi-arabia,https://motaded.com.sa/vat-advisory-services-saudi-arabia,https://motaded.com.sa/services/vat-advisory-services-saudi-arabia,en,/node/465
/vat-deregistration-services-saudi-arabia,/services/vat-deregistration-services-saudi-arabia,https://motaded.com.sa/vat-deregistration-services-saudi-arabia,https://motaded.com.sa/services/vat-deregistration-services-saudi-arabia,en,/node/469
/vat-filing-services-saudi-arabia,/services/vat-filing-services-saudi-arabia,https://motaded.com.sa/vat-filing-services-saudi-arabia,https://motaded.com.sa/services/vat-filing-services-saudi-arabia,en,/node/467
/vat-refund-services-saudi-arabia,/services/vat-refund-services-saudi-arabia,https://motaded.com.sa/vat-refund-services-saudi-arabia,https://motaded.com.sa/services/vat-refund-services-saudi-arabia,en,/node/468
/vat-registration-services-saudi-arabia,/services/vat-registration-services-saudi-arabia,https://motaded.com.sa/vat-registration-services-saudi-arabia,https://motaded.com.sa/services/vat-registration-services-saudi-arabia,en,/node/466
/virtual-address,/services/virtual-address,https://motaded.com.sa/virtual-address,https://motaded.com.sa/services/virtual-address,en,/node/497
/Visa-authorization-via-the-Enjaz-platform,/services/Visa-authorization-via-the-Enjaz-platform,https://motaded.com.sa/Visa-authorization-via-the-Enjaz-platform,https://motaded.com.sa/services/Visa-authorization-via-the-Enjaz-platform,en,/node/420
/visa-issuance,/services/visa-issuance,https://motaded.com.sa/visa-issuance,https://motaded.com.sa/services/visa-issuance,zh-hans,/node/97
/vision-2030a,/services/vision-2030a,https://motaded.com.sa/vision-2030a,https://motaded.com.sa/services/vision-2030a,ar,/node/105
/weihetouzishatealabowaiguotouzizhejianmingzhinan,/services/weihetouzishatealabowaiguotouzizhejianmingzhinan,https://motaded.com.sa/weihetouzishatealabowaiguotouzizhejianmingzhinan,https://motaded.com.sa/services/weihetouzishatealabowaiguotouzizhejianmingzhinan,zh-hans,/node/70
/who-we-are,/services/who-we-are,https://motaded.com.sa/who-we-are,https://motaded.com.sa/services/who-we-are,zh-hans,/node/71
/Why-Invest-in-Saudi-Arabia,/services/Why-Invest-in-Saudi-Arabia,https://motaded.com.sa/Why-Invest-in-Saudi-Arabia,https://motaded.com.sa/services/Why-Invest-in-Saudi-Arabia,en,/node/70
/withholding-tax-wht-services,/services/withholding-tax-wht-services,https://motaded.com.sa/withholding-tax-wht-services,https://motaded.com.sa/services/withholding-tax-wht-services,en,/node/470
/work-permit-management,/services/work-permit-management,https://motaded.com.sa/work-permit-management,https://motaded.com.sa/services/work-permit-management,en,/node/489
/zakat,/services/zakat,https://motaded.com.sa/zakat,https://motaded.com.sa/services/zakat,en,/node/473
/إدارة-الرواتب-والتحويل-البنكي-عبر-مدد,/services/إدارة-الرواتب-والتحويل-البنكي-عبر-مدد,https://motaded.com.sa/إدارة-الرواتب-والتحويل-البنكي-عبر-مدد,https://motaded.com.sa/services/إدارة-الرواتب-والتحويل-البنكي-عبر-مدد,ar,/node/486
/إصدار-أو-تجديد-رخصة-العمل,/services/إصدار-أو-تجديد-رخصة-العمل,https://motaded.com.sa/إصدار-أو-تجديد-رخصة-العمل,https://motaded.com.sa/services/إصدار-أو-تجديد-رخصة-العمل,ar,/node/445
/إصدار-الإقامة-للمدير-العام-أو-اصدار-الاقامة-للمستثمرالأجنبي,/services/إصدار-الإقامة-للمدير-العام-أو-اصدار-الاقامة-للمستثمرالأجنبي,https://motaded.com.sa/إصدار-الإقامة-للمدير-العام-أو-اصدار-الاقامة-للمستثمرالأجنبي,https://motaded.com.sa/services/إصدار-الإقامة-للمدير-العام-أو-اصدار-الاقامة-للمستثمرالأجنبي,ar,/node/430
/إصدار-تأشيرات-العمل-الفورية,/services/إصدار-تأشيرات-العمل-الفورية,https://motaded.com.sa/إصدار-تأشيرات-العمل-الفورية,https://motaded.com.sa/services/إصدار-تأشيرات-العمل-الفورية,ar,/node/487
/إصدار-تأشيرة-المدير-العام-أو-المستثمر,/services/إصدار-تأشيرة-المدير-العام-أو-المستثمر,https://motaded.com.sa/إصدار-تأشيرة-المدير-العام-أو-المستثمر,https://motaded.com.sa/services/إصدار-تأشيرة-المدير-العام-أو-المستثمر,ar,/node/417
/إصدار-تقارير-الالتزام-والمخالفات,/services/إصدار-تقارير-الالتزام-والمخالفات,https://motaded.com.sa/إصدار-تقارير-الالتزام-والمخالفات,https://motaded.com.sa/services/إصدار-تقارير-الالتزام-والمخالفات,ar,/node/488
/إصدار-شهادة-التأمينات-الاجتماعية,/services/إصدار-شهادة-التأمينات-الاجتماعية,https://motaded.com.sa/إصدار-شهادة-التأمينات-الاجتماعية,https://motaded.com.sa/services/إصدار-شهادة-التأمينات-الاجتماعية,ar,/node/461
/إصدار-شهادة-توطين,/services/إصدار-شهادة-توطين,https://motaded.com.sa/إصدار-شهادة-توطين,https://motaded.com.sa/services/إصدار-شهادة-توطين,ar,/node/459
/إصدار-وتجديد-الإقامة-عبر-منصة-مقيم,/services/إصدار-وتجديد-الإقامة-عبر-منصة-مقيم,https://motaded.com.sa/إصدار-وتجديد-الإقامة-عبر-منصة-مقيم,https://motaded.com.sa/services/إصدار-وتجديد-الإقامة-عبر-منصة-مقيم,ar,/node/477
/إضافة-رقم-مستورد-ضمن-منفذ-جديد,/services/إضافة-رقم-مستورد-ضمن-منفذ-جديد,https://motaded.com.sa/إضافة-رقم-مستورد-ضمن-منفذ-جديد,https://motaded.com.sa/services/إضافة-رقم-مستورد-ضمن-منفذ-جديد,ar,/node/480
/اشتراك-و-تجديد-الغرفة-التجارية,/services/اشتراك-و-تجديد-الغرفة-التجارية,https://motaded.com.sa/اشتراك-و-تجديد-الغرفة-التجارية,https://motaded.com.sa/services/اشتراك-و-تجديد-الغرفة-التجارية,ar,/node/413
/اعتماد-لوائح-تنظيم-العمل,/services/اعتماد-لوائح-تنظيم-العمل,https://motaded.com.sa/اعتماد-لوائح-تنظيم-العمل,https://motaded.com.sa/services/اعتماد-لوائح-تنظيم-العمل,ar,/node/485
/الاشتراك-في-منصة-التأمينات-الاجتماعية,/services/الاشتراك-في-منصة-التأمينات-الاجتماعية,https://motaded.com.sa/الاشتراك-في-منصة-التأمينات-الاجتماعية,https://motaded.com.sa/services/الاشتراك-في-منصة-التأمينات-الاجتماعية,ar,/node/421
/البوابة-الاستراتيجية-لشركة-متعدد-المحدودة,/services/البوابة-الاستراتيجية-لشركة-متعدد-المحدودة,https://motaded.com.sa/البوابة-الاستراتيجية-لشركة-متعدد-المحدودة,https://motaded.com.sa/services/البوابة-الاستراتيجية-لشركة-متعدد-المحدودة,ar,/node/406
/التدقيق-الخارجي,/services/التدقيق-الخارجي,https://motaded.com.sa/التدقيق-الخارجي,https://motaded.com.sa/services/التدقيق-الخارجي,ar,/node/450
/التدقيق-الداخلي,/services/التدقيق-الداخلي,https://motaded.com.sa/التدقيق-الداخلي,https://motaded.com.sa/services/التدقيق-الداخلي,ar,/node/451
/التسجيل-الإلكتروني-للمستورد-المصدر,/services/التسجيل-الإلكتروني-للمستورد-المصدر,https://motaded.com.sa/التسجيل-الإلكتروني-للمستورد-المصدر,https://motaded.com.sa/services/التسجيل-الإلكتروني-للمستورد-المصدر,ar,/node/471
/التسجيل-الإلكتروني-للمستورد-و-المصدر,/services/التسجيل-الإلكتروني-للمستورد-و-المصدر,https://motaded.com.sa/التسجيل-الإلكتروني-للمستورد-و-المصدر,https://motaded.com.sa/services/التسجيل-الإلكتروني-للمستورد-و-المصدر,ar,/node/478
/الحصول-على-ترخيص-الاستثمار-الأجنبي,/services/الحصول-على-ترخيص-الاستثمار-الأجنبي,https://motaded.com.sa/الحصول-على-ترخيص-الاستثمار-الأجنبي,https://motaded.com.sa/services/الحصول-على-ترخيص-الاستثمار-الأجنبي,ar,/node/408
/الخدمات-الاستشارية,/services/الخدمات-الاستشارية,https://motaded.com.sa/الخدمات-الاستشارية,https://motaded.com.sa/services/الخدمات-الاستشارية,ar,/node/99
/الزكاة,/services/الزكاة,https://motaded.com.sa/الزكاة,https://motaded.com.sa/services/الزكاة,ar,/node/449
/الشركاء-السعوديون,/services/الشركاء-السعوديون,https://motaded.com.sa/الشركاء-السعوديون,https://motaded.com.sa/services/الشركاء-السعوديون,ar,/node/100
/العنوان-الافتراضي,/services/العنوان-الافتراضي,https://motaded.com.sa/العنوان-الافتراضي,https://motaded.com.sa/services/العنوان-الافتراضي,ar,/node/497
/العنوان-الوطني-للشركات,/services/العنوان-الوطني-للشركات,https://motaded.com.sa/العنوان-الوطني-للشركات,https://motaded.com.sa/services/العنوان-الوطني-للشركات,ar,/node/425
/المكاتب-المجهزة,/services/المكاتب-المجهزة,https://motaded.com.sa/المكاتب-المجهزة,https://motaded.com.sa/services/المكاتب-المجهزة,ar,/node/493
/تأشيرة-خروج-وعودة-أو-خروج-نهائي,/services/تأشيرة-خروج-وعودة-أو-خروج-نهائي,https://motaded.com.sa/تأشيرة-خروج-وعودة-أو-خروج-نهائي,https://motaded.com.sa/services/تأشيرة-خروج-وعودة-أو-خروج-نهائي,ar,/node/479
/تحديث-بيانات-جواز-سفر-الموظف,/services/تحديث-بيانات-جواز-سفر-الموظف,https://motaded.com.sa/تحديث-بيانات-جواز-سفر-الموظف,https://motaded.com.sa/services/تحديث-بيانات-جواز-سفر-الموظف,ar,/node/484
/تدقيق-المخزون-الجرد,/services/تدقيق-المخزون-الجرد,https://motaded.com.sa/تدقيق-المخزون-الجرد,https://motaded.com.sa/services/تدقيق-المخزون-الجرد,ar,/node/452
/تعديل-العنوان-الوطني,/services/تعديل-العنوان-الوطني,https://motaded.com.sa/تعديل-العنوان-الوطني,https://motaded.com.sa/services/تعديل-العنوان-الوطني,ar,/node/447
/تعديل-عقد-التأسيس-للشركة-وتعديل-نوع-الشركة,/services/تعديل-عقد-التأسيس-للشركة-وتعديل-نوع-الشركة,https://motaded.com.sa/تعديل-عقد-التأسيس-للشركة-وتعديل-نوع-الشركة,https://motaded.com.sa/services/تعديل-عقد-التأسيس-للشركة-وتعديل-نوع-الشركة,ar,/node/455
/تغيير-المهن-للموظفين,/services/تغيير-المهن-للموظفين,https://motaded.com.sa/تغيير-المهن-للموظفين,https://motaded.com.sa/services/تغيير-المهن-للموظفين,ar,/node/490
/تفعيل-منصة-مدد-لنظام-الرواتب-وحماية-الأجور,/services/تفعيل-منصة-مدد-لنظام-الرواتب-وحماية-الأجور,https://motaded.com.sa/تفعيل-منصة-مدد-لنظام-الرواتب-وحماية-الأجور,https://motaded.com.sa/services/تفعيل-منصة-مدد-لنظام-الرواتب-وحماية-الأجور,ar,/node/423
/تفعيل-منصة-مقيم,/services/تفعيل-منصة-مقيم,https://motaded.com.sa/تفعيل-منصة-مقيم,https://motaded.com.sa/services/تفعيل-منصة-مقيم,ar,/node/428
/تفويض-التأشيرة-عبر-منصة-إنجاز,/services/تفويض-التأشيرة-عبر-منصة-إنجاز,https://motaded.com.sa/تفويض-التأشيرة-عبر-منصة-إنجاز,https://motaded.com.sa/services/تفويض-التأشيرة-عبر-منصة-إنجاز,ar,/node/419
/تقرير-مقيم-الشامل-للمنشأة,/services/تقرير-مقيم-الشامل-للمنشأة,https://motaded.com.sa/تقرير-مقيم-الشامل-للمنشأة,https://motaded.com.sa/services/تقرير-مقيم-الشامل-للمنشأة,ar,/node/483
/تقسيط-مديونية-منشأة-للتأمينات-الاجتماعية,/services/تقسيط-مديونية-منشأة-للتأمينات-الاجتماعية,https://motaded.com.sa/تقسيط-مديونية-منشأة-للتأمينات-الاجتماعية,https://motaded.com.sa/services/تقسيط-مديونية-منشأة-للتأمينات-الاجتماعية,ar,/node/457
/توثيق-عقود-الموظفين,/services/توثيق-عقود-الموظفين,https://motaded.com.sa/توثيق-عقود-الموظفين,https://motaded.com.sa/services/توثيق-عقود-الموظفين,ar,/node/482
/حجز-الاسم-التجاري,/services/حجز-الاسم-التجاري,https://motaded.com.sa/حجز-الاسم-التجاري,https://motaded.com.sa/services/حجز-الاسم-التجاري,ar,/node/409
/خدمات-إدارة-الرواتب-في-المملكة-العربية-السعودية,/services/خدمات-إدارة-الرواتب-في-المملكة-العربية-السعودية,https://motaded.com.sa/خدمات-إدارة-الرواتب-في-المملكة-العربية-السعودية,https://motaded.com.sa/services/خدمات-إدارة-الرواتب-في-المملكة-العربية-السعودية,ar,/node/436
/خدمات-إلغاء-التسجيل-في-ضريبة-القيمة-المضافة-في-المملكة-العربية-السعودية,/services/خدمات-إلغاء-التسجيل-في-ضريبة-القيمة-المضافة-في-المملكة-العربية-السعودية,https://motaded.com.sa/خدمات-إلغاء-التسجيل-في-ضريبة-القيمة-المضافة-في-المملكة-العربية-السعودية,https://motaded.com.sa/services/خدمات-إلغاء-التسجيل-في-ضريبة-القيمة-المضافة-في-المملكة-العربية-السعودية,ar,/node/443
/خدمات-استرداد-ضريبة-القيمة-المضافة-في-المملكة-العربية-السعودية,/services/خدمات-استرداد-ضريبة-القيمة-المضافة-في-المملكة-العربية-السعودية,https://motaded.com.sa/خدمات-استرداد-ضريبة-القيمة-المضافة-في-المملكة-العربية-السعودية,https://motaded.com.sa/services/خدمات-استرداد-ضريبة-القيمة-المضافة-في-المملكة-العربية-السعودية,ar,/node/442
/خدمات-الاستشارات-المتعلقة-بضريبة-القيمة-المضافة-في-المملكة-العربية-السعودية,/services/خدمات-الاستشارات-المتعلقة-بضريبة-القيمة-المضافة-في-المملكة-العربية-السعودية,https://motaded.com.sa/خدمات-الاستشارات-المتعلقة-بضريبة-القيمة-المضافة-في-المملكة-العربية-السعودية,https://motaded.com.sa/services/خدمات-الاستشارات-المتعلقة-بضريبة-القيمة-المضافة-في-المملكة-العربية-السعودية,ar,/node/439
/خدمات-الاستقبال,/services/خدمات-الاستقبال,https://motaded.com.sa/خدمات-الاستقبال,https://motaded.com.sa/services/خدمات-الاستقبال,ar,/node/496
/خدمات-التسجيل-في-ضريبة-القيمة-المضافة-في-المملكة-العربية-السعودية,/services/خدمات-التسجيل-في-ضريبة-القيمة-المضافة-في-المملكة-العربية-السعودية,https://motaded.com.sa/خدمات-التسجيل-في-ضريبة-القيمة-المضافة-في-المملكة-العربية-السعودية,https://motaded.com.sa/services/خدمات-التسجيل-في-ضريبة-القيمة-المضافة-في-المملكة-العربية-السعودية,ar,/node/440
/خدمات-المحاسبة-و-مسك-الدفاتر,/services/خدمات-المحاسبة-و-مسك-الدفاتر,https://motaded.com.sa/خدمات-المحاسبة-و-مسك-الدفاتر,https://motaded.com.sa/services/خدمات-المحاسبة-و-مسك-الدفاتر,ar,/node/434
/خدمات-الموارد-البشرية,/services/خدمات-الموارد-البشرية,https://motaded.com.sa/خدمات-الموارد-البشرية,https://motaded.com.sa/services/خدمات-الموارد-البشرية,ar,/node/90
/خدمات-تسوية-ومعالجة-القيود-المحاسبية-المتراكمة-في-السعودية,/services/خدمات-تسوية-ومعالجة-القيود-المحاسبية-المتراكمة-في-السعودية,https://motaded.com.sa/خدمات-تسوية-ومعالجة-القيود-المحاسبية-المتراكمة-في-السعودية,https://motaded.com.sa/services/خدمات-تسوية-ومعالجة-القيود-المحاسبية-المتراكمة-في-السعودية,ar,/node/437
/خدمات-تقديم-إقرارات-ضريبة-القيمة-المضافة-في-المملكة-العربية-السعودية,/services/خدمات-تقديم-إقرارات-ضريبة-القيمة-المضافة-في-المملكة-العربية-السعودية,https://motaded.com.sa/خدمات-تقديم-إقرارات-ضريبة-القيمة-المضافة-في-المملكة-العربية-السعودية,https://motaded.com.sa/services/خدمات-تقديم-إقرارات-ضريبة-القيمة-المضافة-في-المملكة-العربية-السعودية,ar,/node/441
/خدمات-ضريبة-الاستقطاع,/services/خدمات-ضريبة-الاستقطاع,https://motaded.com.sa/خدمات-ضريبة-الاستقطاع,https://motaded.com.sa/services/خدمات-ضريبة-الاستقطاع,ar,/node/444
/خدمات-مراجعة-الحسابات-في-المملكة-العربية-السعودية,/services/خدمات-مراجعة-الحسابات-في-المملكة-العربية-السعودية,https://motaded.com.sa/خدمات-مراجعة-الحسابات-في-المملكة-العربية-السعودية,https://motaded.com.sa/services/خدمات-مراجعة-الحسابات-في-المملكة-العربية-السعودية,ar,/node/438
/ربط-الحساب-البنكي-في-منصة-مدد,/services/ربط-الحساب-البنكي-في-منصة-مدد,https://motaded.com.sa/ربط-الحساب-البنكي-في-منصة-مدد,https://motaded.com.sa/services/ربط-الحساب-البنكي-في-منصة-مدد,ar,/node/491
/رفع-ملفات-حماية-الأجور-لمنصة-مدد,/services/رفع-ملفات-حماية-الأجور-لمنصة-مدد,https://motaded.com.sa/رفع-ملفات-حماية-الأجور-لمنصة-مدد,https://motaded.com.sa/services/رفع-ملفات-حماية-الأجور-لمنصة-مدد,ar,/node/492
/صياغة-وتوثيق-عقد-التأسيس-للشركات,/services/صياغة-وتوثيق-عقد-التأسيس-للشركات,https://motaded.com.sa/صياغة-وتوثيق-عقد-التأسيس-للشركات,https://motaded.com.sa/services/صياغة-وتوثيق-عقد-التأسيس-للشركات,ar,/node/411
/ضريبة-الشركات,/services/ضريبة-الشركات,https://motaded.com.sa/ضريبة-الشركات,https://motaded.com.sa/services/ضريبة-الشركات,ar,/node/448
/غرف-الاجتماعات,/services/غرف-الاجتماعات,https://motaded.com.sa/غرف-الاجتماعات,https://motaded.com.sa/services/غرف-الاجتماعات,ar,/node/494
/فتح-حساب-بنكي-للشركات,/services/فتح-حساب-بنكي-للشركات,https://motaded.com.sa/فتح-حساب-بنكي-للشركات,https://motaded.com.sa/services/فتح-حساب-بنكي-للشركات,ar,/node/432
/قاعة-المؤتمرات,/services/قاعة-المؤتمرات,https://motaded.com.sa/قاعة-المؤتمرات,https://motaded.com.sa/services/قاعة-المؤتمرات,ar,/node/495
/مساحات-العمل-المشترك,/services/مساحات-العمل-المشترك,https://motaded.com.sa/مساحات-العمل-المشترك,https://motaded.com.sa/services/مساحات-العمل-المشترك,ar,/node/91
/منصة-قوى,/services/منصة-قوى,https://motaded.com.sa/منصة-قوى,https://motaded.com.sa/services/منصة-قوى,ar,/node/415
/نقل-الخدمات-عبر-منصة-مقيم,/services/نقل-الخدمات-عبر-منصة-مقيم,https://motaded.com.sa/نقل-الخدمات-عبر-منصة-مقيم,https://motaded.com.sa/services/نقل-الخدمات-عبر-منصة-مقيم,ar,/node/481
/نقل-خدمات-موظف,/services/نقل-خدمات-موظف,https://motaded.com.sa/نقل-خدمات-موظف,https://motaded.com.sa/services/نقل-خدمات-موظف,ar,/node/498
