nid,type,langcode,title,body_summary,categories,tags,beneficiaries,meta_title,meta_description,meta_abstract,meta_keywords,missing_body_summary,missing_categories,missing_tags,missing_beneficiaries,missing_meta_title,missing_meta_description,missing_meta_abstract,missing_meta_keywords,status
7,article,en,Investment and Business Licenses in Saudi Arabia 2026 | Comprehensive Thesis - Motaded,"Investment and Business Licenses in Saudi Arabia: Practical analysis of current requirements, market implications, and execution steps for businesses and investors operating in Saudi Arabia.",Business Support,Investment licensing | Business setup | Market entry,Company Owners | Compliance and Legal Teams | Local and International Businesses,Investment and Business Licenses in Saudi Arabia | Motaded,"Investment and Business Licenses in Saudi Arabia: Expert perspective on compliance, policy context, and practical business implications in Saudi Arabia.","Investment and Business Licenses in Saudi Arabia with a concise, business-focused view of Saudi market and regulatory ","investment and business licenses in saudi arabia, saudi arabia, motaded, business insights",No,Yes,No,Yes,Yes,Yes,Yes,Yes,manual_refined_en_batch1;reclass_body;manual_body_review
8,article,en,Invest and Establish Companies in NEOM 2026 | Procedural Sovereignty Guide - Motaded,"Investing and Establishing Companies in NEOM: Practical analysis of current requirements, market implications, and execution steps for businesses and investors operating in Saudi Arabia.",Business Support,NEOM investment | Company formation | Strategic projects,Company Owners | Local and International Businesses | Compliance and Legal Teams,Investing and Establishing Companies in NEOM | Motaded,"Investing and Establishing Companies in NEOM: Expert perspective on compliance, policy context, and practical business implications in Saudi Arabia.","Investing and Establishing Companies in NEOM with a concise, business-focused view of Saudi market and regulatory impl","investing and establishing companies in neom, saudi arabia, motaded, business insights",No,Yes,No,Yes,Yes,Yes,Yes,Yes,manual_refined_en_batch1;reclass_body;manual_body_review
9,article,en,"Saudi Vision 2030 in 2026 | Transformation, Achievements & Economic Sovereignty - Motaded","Saudi Vision 2030 Progress and Economic Transformation: Practical analysis of current requirements, market implications, and execution steps for businesses and investors operating in Saudi Arabia.",Business Support,Vision 2030 | Economic transformation | Investment landscape,Company Owners | Local and International Businesses | Finance and Payroll Teams,Saudi Vision 2030 Progress and Economic Transformation | Motaded,"Saudi Vision 2030 Progress and Economic Transformation: Expert perspective on compliance, policy context, and practical business implications in Saudi Arabia.","Saudi Vision 2030 Progress and Economic Transformation with a concise, business-focused view of Saudi market and regul","saudi vision 2030 progress and economic transformation, saudi arabia, motaded, business insights",No,Yes,No,Yes,Yes,Yes,Yes,Yes,manual_refined_en_batch1;reclass_body;manual_body_review
110,article,en,Why Invest in Saudi Arabia 2026? | Investment Sovereignty Guide - Motaded,"Why Invest in Saudi Arabia: Practical analysis of current requirements, market implications, and execution steps for businesses and investors operating in Saudi Arabia.",Business Support,Foreign investment | Saudi market entry | Investor strategy,Company Owners | Local and International Businesses | Compliance and Legal Teams,Why Invest in Saudi Arabia | Motaded,"Why Invest in Saudi Arabia: Expert perspective on compliance, policy context, and practical business implications in Saudi Arabia.","Why Invest in Saudi Arabia with a concise, business-focused view of Saudi market and regulatory implications.","why invest in saudi arabia, saudi arabia, motaded, business insights",No,Yes,No,Yes,Yes,Yes,Yes,Yes,manual_refined_en_batch1;reclass_body;manual_body_review
119,article,en,Company Registration in Saudi Arabia 2026 | Licensing & Procedural Sovereignty Guide - Motaded,"Company Registration in Saudi Arabia: Practical analysis of current requirements, market implications, and execution steps for businesses and investors operating in Saudi Arabia.",Business Support,Company registration | Commercial setup | Regulatory process,Company Owners | Compliance and Legal Teams | PRO and Government Relations Teams,Company Registration in Saudi Arabia | Motaded,"Company Registration in Saudi Arabia: Expert perspective on compliance, policy context, and practical business implications in Saudi Arabia.","Company Registration in Saudi Arabia with a concise, business-focused view of Saudi market and regulatory implications","company registration in saudi arabia, saudi arabia, motaded, business insights",No,Yes,No,Yes,Yes,Yes,Yes,Yes,manual_refined_en_batch1;reclass_body;manual_body_review
126,article,en,Company Formation and Investment Licensing Saudi Arabia 2026 | Procedural Sovereignty Guide - Motaded,"Company Formation and Investment Licensing in Saudi Arabia: Practical analysis of current requirements, market implications, and execution steps for businesses and investors operating in Saudi Arabia.",Business Support,Company formation | MISA licensing | Corporate structuring,Company Owners | Compliance and Legal Teams | Local and International Businesses,Company Formation and Investment Licensing in Saudi Arabia | Motaded,"Company Formation and Investment Licensing in Saudi Arabia: Expert perspective on compliance, policy context, and practical business implications in Saudi Ara","Company Formation and Investment Licensing in Saudi Arabia with a concise, business-focused view of Saudi market and r","company formation and investment licensing in saudi arabia, saudi arabia, motaded, business insights",No,Yes,No,Yes,Yes,Yes,Yes,Yes,manual_refined_en_batch1;reclass_body;manual_body_review
127,article,en,HR in Saudi Arabia 2026 | Procedural Sovereignty & Digital Transformation Guide - Motaded,"HR Framework in Saudi Arabia: Practical analysis of current requirements, market implications, and execution steps for businesses and investors operating in Saudi Arabia.",HR Services,HR framework | Workforce compliance | Employment operations,HR and Workforce Teams | Company Owners | PRO and Government Relations Teams,HR Framework in Saudi Arabia | Motaded,"HR Framework in Saudi Arabia: Expert perspective on compliance, policy context, and practical business implications in Saudi Arabia.","HR Framework in Saudi Arabia with a concise, business-focused view of Saudi market and regulatory implications.","hr framework in saudi arabia, saudi arabia, motaded, business insights",No,Yes,No,Yes,Yes,Yes,Yes,Yes,manual_refined_en_batch1;reclass_body;manual_body_review
132,article,en,Taxation in Saudi Arabia 2026 | Investment Sovereignty & Zakat Guide - Motaded,"Taxation and Zakat in Saudi Arabia: Practical analysis of current requirements, market implications, and execution steps for businesses and investors operating in Saudi Arabia.",Accounting services,Taxation | Zakat | Fiscal compliance,Finance and Payroll Teams | Compliance and Legal Teams | Company Owners,Taxation and Zakat in Saudi Arabia | Motaded,"Taxation and Zakat in Saudi Arabia: Expert perspective on compliance, policy context, and practical business implications in Saudi Arabia.","Taxation and Zakat in Saudi Arabia with a concise, business-focused view of Saudi market and regulatory implications.","taxation and zakat in saudi arabia, saudi arabia, motaded, business insights",No,Yes,No,Yes,Yes,Yes,Yes,Yes,manual_refined_en_batch1;reclass_body;manual_body_review
133,article,en,LEAP 2025,"LEAP 2025 Insights for Investors: Practical analysis of current requirements, market implications, and execution steps for businesses and investors operating in Saudi Arabia.",Business Support,LEAP conference | Technology ecosystem | Innovation investment,Company Owners | Local and International Businesses | HR and Workforce Teams,LEAP 2025 Insights for Investors | Motaded,"LEAP 2025 Insights for Investors: Expert perspective on compliance, policy context, and practical business implications in Saudi Arabia.","LEAP 2025 Insights for Investors with a concise, business-focused view of Saudi market and regulatory implications.","leap 2025 insights for investors, saudi arabia, motaded, business insights",No,Yes,Yes,Yes,Yes,Yes,Yes,Yes,manual_refined_en_batch1;reclass_body;manual_body_review
135,article,en,Developed Nitaqat System Saudi Arabia 2026 | Localization Sovereignty Guide - Motaded,"Nitaqat System Development in Saudi Arabia: Practical analysis of current requirements, market implications, and execution steps for businesses and investors operating in Saudi Arabia.",Government Relations Services,Nitaqat program | Saudization compliance | Labor regulation,PRO and Government Relations Teams | HR and Workforce Teams | Company Owners,Nitaqat System Development in Saudi Arabia | Motaded,"Nitaqat System Development in Saudi Arabia: Expert perspective on compliance, policy context, and practical business implications in Saudi Arabia.","Nitaqat System Development in Saudi Arabia with a concise, business-focused view of Saudi market and regulatory implic","nitaqat system development in saudi arabia, saudi arabia, motaded, business insights",No,Yes,No,Yes,Yes,Yes,Yes,Yes,manual_refined_en_batch1;reclass_body;manual_body_review
136,article,en,Enhancing Employee Experience Through HR Services,"Employee Experience Through HR Services: Practical analysis of current requirements, market implications, and execution steps for businesses and investors operating in Saudi Arabia.",HR Services,Employee experience | HR services | Talent management,HR and Workforce Teams | Company Owners | Compliance and Legal Teams,Employee Experience Through HR Services | Motaded,"Employee Experience Through HR Services: Expert perspective on compliance, policy context, and practical business implications in Saudi Arabia.","Employee Experience Through HR Services with a concise, business-focused view of Saudi market and regulatory implicati","employee experience through hr services, saudi arabia, motaded, business insights",No,Yes,Yes,Yes,Yes,Yes,Yes,Yes,manual_refined_en_batch1;reclass_body;manual_body_review
138,article,en,2034 World Cup,"Saudi Arabia 2034 World Cup Economic Impact: Practical analysis of current requirements, market implications, and execution steps for businesses and investors operating in Saudi Arabia.",Business Support,World Cup 2034 | Economic impact | National projects,Company Owners | Local and International Businesses | Finance and Payroll Teams,Saudi Arabia 2034 World Cup Economic Impact | Motaded,"Saudi Arabia 2034 World Cup Economic Impact: Expert perspective on compliance, policy context, and practical business implications in Saudi Arabia.","Saudi Arabia 2034 World Cup Economic Impact with a concise, business-focused view of Saudi market and regulatory impli","saudi arabia 2034 world cup economic impact, saudi arabia, motaded, business insights",Yes,Yes,Yes,Yes,Yes,Yes,Yes,Yes,manual_refined_en_batch1;reclass_body;manual_body_review
139,article,en,Saudi Arabia and Italy Sign Energy Cooperation Agreement: A New Era in Renewable Technologies,"Saudi-Italy Energy Cooperation Agreement: Practical analysis of current requirements, market implications, and execution steps for businesses and investors operating in Saudi Arabia.",Business Support,Energy cooperation | Renewable technologies | International partnerships,Company Owners | Local and International Businesses | Compliance and Legal Teams,Saudi-Italy Energy Cooperation Agreement | Motaded,"Saudi-Italy Energy Cooperation Agreement: Expert perspective on compliance, policy context, and practical business implications in Saudi Arabia.","Saudi-Italy Energy Cooperation Agreement with a concise, business-focused view of Saudi market and regulatory implicat","saudi-italy energy cooperation agreement, saudi arabia, motaded, business insights",No,Yes,Yes,Yes,Yes,Yes,Yes,Yes,manual_refined_en_batch1;reclass_body;manual_body_review
143,article,en,Manufacturing Activity in Saudi Arabia 2026 | Productive Sovereignty Guide - Motaded,"Manufacturing Activity in Saudi Arabia: Practical analysis of current requirements, market implications, and execution steps for businesses and investors operating in Saudi Arabia.",Business Support,Manufacturing sector | Industrial growth | Vision 2030 industry,Company Owners | Local and International Businesses | Compliance and Legal Teams,Manufacturing Activity in Saudi Arabia | Motaded,"Manufacturing Activity in Saudi Arabia: Expert perspective on compliance, policy context, and practical business implications in Saudi Arabia.","Manufacturing Activity in Saudi Arabia with a concise, business-focused view of Saudi market and regulatory implicatio","manufacturing activity in saudi arabia, saudi arabia, motaded, business insights",Yes,Yes,Yes,Yes,Yes,Yes,Yes,Yes,manual_refined_en_batch1;reclass_body;manual_body_review
144,article,en,Wholesale And Retail Trade: Repair of Motor Vehicles And Motorcycles is the Most Demanded activity in Saudi Arabia,"Wholesale and Retail Trade Sector Demand in Saudi Arabia: Practical analysis of current requirements, market implications, and execution steps for businesses and investors operating in Saudi Arabia.",Business Support,Wholesale and retail | Automotive services | Market demand,Company Owners | Local and International Businesses | Compliance and Legal Teams,Wholesale and Retail Trade Sector Demand in Saudi Arabia | Motaded,"Wholesale and Retail Trade Sector Demand in Saudi Arabia: Expert perspective on compliance, policy context, and practical business implications in Saudi Arabi","Wholesale and Retail Trade Sector Demand in Saudi Arabia with a concise, business-focused view of Saudi market and reg","wholesale and retail trade sector demand in saudi arabia, saudi arabia, motaded, business insights",Yes,Yes,Yes,Yes,Yes,Yes,Yes,Yes,manual_refined_en_batch1;reclass_body;manual_body_review
146,article,en,Project Saudi Green Initiative,"Saudi Green Initiative Project Update: Practical analysis of current requirements, market implications, and execution steps for businesses and investors operating in Saudi Arabia.",Business Support,Saudi Green Initiative | Sustainability policy | Environmental projects,Company Owners | Local and International Businesses | Compliance and Legal Teams,Saudi Green Initiative Project Update | Motaded,"Saudi Green Initiative Project Update: Expert perspective on compliance, policy context, and practical business implications in Saudi Arabia.","Saudi Green Initiative Project Update with a concise, business-focused view of Saudi market and regulatory implication","saudi green initiative project update, saudi arabia, motaded, business insights",Yes,Yes,Yes,Yes,Yes,Yes,Yes,Yes,manual_refined_en_batch1;reclass_body;manual_body_review
147,article,en,King Salman Energy Park Project,"King Salman Energy Park Project Overview: Practical analysis of current requirements, market implications, and execution steps for businesses and investors operating in Saudi Arabia.",Business Support,SPARK project | Energy infrastructure | Industrial investment,Company Owners | Local and International Businesses | Finance and Payroll Teams,King Salman Energy Park Project Overview | Motaded,"King Salman Energy Park Project Overview: Expert perspective on compliance, policy context, and practical business implications in Saudi Arabia.","King Salman Energy Park Project Overview with a concise, business-focused view of Saudi market and regulatory implicat","king salman energy park project overview, saudi arabia, motaded, business insights",Yes,Yes,Yes,Yes,Yes,Yes,Yes,Yes,manual_refined_en_batch1;reclass_body;manual_body_review
148,article,en,Launch of CEER Electric Car Manufacturing Company in Saudi Arabia,"CEER Electric Vehicle Manufacturing Launch: Practical analysis of current requirements, market implications, and execution steps for businesses and investors operating in Saudi Arabia.",Business Support,CEER | Electric vehicles | Automotive manufacturing,Company Owners | Local and International Businesses | Compliance and Legal Teams,CEER Electric Vehicle Manufacturing Launch | Motaded,"CEER Electric Vehicle Manufacturing Launch: Expert perspective on compliance, policy context, and practical business implications in Saudi Arabia.","CEER Electric Vehicle Manufacturing Launch with a concise, business-focused view of Saudi market and regulatory implic","ceer electric vehicle manufacturing launch, saudi arabia, motaded, business insights",Yes,Yes,Yes,Yes,Yes,Yes,Yes,Yes,manual_refined_en_batch1;reclass_body;manual_body_review
149,article,en,Relocating & Living in Saudi Arabia 2026 | Living Sovereignty Guide - Motaded,"Relocating and Living in Saudi Arabia: Practical analysis of current requirements, market implications, and execution steps for businesses and investors operating in Saudi Arabia.",Residency & Visas,Relocation to Saudi Arabia | Living in KSA | Expat guidance,HR and Workforce Teams | Company Owners | Local and International Businesses,Relocating and Living in Saudi Arabia | Motaded,"Relocating and Living in Saudi Arabia: Expert perspective on compliance, policy context, and practical business implications in Saudi Arabia.","Relocating and Living in Saudi Arabia with a concise, business-focused view of Saudi market and regulatory implication","relocating and living in saudi arabia, saudi arabia, motaded, business insights",Yes,Yes,No,Yes,Yes,Yes,Yes,Yes,manual_refined_en_batch1;reclass_body;manual_body_review
150,article,en,How to Obtain a Transportation and Storage License in Saudi Arabia,"Transportation and Storage Licensing in Saudi Arabia: Practical analysis of current requirements, market implications, and execution steps for businesses and investors operating in Saudi Arabia.",Government Relations Services,Transportation license | Storage license | Sector compliance,PRO and Government Relations Teams | Company Owners | Compliance and Legal Teams,Transportation and Storage Licensing in Saudi Arabia | Motaded,"Transportation and Storage Licensing in Saudi Arabia: Expert perspective on compliance, policy context, and practical business implications in Saudi Arabia.","Transportation and Storage Licensing in Saudi Arabia with a concise, business-focused view of Saudi market and regulat","transportation and storage licensing in saudi arabia, saudi arabia, motaded, business insights",Yes,Yes,Yes,Yes,Yes,Yes,Yes,Yes,manual_refined_en_batch1;reclass_body;manual_body_review
151,article,en,Accommodation and food service activities,"Accommodation and food service activities: Practical guidance on requirements, process considerations, and business implications for operating in Saudi Arabia.",Business Support,Accommodation and food services | Sector licensing | Market entry,Company Owners | Compliance and Legal Teams | Local and International Businesses,Accommodation and food service activities | Motaded,"Accommodation and food service activities: Expert perspective on compliance, policy context, and practical business implications in Saudi Arabia.","Accommodation and food service activities with a concise, business-focused view of Saudi market and regulatory implica","accommodation and food service activities, saudi arabia, motaded, business insights",Yes,Yes,Yes,Yes,Yes,Yes,Yes,Yes,manual_refined_en_batch2;reclass_body;manual_body_review
153,article,en,Education in Saudi Arabia,"Education in Saudi Arabia: Practical guidance on requirements, process considerations, and business implications for operating in Saudi Arabia.",Business Support,Education sector | Education licensing | Vision 2030,Company Owners | Compliance and Legal Teams | Local and International Businesses,Education in Saudi Arabia | Motaded,"Education in Saudi Arabia: Expert perspective on compliance, policy context, and practical business implications in Saudi Arabia.","Education in Saudi Arabia with a concise, business-focused view of Saudi market and regulatory implications.","education in saudi arabia, saudi arabia, motaded, business insights",Yes,Yes,Yes,Yes,Yes,Yes,Yes,Yes,manual_refined_en_batch2;reclass_body;manual_body_review
154,article,en,Obtaining an Education License in Saudi Arabia,"Obtaining an Education License in Saudi Arabia: Practical guidance on requirements, process considerations, and business implications for operating in Saudi Arabia.",Business Support,Education license | Private education investment | Regulatory requirements,Company Owners | Compliance and Legal Teams | Local and International Businesses,Obtaining an Education License in Saudi Arabia | Motaded,"Obtaining an Education License in Saudi Arabia: Expert perspective on compliance, policy context, and practical business implications in Saudi Arabia.","Obtaining an Education License in Saudi Arabia with a concise, business-focused view of Saudi market and regulatory im","obtaining an education license in saudi arabia, saudi arabia, motaded, business insights",Yes,Yes,Yes,Yes,Yes,Yes,Yes,Yes,manual_refined_en_batch2;reclass_body;manual_body_review
156,article,en,Construction Activity in Saudi Arabia 2026 | Investment Sovereignty & Contracting Guide - Motaded,"Construction Activity in Saudi Arabia 2026 | Investment Sovereignty & Contracting Guide - Motaded: Practical guidance on requirements, process considerations, and business implications for operating in Saudi Arabia.",Business Support,Construction sector | Contracting activity | Urban development,Company Owners | Compliance and Legal Teams | Local and International Businesses,Construction Activity in Saudi Arabia 2026 | Investment Sovereignty ,"Construction Activity in Saudi Arabia 2026 | Investment Sovereignty & Contracting Guide - Motaded: Expert perspective on compliance, policy context, and pract","Construction Activity in Saudi Arabia 2026 | Investment Sovereignty & Contracting Guide - Motaded with a concise, busi","construction activity in saudi arabia 2026 | investment sovereignty & contracting guide - motaded, saudi arabia, motaded, business insights",Yes,Yes,Yes,Yes,Yes,Yes,Yes,Yes,manual_refined_en_batch2;reclass_body;manual_body_review
157,article,en,"Arts, Entertainment and Recreation Activity in Saudi Arabia","Arts, Entertainment and Recreation Activity in Saudi Arabia: Practical guidance on requirements, process considerations, and business implications for operating in Saudi Arabia.",Business Support,Arts and entertainment | Recreation sector | Cultural economy,Company Owners | Local and International Businesses | Compliance and Legal Teams,"Arts, Entertainment and Recreation Activity in Saudi Arabia | Motade","Arts, Entertainment and Recreation Activity in Saudi Arabia: Expert perspective on compliance, policy context, and practical business implications in Saudi Ar","Arts, Entertainment and Recreation Activity in Saudi Arabia with a concise, business-focused view of Saudi market and ","arts, entertainment and recreation activity in saudi arabia, saudi arabia, motaded, business insights",Yes,Yes,Yes,Yes,Yes,Yes,Yes,Yes,manual_refined_en_batch2;reclass_body;manual_body_review
158,article,en,Other service activities in Saudi Arabia,"Other service activities in Saudi Arabia: Practical guidance on requirements, process considerations, and business implications for operating in Saudi Arabia.",Business Support,Service activities | Investment licensing | Sector regulation,Company Owners | Compliance and Legal Teams | Local and International Businesses,Other service activities in Saudi Arabia | Motaded,"Other service activities in Saudi Arabia: Expert perspective on compliance, policy context, and practical business implications in Saudi Arabia.","Other service activities in Saudi Arabia with a concise, business-focused view of Saudi market and regulatory implicat","other service activities in saudi arabia, saudi arabia, motaded, business insights",Yes,Yes,Yes,Yes,Yes,Yes,Yes,Yes,manual_refined_en_batch2;reclass_body;manual_body_review
159,article,en,"Professional, scientific and technical activities in Saudi Arabia","Professional, scientific and technical activities in Saudi Arabia: Practical guidance on requirements, process considerations, and business implications for operating in Saudi Arabia.",Business Support,Professional services | Scientific activities | Technical consulting,Company Owners | Compliance and Legal Teams | Local and International Businesses,"Professional, scientific and technical activities in Saudi Arabia | ","Professional, scientific and technical activities in Saudi Arabia: Expert perspective on compliance, policy context, and practical business implications in Sa","Professional, scientific and technical activities in Saudi Arabia with a concise, business-focused view of Saudi marke","professional, scientific and technical activities in saudi arabia, saudi arabia, motaded, business insights",Yes,Yes,Yes,Yes,Yes,Yes,Yes,Yes,manual_refined_en_batch2;reclass_body;manual_body_review
160,article,en,Administrative activities and support services in Saudi Arabia,"Administrative activities and support services in Saudi Arabia: Practical guidance on requirements, process considerations, and business implications for operating in Saudi Arabia.",Business Support,Administrative services | Support activities | Business operations,Company Owners | Local and International Businesses | Compliance and Legal Teams,Administrative activities and support services in Saudi Arabia | Mot,"Administrative activities and support services in Saudi Arabia: Expert perspective on compliance, policy context, and practical business implications in Saudi","Administrative activities and support services in Saudi Arabia with a concise, business-focused view of Saudi market a","administrative activities and support services in saudi arabia, saudi arabia, motaded, business insights",Yes,Yes,Yes,Yes,Yes,Yes,Yes,Yes,manual_refined_en_batch2;reclass_body;manual_body_review
161,article,en,Financial and insurance activities in Saudi Arabia,"Financial and insurance activities in Saudi Arabia: Practical guidance on requirements, process considerations, and business implications for operating in Saudi Arabia.",Business Support,Financial services | Insurance sector | Market growth,Company Owners | Finance and Payroll Teams | Compliance and Legal Teams,Financial and insurance activities in Saudi Arabia | Motaded,"Financial and insurance activities in Saudi Arabia: Expert perspective on compliance, policy context, and practical business implications in Saudi Arabia.","Financial and insurance activities in Saudi Arabia with a concise, business-focused view of Saudi market and regulator","financial and insurance activities in saudi arabia, saudi arabia, motaded, business insights",Yes,Yes,Yes,Yes,Yes,Yes,Yes,Yes,manual_refined_en_batch2;reclass_body;manual_body_review
162,article,en,Real estate activities in Saudi Arabia,"Real estate activities in Saudi Arabia: Practical guidance on requirements, process considerations, and business implications for operating in Saudi Arabia.",Business Support,Real estate sector | Property investment | Development opportunities,Company Owners | Local and International Businesses | Compliance and Legal Teams,Real estate activities in Saudi Arabia | Motaded,"Real estate activities in Saudi Arabia: Expert perspective on compliance, policy context, and practical business implications in Saudi Arabia.","Real estate activities in Saudi Arabia with a concise, business-focused view of Saudi market and regulatory implicatio","real estate activities in saudi arabia, saudi arabia, motaded, business insights",Yes,Yes,Yes,Yes,Yes,Yes,Yes,Yes,manual_refined_en_batch2;reclass_body;manual_body_review
163,article,en,UFC,"UFC: Practical guidance on requirements, process considerations, and business implications for operating in Saudi Arabia.",Business Support,UFC partnership | Riyadh Season | Sports economy,Company Owners | Local and International Businesses | Compliance and Legal Teams,UFC | Motaded,"UFC: Expert perspective on compliance, policy context, and practical business implications in Saudi Arabia.","UFC with a concise, business-focused view of Saudi market and regulatory implications.","ufc, saudi arabia, motaded, business insights",Yes,Yes,Yes,Yes,Yes,Yes,Yes,Yes,manual_refined_en_batch2;reclass_body;manual_body_review
164,article,en,"Business Activities Agriculture, Forestry and Fishing in Saudi Arabia","Business Activities Agriculture, Forestry and Fishing in Saudi Arabia: Practical guidance on requirements, process considerations, and business implications for operating in Saudi Arabia.",Business Support,Agriculture and forestry | Fishing sector | Sustainable growth,Company Owners | Local and International Businesses | Compliance and Legal Teams,"Business Activities Agriculture, Forestry and Fishing in Saudi Arabi","Business Activities Agriculture, Forestry and Fishing in Saudi Arabia: Expert perspective on compliance, policy context, and practical business implications i","Business Activities Agriculture, Forestry and Fishing in Saudi Arabia with a concise, business-focused view of Saudi m","business activities agriculture, forestry and fishing in saudi arabia, saudi arabia, motaded, business insights",Yes,Yes,Yes,Yes,Yes,Yes,Yes,Yes,manual_refined_en_batch2;reclass_body;manual_body_review
165,article,en,Human health and social work activities in Saudi Arabia,"Human health and social work activities in Saudi Arabia: Practical guidance on requirements, process considerations, and business implications for operating in Saudi Arabia.",Business Support,Healthcare sector | Social work activities | Sector expansion,Company Owners | Local and International Businesses | Compliance and Legal Teams,Human health and social work activities in Saudi Arabia | Motaded,"Human health and social work activities in Saudi Arabia: Expert perspective on compliance, policy context, and practical business implications in Saudi Arabia","Human health and social work activities in Saudi Arabia with a concise, business-focused view of Saudi market and regu","human health and social work activities in saudi arabia, saudi arabia, motaded, business insights",Yes,Yes,Yes,Yes,Yes,Yes,Yes,Yes,manual_refined_en_batch2;reclass_body;manual_body_review
167,article,en,"Electricity, Gas, Steam and Air Conditioning Supply Activities in Saudi Arabia","Electricity, Gas, Steam and Air Conditioning Supply Activities in Saudi Arabia: Practical guidance on requirements, process considerations, and business implications for operating in Saudi Arabia.",Supplier registration service,Energy utilities sector | Supplier registration | Public procurement readiness,PRO and Government Relations Teams | Company Owners | Local and International Businesses,"Electricity, Gas, Steam and Air Conditioning Supply Activities in Sa","Electricity, Gas, Steam and Air Conditioning Supply Activities in Saudi Arabia: Expert perspective on compliance, policy context, and practical business impli","Electricity, Gas, Steam and Air Conditioning Supply Activities in Saudi Arabia with a concise, business-focused view o","electricity, gas, steam and air conditioning supply activities in saudi arabia, saudi arabia, motaded, business insights",Yes,Yes,No,Yes,Yes,Yes,Yes,Yes,manual_refined_en_batch2;reclass_body;manual_body_review
168,article,en,Bilateral relations between Saudi Arabia and India,"Bilateral relations between Saudi Arabia and India: Practical guidance on requirements, process considerations, and business implications for operating in Saudi Arabia.",Business Support,Saudi-India relations | Bilateral trade | International partnerships,Company Owners | Local and International Businesses | Compliance and Legal Teams,Bilateral relations between Saudi Arabia and India | Motaded,"Bilateral relations between Saudi Arabia and India: Expert perspective on compliance, policy context, and practical business implications in Saudi Arabia.","Bilateral relations between Saudi Arabia and India with a concise, business-focused view of Saudi market and regulator","bilateral relations between saudi arabia and india, saudi arabia, motaded, business insights",Yes,Yes,No,Yes,Yes,Yes,Yes,Yes,manual_refined_en_batch2;reclass_body;manual_body_review
169,article,en,Visa or entry permit for Hajj and Umrah,"Visa or entry permit for Hajj and Umrah: Practical guidance on requirements, process considerations, and business implications for operating in Saudi Arabia.",Residency & Visas,Hajj and Umrah visa | Entry permits | Pilgrimage services,PRO and Government Relations Teams | Company Owners | Local and International Businesses,Visa or entry permit for Hajj and Umrah | Motaded,"Visa or entry permit for Hajj and Umrah: Expert perspective on compliance, policy context, and practical business implications in Saudi Arabia.","Visa or entry permit for Hajj and Umrah with a concise, business-focused view of Saudi market and regulatory implicati","visa or entry permit for hajj and umrah, saudi arabia, motaded, business insights",Yes,Yes,Yes,Yes,Yes,Yes,Yes,Yes,manual_refined_en_batch2;reclass_body;manual_body_review
170,article,en,Quality of Life in Saudi Arabia,"Quality of Life in Saudi Arabia: Practical guidance on requirements, process considerations, and business implications for operating in Saudi Arabia.",Business Support,Quality of Life program | Vision 2030 initiatives | Social development,Company Owners | Local and International Businesses | Compliance and Legal Teams,Quality of Life in Saudi Arabia | Motaded,"Quality of Life in Saudi Arabia: Expert perspective on compliance, policy context, and practical business implications in Saudi Arabia.","Quality of Life in Saudi Arabia with a concise, business-focused view of Saudi market and regulatory implications.","quality of life in saudi arabia, saudi arabia, motaded, business insights",Yes,Yes,No,Yes,Yes,Yes,Yes,Yes,manual_refined_en_batch2;reclass_body;manual_body_review
171,article,en,Nusuk,"Nusuk: Practical guidance on requirements, process considerations, and business implications for operating in Saudi Arabia.",Government Relations Services,Nusuk platform | Pilgrimage procedures | Government digital services,PRO and Government Relations Teams | Company Owners | Compliance and Legal Teams,Nusuk | Motaded,"Nusuk: Expert perspective on compliance, policy context, and practical business implications in Saudi Arabia.","Nusuk with a concise, business-focused view of Saudi market and regulatory implications.","nusuk, saudi arabia, motaded, business insights",Yes,Yes,Yes,Yes,Yes,Yes,Yes,Yes,manual_refined_en_batch2;reclass_body;manual_body_review
172,article,en,Saudi Arabian Laws,"Saudi Arabian Laws: Practical guidance on requirements, process considerations, and business implications for operating in Saudi Arabia.",Business Support,Saudi investment law | Regulatory framework | Legal policies,Compliance and Legal Teams | Company Owners | Local and International Businesses,Saudi Arabian Laws | Motaded,"Saudi Arabian Laws: Expert perspective on compliance, policy context, and practical business implications in Saudi Arabia.","Saudi Arabian Laws with a concise, business-focused view of Saudi market and regulatory implications.","saudi arabian laws, saudi arabia, motaded, business insights",Yes,Yes,No,Yes,Yes,Yes,Yes,Yes,manual_refined_en_batch2;reclass_body;manual_body_review
173,article,en,Chambers of Commerce in Saudi Arabia 2026 | Investment Sovereignty & Attestation Guide - Motaded,"Chambers of Commerce in Saudi Arabia 2026 | Investment Sovereignty & Attestation Guide - Motaded: Practical guidance on requirements, process considerations, and business implications for operating in Saudi Arabia.",Government Relations Services,Chambers of Commerce | Attestation services | Commercial compliance,PRO and Government Relations Teams | Company Owners | Compliance and Legal Teams,Chambers of Commerce in Saudi Arabia 2026 | Investment Sovereignty &,"Chambers of Commerce in Saudi Arabia 2026 | Investment Sovereignty & Attestation Guide - Motaded: Expert perspective on compliance, policy context, and practi","Chambers of Commerce in Saudi Arabia 2026 | Investment Sovereignty & Attestation Guide - Motaded with a concise, busin","chambers of commerce in saudi arabia 2026 | investment sovereignty & attestation guide - motaded, saudi arabia, motaded, business insights",Yes,Yes,No,Yes,Yes,Yes,Yes,Yes,manual_refined_en_batch2;reclass_body;manual_body_review
174,article,en,The most important differences between the updated investment system and the foreign investment system,"The most important differences between the updated investment system and the foreign investment system: Practical overview of requirements, compliance considerations, and decision-making points for businesses in Saudi Arabia.",Business Support,Investment law updates | Regulatory comparison | Investor framework,Company Owners | Compliance and Legal Teams | Local and International Businesses,The most important differences between the updated investment system,"The most important differences between the updated investment system and the foreign investment system: Clear, business-focused analysis of regulatory context",The most important differences between the updated investment system and the foreign investment system with concise gu,"the most important differences between the updated investment system and the foreign investment system, saudi arabia, motaded, business analysis",Yes,Yes,No,Yes,Yes,Yes,Yes,Yes,manual_refined_en_batch3;reclass_body;manual_body_review
177,article,en,Saudi Ministry of Human Resources 2026 | Labor Sovereignty & Qiwa Guide - Motaded,"Saudi Ministry of Human Resources 2026 | Labor Sovereignty & Qiwa Guide - Motaded: Practical overview of requirements, compliance considerations, and decision-making points for businesses in Saudi Arabia.",HR Services,Ministry of Human Resources | Labor governance | Qiwa framework,HR and Workforce Teams | PRO and Government Relations Teams | Company Owners,Saudi Ministry of Human Resources 2026 | Labor Sovereignty & Qiwa Gu,"Saudi Ministry of Human Resources 2026 | Labor Sovereignty & Qiwa Guide - Motaded: Clear, business-focused analysis of regulatory context and practical implic",Saudi Ministry of Human Resources 2026 | Labor Sovereignty & Qiwa Guide - Motaded with concise guidance on market cont,"saudi ministry of human resources 2026 | labor sovereignty & qiwa guide - motaded, saudi arabia, motaded, business analysis",Yes,Yes,No,Yes,Yes,Yes,Yes,Yes,manual_refined_en_batch3;reclass_body;manual_body_review
186,article,en,Saudi National Address (SPL) 2026 | Sovereignty & Compliance Guide - Motaded,"Saudi National Address (SPL) 2026 | Sovereignty & Compliance Guide - Motaded: Practical overview of requirements, compliance considerations, and decision-making points for businesses in Saudi Arabia.",Government Relations Services,National Address (SPL) | Corporate compliance | Digital identity,PRO and Government Relations Teams | Company Owners | Compliance and Legal Teams,Saudi National Address (SPL) 2026 | Sovereignty & Compliance Guide -,"Saudi National Address (SPL) 2026 | Sovereignty & Compliance Guide - Motaded: Clear, business-focused analysis of regulatory context and practical implication",Saudi National Address (SPL) 2026 | Sovereignty & Compliance Guide - Motaded with concise guidance on market context a,"saudi national address (spl) 2026 | sovereignty & compliance guide - motaded, saudi arabia, motaded, business analysis",Yes,Yes,No,Yes,Yes,Yes,Yes,Yes,manual_refined_en_batch3;reclass_body;manual_body_review
191,article,en,Ras Al-Khair Special Economic Zone 2026 | Maritime Sovereignty & Empowerment Guide - Motaded,"Ras Al-Khair Special Economic Zone 2026 | Maritime Sovereignty & Empowerment Guide - Motaded: Practical overview of requirements, compliance considerations, and decision-making points for businesses in Saudi Arabia.",Business Support,Ras Al-Khair SEZ | Maritime industries | Special economic zones,Company Owners | Local and International Businesses | Compliance and Legal Teams,Ras Al-Khair Special Economic Zone 2026 | Maritime Sovereignty & Emp,"Ras Al-Khair Special Economic Zone 2026 | Maritime Sovereignty & Empowerment Guide - Motaded: Clear, business-focused analysis of regulatory context and pract",Ras Al-Khair Special Economic Zone 2026 | Maritime Sovereignty & Empowerment Guide - Motaded with concise guidance on ,"ras al-khair special economic zone 2026 | maritime sovereignty & empowerment guide - motaded, saudi arabia, motaded, business analysis",Yes,Yes,Yes,Yes,Yes,Yes,Yes,Yes,manual_refined_en_batch3;reclass_body;manual_body_review
192,article,en,King Abdullah Economic City (KAEC) 2026 | Investment Sovereignty & Empowerment Guide - Motaded,"King Abdullah Economic City (KAEC) 2026 | Investment Sovereignty & Empowerment Guide - Motaded: Practical overview of requirements, compliance considerations, and decision-making points for businesses in Saudi Arabia.",Business Support,KAEC investment | Economic cities | Strategic projects,Company Owners | Local and International Businesses | Compliance and Legal Teams,King Abdullah Economic City (KAEC) 2026 | Investment Sovereignty & E,"King Abdullah Economic City (KAEC) 2026 | Investment Sovereignty & Empowerment Guide - Motaded: Clear, business-focused analysis of regulatory context and pra",King Abdullah Economic City (KAEC) 2026 | Investment Sovereignty & Empowerment Guide - Motaded with concise guidance o,"king abdullah economic city (kaec) 2026 | investment sovereignty & empowerment guide - motaded, saudi arabia, motaded, business analysis",Yes,Yes,Yes,Yes,Yes,Yes,Yes,Yes,manual_refined_en_batch3;reclass_body;manual_body_review
196,article,en,Residency and Work Permit Costs in Saudi Arabia 2026 | Sovereignty & Compliance Guide - Motaded,"Residency and Work Permit Costs in Saudi Arabia 2026 | Sovereignty & Compliance Guide - Motaded: Practical overview of requirements, compliance considerations, and decision-making points for businesses in Saudi Arabia.",Residency & Visas,Residency costs | Work permit fees | Workforce planning,HR and Workforce Teams | Finance and Payroll Teams | Company Owners,Residency and Work Permit Costs in Saudi Arabia 2026 | Sovereignty &,"Residency and Work Permit Costs in Saudi Arabia 2026 | Sovereignty & Compliance Guide - Motaded: Clear, business-focused analysis of regulatory context and pr",Residency and Work Permit Costs in Saudi Arabia 2026 | Sovereignty & Compliance Guide - Motaded with concise guidance ,"residency and work permit costs in saudi arabia 2026 | sovereignty & compliance guide - motaded, saudi arabia, motaded, business analysis",Yes,Yes,Yes,Yes,Yes,Yes,Yes,Yes,manual_refined_en_batch3;reclass_body;manual_body_review
199,article,en,“Motaded’s Role in Aramco Recruitment and Workforce Solutions in Saudi Arabia”,"“Motaded’s Role in Aramco Recruitment and Workforce Solutions in Saudi Arabia”: Practical overview of requirements, compliance considerations, and decision-making points for businesses in Saudi Arabia.",HR Services,Aramco recruitment | Workforce solutions | Talent acquisition,HR and Workforce Teams | Company Owners | Local and International Businesses,“Motaded’s Role in Aramco Recruitment and Workforce Solutions in Sau,"“Motaded’s Role in Aramco Recruitment and Workforce Solutions in Saudi Arabia”: Clear, business-focused analysis of regulatory context and practical implicati",“Motaded’s Role in Aramco Recruitment and Workforce Solutions in Saudi Arabia” with concise guidance on market context,"“motaded’s role in aramco recruitment and workforce solutions in saudi arabia”, saudi arabia, motaded, business analysis",Yes,Yes,Yes,Yes,Yes,Yes,Yes,Yes,manual_refined_en_batch3;reclass_body;manual_body_review
200,article,en,Al-Ula: A Gateway to Investment Opportunities in Saudi Arabia,"Al-Ula: A Gateway to Investment Opportunities in Saudi Arabia: Practical overview of requirements, compliance considerations, and decision-making points for businesses in Saudi Arabia.",Business Support,Al-Ula investment | Tourism development | Regional opportunities,Company Owners | Local and International Businesses | Compliance and Legal Teams,Al-Ula: A Gateway to Investment Opportunities in Saudi Arabia | Mota,"Al-Ula: A Gateway to Investment Opportunities in Saudi Arabia: Clear, business-focused analysis of regulatory context and practical implications for operating",Al-Ula: A Gateway to Investment Opportunities in Saudi Arabia with concise guidance on market context and compliance i,"al-ula: a gateway to investment opportunities in saudi arabia, saudi arabia, motaded, business analysis",Yes,Yes,Yes,Yes,Yes,Yes,Yes,Yes,manual_refined_en_batch3;reclass_body;manual_body_review
201,article,en,Qiddiya Project: A Gateway to Investment Opportunities in Saudi Arabia,"Qiddiya Project: A Gateway to Investment Opportunities in Saudi Arabia: Practical overview of requirements, compliance considerations, and decision-making points for businesses in Saudi Arabia.",Business Support,Qiddiya project | Entertainment investment | Vision 2030 projects,Company Owners | Local and International Businesses | Compliance and Legal Teams,Qiddiya Project: A Gateway to Investment Opportunities in Saudi Arab,"Qiddiya Project: A Gateway to Investment Opportunities in Saudi Arabia: Clear, business-focused analysis of regulatory context and practical implications for ",Qiddiya Project: A Gateway to Investment Opportunities in Saudi Arabia with concise guidance on market context and com,"qiddiya project: a gateway to investment opportunities in saudi arabia, saudi arabia, motaded, business analysis",Yes,Yes,Yes,Yes,Yes,Yes,Yes,Yes,manual_refined_en_batch3;reclass_body;manual_body_review
202,article,en,The Saudi Arabian Stadiums Project: A Major Investment Opportunity for Foreign Companies,"The Saudi Arabian Stadiums Project: A Major Investment Opportunity for Foreign Companies: Practical overview of requirements, compliance considerations, and decision-making points for businesses in Saudi Arabia.",Business Support,Saudi stadiums project | Sports infrastructure | Foreign investment,Company Owners | Local and International Businesses | Compliance and Legal Teams,The Saudi Arabian Stadiums Project: A Major Investment Opportunity f,"The Saudi Arabian Stadiums Project: A Major Investment Opportunity for Foreign Companies: Clear, business-focused analysis of regulatory context and practical",The Saudi Arabian Stadiums Project: A Major Investment Opportunity for Foreign Companies with concise guidance on mark,"the saudi arabian stadiums project: a major investment opportunity for foreign companies, saudi arabia, motaded, business analysis",Yes,Yes,Yes,Yes,Yes,Yes,Yes,Yes,manual_refined_en_batch3;reclass_body;manual_body_review
203,article,en,Al-Soudah,"Al-Soudah: Practical overview of requirements, compliance considerations, and decision-making points for businesses in Saudi Arabia.",Business Support,Al-Soudah development | Luxury destination | Tourism investment,Company Owners | Local and International Businesses | Compliance and Legal Teams,Al-Soudah | Motaded,"Al-Soudah: Clear, business-focused analysis of regulatory context and practical implications for operating in Saudi Arabia.",Al-Soudah with concise guidance on market context and compliance implications in Saudi Arabia.,"al-soudah, saudi arabia, motaded, business analysis",Yes,Yes,Yes,Yes,Yes,Yes,Yes,Yes,manual_refined_en_batch3;reclass_body;manual_body_review
207,article,en,Giga projects in Saudi Arabia,"Giga projects in Saudi Arabia: Practical overview of requirements, compliance considerations, and decision-making points for businesses in Saudi Arabia.",Business Support,Giga projects | Vision 2030 execution | Strategic development,Company Owners | Local and International Businesses | Compliance and Legal Teams,Giga projects in Saudi Arabia | Motaded,"Giga projects in Saudi Arabia: Clear, business-focused analysis of regulatory context and practical implications for operating in Saudi Arabia.",Giga projects in Saudi Arabia with concise guidance on market context and compliance implications in Saudi Arabia.,"giga projects in saudi arabia, saudi arabia, motaded, business analysis",Yes,Yes,Yes,Yes,Yes,Yes,Yes,Yes,manual_refined_en_batch3;reclass_body;manual_body_review
208,article,en,Six Flags In Saudi Arabia,"Six Flags In Saudi Arabia: Practical overview of requirements, compliance considerations, and decision-making points for businesses in Saudi Arabia.",Business Support,Six Flags Saudi Arabia | Entertainment economy | PIF projects,Company Owners | Local and International Businesses | Compliance and Legal Teams,Six Flags In Saudi Arabia | Motaded,"Six Flags In Saudi Arabia: Clear, business-focused analysis of regulatory context and practical implications for operating in Saudi Arabia.",Six Flags In Saudi Arabia with concise guidance on market context and compliance implications in Saudi Arabia.,"six flags in saudi arabia, saudi arabia, motaded, business analysis",Yes,Yes,Yes,Yes,Yes,Yes,Yes,Yes,manual_refined_en_batch3;reclass_body;manual_body_review
209,article,en,MUSAHAMA Program,"MUSAHAMA Program: Practical overview of requirements, compliance considerations, and decision-making points for businesses in Saudi Arabia.",Supplier registration service,MUSAHAMA program | Supplier development | Supply chain localization,PRO and Government Relations Teams | Company Owners | Local and International Businesses,MUSAHAMA Program | Motaded,"MUSAHAMA Program: Clear, business-focused analysis of regulatory context and practical implications for operating in Saudi Arabia.",MUSAHAMA Program with concise guidance on market context and compliance implications in Saudi Arabia.,"musahama program, saudi arabia, motaded, business analysis",Yes,Yes,Yes,Yes,Yes,Yes,Yes,Yes,manual_refined_en_batch3;reclass_body;manual_body_review
210,article,en,Fueling Saudi Arabia’s Manufacturing Future,"Fueling Saudi Arabia’s Manufacturing Future: Practical overview of requirements, compliance considerations, and decision-making points for businesses in Saudi Arabia.",Business Support,Accelerated Manufacturing Program | Industrial growth | SME manufacturing,Company Owners | Local and International Businesses | Compliance and Legal Teams,Fueling Saudi Arabia’s Manufacturing Future | Motaded,"Fueling Saudi Arabia’s Manufacturing Future: Clear, business-focused analysis of regulatory context and practical implications for operating in Saudi Arabia.",Fueling Saudi Arabia’s Manufacturing Future with concise guidance on market context and compliance implications in Sau,"fueling saudi arabia’s manufacturing future, saudi arabia, motaded, business analysis",Yes,Yes,Yes,Yes,Yes,Yes,Yes,Yes,manual_refined_en_batch3;reclass_body;manual_body_review
211,article,en,Contractor Program in Saudi Arabia,"Contractor Program in Saudi Arabia: Practical overview of requirements, compliance considerations, and decision-making points for businesses in Saudi Arabia.",Supplier registration service,Contractor program | PIF contractors | Vendor capability,PRO and Government Relations Teams | Company Owners | Local and International Businesses,Contractor Program in Saudi Arabia | Motaded,"Contractor Program in Saudi Arabia: Clear, business-focused analysis of regulatory context and practical implications for operating in Saudi Arabia.",Contractor Program in Saudi Arabia with concise guidance on market context and compliance implications in Saudi Arabia,"contractor program in saudi arabia, saudi arabia, motaded, business analysis",Yes,Yes,Yes,Yes,Yes,Yes,Yes,Yes,manual_refined_en_batch3;reclass_body;manual_body_review
213,article,en,Empowering Saudi Arabia’s SMEs: An In-Depth Look at Portfolio Companies SME Programs,"Empowering Saudi Arabia’s SMEs: An In-Depth Look at Portfolio Companies SME Programs: Practical overview of requirements, compliance considerations, and decision-making points for businesses in Saudi Arabia.",Business Support,SME programs | Portfolio companies | Entrepreneurship support,Company Owners | Local and International Businesses | Compliance and Legal Teams,Empowering Saudi Arabia’s SMEs: An In-Depth Look at Portfolio Compan,"Empowering Saudi Arabia’s SMEs: An In-Depth Look at Portfolio Companies SME Programs: Clear, business-focused analysis of regulatory context and practical imp",Empowering Saudi Arabia’s SMEs: An In-Depth Look at Portfolio Companies SME Programs with concise guidance on market c,"empowering saudi arabia’s smes: an in-depth look at portfolio companies sme programs, saudi arabia, motaded, business analysis",Yes,Yes,Yes,Yes,Yes,Yes,Yes,Yes,manual_refined_en_batch3;reclass_body;manual_body_review
214,article,en,Become a Supplier in Saudi Arabia,"Become a Supplier in Saudi Arabia: Practical overview of requirements, compliance considerations, and decision-making points for businesses in Saudi Arabia.",Supplier registration service,Become a supplier | PIF supply chains | Vendor onboarding,PRO and Government Relations Teams | Company Owners | Local and International Businesses,Become a Supplier in Saudi Arabia | Motaded,"Become a Supplier in Saudi Arabia: Clear, business-focused analysis of regulatory context and practical implications for operating in Saudi Arabia.",Become a Supplier in Saudi Arabia with concise guidance on market context and compliance implications in Saudi Arabia.,"become a supplier in saudi arabia, saudi arabia, motaded, business analysis",Yes,Yes,Yes,Yes,Yes,Yes,Yes,Yes,manual_refined_en_batch3;reclass_body;manual_body_review
215,article,en,The National Investment Strategy: Shaping Saudi Arabia's Future,"The National Investment Strategy: Shaping Saudi Arabia's Future: Practical overview of requirements, compliance considerations, and decision-making points for businesses in Saudi Arabia.",Business Support,National Investment Strategy | Economic diversification | Investment policy,Company Owners | Local and International Businesses | Compliance and Legal Teams,The National Investment Strategy: Shaping Saudi Arabia's Future | Mo,"The National Investment Strategy: Shaping Saudi Arabia's Future: Clear, business-focused analysis of regulatory context and practical implications for operati",The National Investment Strategy: Shaping Saudi Arabia's Future with concise guidance on market context and compliance,"the national investment strategy: shaping saudi arabia's future, saudi arabia, motaded, business analysis",Yes,Yes,Yes,Yes,Yes,Yes,Yes,Yes,manual_refined_en_batch3;reclass_body;manual_body_review
216,article,en,Working hours in Ramadan in Saudi Arabia for the year 2025,"Working hours in Ramadan in Saudi Arabia for the year 2025: Practical overview of requirements, compliance considerations, and decision-making points for businesses in Saudi Arabia.",HR Services,Ramadan working hours | Labor law | Employment compliance,HR and Workforce Teams | Compliance and Legal Teams | Company Owners,Working hours in Ramadan in Saudi Arabia for the year 2025 | Motaded,"Working hours in Ramadan in Saudi Arabia for the year 2025: Clear, business-focused analysis of regulatory context and practical implications for operating in",Working hours in Ramadan in Saudi Arabia for the year 2025 with concise guidance on market context and compliance impl,"working hours in ramadan in saudi arabia for the year 2025, saudi arabia, motaded, business analysis",Yes,Yes,Yes,Yes,Yes,Yes,Yes,Yes,manual_refined_en_batch3;reclass_body;manual_body_review
217,article,en,Investment for foreigners is now allowed in Mecca and Medina,"Investment for foreigners is now allowed in Mecca and Medina: Strategic and practical guidance on market context, compliance requirements, and implementation priorities for businesses in Saudi Arabia.",Business Support,Foreign investment in Makkah and Madinah | Regulatory update | Investment policy,Company Owners | Compliance and Legal Teams | Local and International Businesses,Investment for foreigners is now allowed in Mecca and Medina | Motad,"Investment for foreigners is now allowed in Mecca and Medina: Business-focused analysis of regulatory context, market relevance, and practical implications fo",Investment for foreigners is now allowed in Mecca and Medina with concise insights on compliance context and operation,"investment for foreigners is now allowed in mecca and medina, saudi arabia, motaded, market insights",Yes,Yes,Yes,Yes,Yes,Yes,Yes,Yes,manual_refined_en_batch4;reclass_body;manual_body_review
219,article,en,Eastern Province Municipality signs investment contracts worth 600 million riyals,"Eastern Province Municipality signs investment contracts worth 600 million riyals: Strategic and practical guidance on market context, compliance requirements, and implementation priorities for businesses in Saudi Arabia.",Business Support,Eastern Province projects | Municipal investment | Public-private opportunities,Company Owners | Local and International Businesses | Compliance and Legal Teams,Eastern Province Municipality signs investment contracts worth 600 m,"Eastern Province Municipality signs investment contracts worth 600 million riyals: Business-focused analysis of regulatory context, market relevance, and prac",Eastern Province Municipality signs investment contracts worth 600 million riyals with concise insights on compliance ,"eastern province municipality signs investment contracts worth 600 million riyals, saudi arabia, motaded, market insights",Yes,Yes,Yes,Yes,Yes,Yes,Yes,Yes,manual_refined_en_batch4;reclass_body;manual_body_review
220,article,en,Chinese Investments in Saudi Arabia,"Chinese Investments in Saudi Arabia: Strategic and practical guidance on market context, compliance requirements, and implementation priorities for businesses in Saudi Arabia.",Business Support,Chinese investments | Bilateral cooperation | Strategic sectors,Company Owners | Local and International Businesses | Compliance and Legal Teams,Chinese Investments in Saudi Arabia | Motaded,"Chinese Investments in Saudi Arabia: Business-focused analysis of regulatory context, market relevance, and practical implications for operations in Saudi Ara",Chinese Investments in Saudi Arabia with concise insights on compliance context and operational implications in Saudi ,"chinese investments in saudi arabia, saudi arabia, motaded, market insights",Yes,Yes,Yes,Yes,Yes,Yes,Yes,Yes,manual_refined_en_batch4;reclass_body;manual_body_review
222,article,en,Investment Projects Between Saudi Arabia and the USA,"Investment Projects Between Saudi Arabia and the USA: Strategic and practical guidance on market context, compliance requirements, and implementation priorities for businesses in Saudi Arabia.",Business Support,Saudi-US investment projects | International partnerships | Market opportunities,Company Owners | Local and International Businesses | Compliance and Legal Teams,Investment Projects Between Saudi Arabia and the USA | Motaded,"Investment Projects Between Saudi Arabia and the USA: Business-focused analysis of regulatory context, market relevance, and practical implications for operat",Investment Projects Between Saudi Arabia and the USA with concise insights on compliance context and operational impli,"investment projects between saudi arabia and the usa, saudi arabia, motaded, market insights",Yes,Yes,Yes,Yes,Yes,Yes,Yes,Yes,manual_refined_en_batch4;reclass_body;manual_body_review
223,article,en,Saudi Arabia Stock Market,"Saudi Arabia Stock Market: Strategic and practical guidance on market context, compliance requirements, and implementation priorities for businesses in Saudi Arabia.",Business Support,Saudi stock market | Capital market trends | Investor sentiment,Company Owners | Finance and Payroll Teams | Local and International Businesses,Saudi Arabia Stock Market | Motaded,"Saudi Arabia Stock Market: Business-focused analysis of regulatory context, market relevance, and practical implications for operations in Saudi Arabia.",Saudi Arabia Stock Market with concise insights on compliance context and operational implications in Saudi Arabia.,"saudi arabia stock market, saudi arabia, motaded, market insights",Yes,Yes,Yes,Yes,Yes,Yes,Yes,Yes,manual_refined_en_batch4;reclass_body;manual_body_review
271,article,en,Check the business setup cost in Saudi Arabia for investing,"Check the business setup cost in Saudi Arabia for investing: Strategic and practical guidance on market context, compliance requirements, and implementation priorities for businesses in Saudi Arabia.",Business Support,Business setup cost | Investment budgeting | Company formation planning,Company Owners | Finance and Payroll Teams | Compliance and Legal Teams,Check the business setup cost in Saudi Arabia for investing | Motade,"Check the business setup cost in Saudi Arabia for investing: Business-focused analysis of regulatory context, market relevance, and practical implications for",Check the business setup cost in Saudi Arabia for investing with concise insights on compliance context and operationa,"check the business setup cost in saudi arabia for investing, saudi arabia, motaded, market insights",Yes,Yes,Yes,Yes,Yes,Yes,Yes,Yes,manual_refined_en_batch4;reclass_body;manual_body_review
283,article,en,Register a Business in Saudi Arabia 2026 | Start Company Guide - Motaded,"Register a Business in Saudi Arabia 2026 | Start Company Guide - Motaded: Strategic and practical guidance on market context, compliance requirements, and implementation priorities for businesses in Saudi Arabia.",Business Support,Registering a business | Company setup steps | Market entry process,Company Owners | Compliance and Legal Teams | Local and International Businesses,Register a Business in Saudi Arabia 2026 | Start Company Guide - Mot,"Register a Business in Saudi Arabia 2026 | Start Company Guide - Motaded: Business-focused analysis of regulatory context, market relevance, and practical imp",Register a Business in Saudi Arabia 2026 | Start Company Guide - Motaded with concise insights on compliance context a,"register a business in saudi arabia 2026 | start company guide - motaded, saudi arabia, motaded, market insights",Yes,Yes,Yes,Yes,Yes,Yes,Yes,Yes,manual_refined_en_batch4;reclass_body;manual_body_review
290,article,en,"Can Foreigners Do Business in Saudi Arabia? Yes, Start Here","Can Foreigners Do Business in Saudi Arabia? Yes, Start Here: Strategic and practical guidance on market context, compliance requirements, and implementation priorities for businesses in Saudi Arabia.",Business Support,Foreign business ownership | Entry requirements | Investor eligibility,Company Owners | Compliance and Legal Teams | Local and International Businesses,"Can Foreigners Do Business in Saudi Arabia? Yes, Start Here | Motade","Can Foreigners Do Business in Saudi Arabia? Yes, Start Here: Business-focused analysis of regulatory context, market relevance, and practical implications for","Can Foreigners Do Business in Saudi Arabia? Yes, Start Here with concise insights on compliance context and operationa","can foreigners do business in saudi arabia? yes, start here, saudi arabia, motaded, market insights",Yes,Yes,Yes,Yes,Yes,Yes,Yes,Yes,manual_refined_en_batch4;reclass_body;manual_body_review
295,article,en,Cost of Opening a Company in Saudi Arabia: Full 2026 Guide - Motaded,"Cost of Opening a Company in Saudi Arabia: Full 2026 Guide - Motaded: Strategic and practical guidance on market context, compliance requirements, and implementation priorities for businesses in Saudi Arabia.",Business Support,Company opening cost | Incorporation fees | Setup budgeting,Company Owners | Finance and Payroll Teams | Compliance and Legal Teams,Cost of Opening a Company in Saudi Arabia: Full 2026 Guide - Motaded,"Cost of Opening a Company in Saudi Arabia: Full 2026 Guide - Motaded: Business-focused analysis of regulatory context, market relevance, and practical implica",Cost of Opening a Company in Saudi Arabia: Full 2026 Guide - Motaded with concise insights on compliance context and o,"cost of opening a company in saudi arabia: full 2026 guide - motaded, saudi arabia, motaded, market insights",Yes,Yes,Yes,Yes,Yes,Yes,Yes,Yes,manual_refined_en_batch4;reclass_body;manual_body_review
298,article,en,Business Setup Process in Saudi Arabia: Step-by-Step Guide,"Business Setup Process in Saudi Arabia: Step-by-Step Guide: Strategic and practical guidance on market context, compliance requirements, and implementation priorities for businesses in Saudi Arabia.",Business Support,Business setup process | Step-by-step incorporation | Regulatory workflow,Company Owners | Compliance and Legal Teams | Local and International Businesses,Business Setup Process in Saudi Arabia: Step-by-Step Guide | Motaded,"Business Setup Process in Saudi Arabia: Step-by-Step Guide: Business-focused analysis of regulatory context, market relevance, and practical implications for ",Business Setup Process in Saudi Arabia: Step-by-Step Guide with concise insights on compliance context and operational,"business setup process in saudi arabia: step-by-step guide, saudi arabia, motaded, market insights",Yes,Yes,Yes,Yes,Yes,Yes,Yes,Yes,manual_refined_en_batch4;reclass_body;manual_body_review
303,article,en,Explore Promising Industries in Saudi Arabia for UAE Firms,"Explore Promising Industries in Saudi Arabia for UAE Firms: Strategic and practical guidance on market context, compliance requirements, and implementation priorities for businesses in Saudi Arabia.",Business Support,Promising industries | UAE firms in Saudi | Sector opportunities,Company Owners | Local and International Businesses | Compliance and Legal Teams,Explore Promising Industries in Saudi Arabia for UAE Firms | Motaded,"Explore Promising Industries in Saudi Arabia for UAE Firms: Business-focused analysis of regulatory context, market relevance, and practical implications for ",Explore Promising Industries in Saudi Arabia for UAE Firms with concise insights on compliance context and operational,"explore promising industries in saudi arabia for uae firms, saudi arabia, motaded, market insights",Yes,Yes,Yes,Yes,Yes,Yes,Yes,Yes,manual_refined_en_batch4;reclass_body;manual_body_review
306,article,en,MISA Business Licensing Saudi Arabia 2026 | Full Investment Guide - Motaded,"MISA Business Licensing Saudi Arabia 2026 | Full Investment Guide - Motaded: Strategic and practical guidance on market context, compliance requirements, and implementation priorities for businesses in Saudi Arabia.",Business Support,MISA business license | Investment licensing | Regulatory approvals,Company Owners | Compliance and Legal Teams | PRO and Government Relations Teams,MISA Business Licensing Saudi Arabia 2026 | Full Investment Guide - ,"MISA Business Licensing Saudi Arabia 2026 | Full Investment Guide - Motaded: Business-focused analysis of regulatory context, market relevance, and practical ",MISA Business Licensing Saudi Arabia 2026 | Full Investment Guide - Motaded with concise insights on compliance contex,"misa business licensing saudi arabia 2026 | full investment guide - motaded, saudi arabia, motaded, market insights",Yes,Yes,Yes,Yes,Yes,Yes,Yes,Yes,manual_refined_en_batch4;reclass_body;manual_body_review
308,article,en,Latest Saudization Rules| A Guide for UAE Companies,"Latest Saudization Rules| A Guide for UAE Companies: Strategic and practical guidance on market context, compliance requirements, and implementation priorities for businesses in Saudi Arabia.",Government Relations Services,Saudization rules | Nitaqat compliance | Labor obligations,PRO and Government Relations Teams | HR and Workforce Teams | Company Owners,Latest Saudization Rules| A Guide for UAE Companies | Motaded,"Latest Saudization Rules| A Guide for UAE Companies: Business-focused analysis of regulatory context, market relevance, and practical implications for operati",Latest Saudization Rules| A Guide for UAE Companies with concise insights on compliance context and operational implic,"latest saudization rules| a guide for uae companies, saudi arabia, motaded, market insights",Yes,Yes,Yes,Yes,Yes,Yes,Yes,Yes,manual_refined_en_batch4;reclass_body;manual_body_review
310,article,en,Everything You Need to Know About Getting a Car License,"Everything You Need to Know About Getting a Car License: Strategic and practical guidance on market context, compliance requirements, and implementation priorities for businesses in Saudi Arabia.",Government Relations Services,Vehicle licensing | Car registration rules | Regulatory process,PRO and Government Relations Teams | Company Owners | Compliance and Legal Teams,Everything You Need to Know About Getting a Car License | Motaded,"Everything You Need to Know About Getting a Car License: Business-focused analysis of regulatory context, market relevance, and practical implications for ope",Everything You Need to Know About Getting a Car License with concise insights on compliance context and operational im,"everything you need to know about getting a car license, saudi arabia, motaded, market insights",Yes,Yes,Yes,Yes,Yes,Yes,Yes,Yes,manual_refined_en_batch4;reclass_body;manual_body_review
311,article,en,How to Get a GOSI Certificate: A Step-by-Step Guide,"How to Get a GOSI Certificate: A Step-by-Step Guide: Strategic and practical guidance on market context, compliance requirements, and implementation priorities for businesses in Saudi Arabia.",Government Relations Services,GOSI certificate | Social insurance compliance | HR administration,PRO and Government Relations Teams | HR and Workforce Teams | Company Owners,How to Get a GOSI Certificate: A Step-by-Step Guide | Motaded,"How to Get a GOSI Certificate: A Step-by-Step Guide: Business-focused analysis of regulatory context, market relevance, and practical implications for operati",How to Get a GOSI Certificate: A Step-by-Step Guide with concise insights on compliance context and operational implic,"how to get a gosi certificate: a step-by-step guide, saudi arabia, motaded, market insights",Yes,Yes,Yes,Yes,Yes,Yes,Yes,Yes,manual_refined_en_batch4;reclass_body;manual_body_review
317,article,en,"Driving Licence Categories Saudi Arabia: Rules, Eligibility","Driving Licence Categories Saudi Arabia: Rules, Eligibility: Strategic and practical guidance on market context, compliance requirements, and implementation priorities for businesses in Saudi Arabia.",Government Relations Services,Driving license categories | Eligibility rules | Licensing procedures,PRO and Government Relations Teams | Company Owners | Local and International Businesses,"Driving Licence Categories Saudi Arabia: Rules, Eligibility | Motade","Driving Licence Categories Saudi Arabia: Rules, Eligibility: Business-focused analysis of regulatory context, market relevance, and practical implications for","Driving Licence Categories Saudi Arabia: Rules, Eligibility with concise insights on compliance context and operationa","driving licence categories saudi arabia: rules, eligibility, saudi arabia, motaded, market insights",Yes,Yes,Yes,Yes,Yes,Yes,Yes,Yes,manual_refined_en_batch4;reclass_body;manual_body_review
318,article,en,The 2026 Procedural Conflict in the Nitaqat System: Operational Sovereignty of the Green Tier vs. the Paralysis of the Red Tier,"The 2026 Procedural Conflict in the Nitaqat System: Operational Sovereignty of the Green Tier vs. the Paralysis of the Red Tier: Strategic and practical guidance on market context, compliance requirements, and implementation priorities for businesses in Saudi Arabia.",Government Relations Services,Nitaqat tiers | Compliance risk | Workforce regulation,PRO and Government Relations Teams | HR and Workforce Teams | Company Owners,The 2026 Procedural Conflict in the Nitaqat System: Operational Sove,The 2026 Procedural Conflict in the Nitaqat System: Operational Sovereignty of the Green Tier vs. the Paralysis of the Red Tier: Business-focused analysis of ,The 2026 Procedural Conflict in the Nitaqat System: Operational Sovereignty of the Green Tier vs. the Paralysis of the,"the 2026 procedural conflict in the nitaqat system: operational sovereignty of the green tier vs. the paralysis of the red tier, saudi arabia, motaded, market insights",Yes,Yes,Yes,Yes,Yes,Yes,Yes,Yes,manual_refined_en_batch4;reclass_body;manual_body_review
319,article,en,Ecommerce licenses in Saudi Arabia,"Ecommerce licenses in Saudi Arabia: Strategic and practical guidance on market context, compliance requirements, and implementation priorities for businesses in Saudi Arabia.",Business Support,Ecommerce licensing | Online business setup | Digital commerce regulation,Company Owners | Compliance and Legal Teams | Local and International Businesses,Ecommerce licenses in Saudi Arabia | Motaded,"Ecommerce licenses in Saudi Arabia: Business-focused analysis of regulatory context, market relevance, and practical implications for operations in Saudi Arab",Ecommerce licenses in Saudi Arabia with concise insights on compliance context and operational implications in Saudi A,"ecommerce licenses in saudi arabia, saudi arabia, motaded, market insights",Yes,Yes,Yes,Yes,Yes,Yes,Yes,Yes,manual_refined_en_batch4;reclass_body;manual_body_review
321,article,en,Chamber of commerce certificate Saudi Arabia: Uses,"Chamber of commerce certificate Saudi Arabia: Uses: Strategic and practical guidance on market context, compliance requirements, and implementation priorities for businesses in Saudi Arabia.",Government Relations Services,Chamber certificate | Commercial attestation | Business documentation,PRO and Government Relations Teams | Company Owners | Compliance and Legal Teams,Chamber of commerce certificate Saudi Arabia: Uses | Motaded,"Chamber of commerce certificate Saudi Arabia: Uses: Business-focused analysis of regulatory context, market relevance, and practical implications for operatio",Chamber of commerce certificate Saudi Arabia: Uses with concise insights on compliance context and operational implica,"chamber of commerce certificate saudi arabia: uses, saudi arabia, motaded, market insights",Yes,Yes,Yes,Yes,Yes,Yes,Yes,Yes,manual_refined_en_batch4;reclass_body;manual_body_review
324,article,en,Get New Rules for Iqama Renewal in Saudi Arabia 2025,"Get New Rules for Iqama Renewal in Saudi Arabia 2025: Strategic and practical guidance on market context, compliance requirements, and implementation priorities for businesses in Saudi Arabia.",Residency & Visas,Iqama renewal rules | Residency compliance | Workforce continuity,HR and Workforce Teams | PRO and Government Relations Teams | Company Owners,Get New Rules for Iqama Renewal in Saudi Arabia 2025 | Motaded,"Get New Rules for Iqama Renewal in Saudi Arabia 2025: Business-focused analysis of regulatory context, market relevance, and practical implications for operat",Get New Rules for Iqama Renewal in Saudi Arabia 2025 with concise insights on compliance context and operational impli,"get new rules for iqama renewal in saudi arabia 2025, saudi arabia, motaded, market insights",Yes,Yes,Yes,Yes,Yes,Yes,Yes,Yes,manual_refined_en_batch4;reclass_body;manual_body_review
325,article,en,Muqeem Portal Registration: Step-by-Step Guide for Expats,"Muqeem Portal Registration: Step-by-Step Guide for Expats: Actionable overview of legal context, implementation priorities, and practical implications for businesses in Saudi Arabia.",Government Relations Services,Muqeem registration | Expat services | Digital government platform,PRO and Government Relations Teams | HR and Workforce Teams | Company Owners,Muqeem Portal Registration: Step-by-Step Guide for Expats | Motaded,"Muqeem Portal Registration: Step-by-Step Guide for Expats: Practical, business-oriented analysis of market relevance, compliance factors, and execution consid",Muqeem Portal Registration: Step-by-Step Guide for Expats with concise insight into regulatory context and operational,"muqeem portal registration: step-by-step guide for expats, saudi arabia, motaded, regulatory insights",Yes,Yes,Yes,Yes,Yes,Yes,Yes,Yes,manual_refined_en_batch5;reclass_body;manual_body_review
332,article,en,Zakat and Tax in Saudi Arabia: Business Compliance Guide,"Zakat and Tax in Saudi Arabia: Business Compliance Guide: Actionable overview of legal context, implementation priorities, and practical implications for businesses in Saudi Arabia.",Accounting services,Zakat and tax compliance | Fiscal obligations | Business taxation,Finance and Payroll Teams | Compliance and Legal Teams | Company Owners,Zakat and Tax in Saudi Arabia: Business Compliance Guide | Motaded,"Zakat and Tax in Saudi Arabia: Business Compliance Guide: Practical, business-oriented analysis of market relevance, compliance factors, and execution conside",Zakat and Tax in Saudi Arabia: Business Compliance Guide with concise insight into regulatory context and operational ,"zakat and tax in saudi arabia: business compliance guide, saudi arabia, motaded, regulatory insights",Yes,Yes,Yes,Yes,Yes,Yes,Yes,Yes,manual_refined_en_batch5;reclass_body;manual_body_review
333,article,en,Guide to Understanding Income Tax Saudi Arabia Policies,"Guide to Understanding Income Tax Saudi Arabia Policies: Actionable overview of legal context, implementation priorities, and practical implications for businesses in Saudi Arabia.",Accounting services,Income tax policy | Corporate taxation | Compliance planning,Finance and Payroll Teams | Compliance and Legal Teams | Company Owners,Guide to Understanding Income Tax Saudi Arabia Policies | Motaded,"Guide to Understanding Income Tax Saudi Arabia Policies: Practical, business-oriented analysis of market relevance, compliance factors, and execution consider",Guide to Understanding Income Tax Saudi Arabia Policies with concise insight into regulatory context and operational i,"guide to understanding income tax saudi arabia policies, saudi arabia, motaded, regulatory insights",Yes,Yes,Yes,Yes,Yes,Yes,Yes,Yes,manual_refined_en_batch5;reclass_body;manual_body_review
345,article,en,Ajeer Paper in Saudi Arabia: Temporary Work Authorization,"Ajeer Paper in Saudi Arabia: Temporary Work Authorization: Actionable overview of legal context, implementation priorities, and practical implications for businesses in Saudi Arabia.",HR Services,Ajeer paper | Temporary work authorization | Workforce mobility,HR and Workforce Teams | PRO and Government Relations Teams | Company Owners,Ajeer Paper in Saudi Arabia: Temporary Work Authorization | Motaded,"Ajeer Paper in Saudi Arabia: Temporary Work Authorization: Practical, business-oriented analysis of market relevance, compliance factors, and execution consid",Ajeer Paper in Saudi Arabia: Temporary Work Authorization with concise insight into regulatory context and operational,"ajeer paper in saudi arabia: temporary work authorization, saudi arabia, motaded, regulatory insights",Yes,Yes,Yes,Yes,Yes,Yes,Yes,Yes,manual_refined_en_batch5;reclass_body;manual_body_review
347,article,en,Professional Accreditation Program in Saudi Arabia 2026 | Sovereignty & Skill Guide - Motaded,"Professional Accreditation Program in Saudi Arabia 2026 | Sovereignty & Skill Guide - Motaded: Actionable overview of legal context, implementation priorities, and practical implications for businesses in Saudi Arabia.",HR Services,Professional accreditation | Skills compliance | Workforce qualification,HR and Workforce Teams | Company Owners | Compliance and Legal Teams,Professional Accreditation Program in Saudi Arabia 2026 | Sovereignt,"Professional Accreditation Program in Saudi Arabia 2026 | Sovereignty & Skill Guide - Motaded: Practical, business-oriented analysis of market relevance, comp",Professional Accreditation Program in Saudi Arabia 2026 | Sovereignty & Skill Guide - Motaded with concise insight int,"professional accreditation program in saudi arabia 2026 | sovereignty & skill guide - motaded, saudi arabia, motaded, regulatory insights",Yes,Yes,No,Yes,Yes,Yes,Yes,Yes,manual_refined_en_batch5;reclass_body;manual_body_review
353,article,en,Exploring the Saudi Banking Sector,"Exploring the Saudi Banking Sector: Actionable overview of legal context, implementation priorities, and practical implications for businesses in Saudi Arabia.",Business Support,Saudi banking sector | Financial landscape | Market outlook,Company Owners | Finance and Payroll Teams | Local and International Businesses,Exploring the Saudi Banking Sector | Motaded,"Exploring the Saudi Banking Sector: Practical, business-oriented analysis of market relevance, compliance factors, and execution considerations in Saudi Arabi",Exploring the Saudi Banking Sector with concise insight into regulatory context and operational implications in Saudi ,"exploring the saudi banking sector, saudi arabia, motaded, regulatory insights",Yes,Yes,No,Yes,Yes,Yes,Yes,Yes,manual_refined_en_batch5;reclass_body;manual_body_review
355,article,en,Qiwa Platform 2026 | Sovereign Labor & Compliance Guide - Motaded,"Qiwa Platform 2026 | Sovereign Labor & Compliance Guide - Motaded: Actionable overview of legal context, implementation priorities, and practical implications for businesses in Saudi Arabia.",Government Relations Services,Qiwa platform | Labor compliance | Digital HR governance,PRO and Government Relations Teams | HR and Workforce Teams | Company Owners,Qiwa Platform 2026 | Sovereign Labor & Compliance Guide - Motaded | ,"Qiwa Platform 2026 | Sovereign Labor & Compliance Guide - Motaded: Practical, business-oriented analysis of market relevance, compliance factors, and executio",Qiwa Platform 2026 | Sovereign Labor & Compliance Guide - Motaded with concise insight into regulatory context and ope,"qiwa platform 2026 | sovereign labor & compliance guide - motaded, saudi arabia, motaded, regulatory insights",Yes,Yes,No,Yes,Yes,Yes,Yes,Yes,manual_refined_en_batch5;reclass_body;manual_body_review
356,article,en,Mudad Platform & Wage Protection System Saudi Arabia 2026 | Sovereign Compliance - Motaded,"Mudad Platform & Wage Protection System Saudi Arabia 2026 | Sovereign Compliance - Motaded: Actionable overview of legal context, implementation priorities, and practical implications for businesses in Saudi Arabia.",Government Relations Services,Mudad platform | Wage protection system | Payroll compliance,PRO and Government Relations Teams | HR and Workforce Teams | Finance and Payroll Teams,Mudad Platform & Wage Protection System Saudi Arabia 2026 | Sovereig,"Mudad Platform & Wage Protection System Saudi Arabia 2026 | Sovereign Compliance - Motaded: Practical, business-oriented analysis of market relevance, complia",Mudad Platform & Wage Protection System Saudi Arabia 2026 | Sovereign Compliance - Motaded with concise insight into r,"mudad platform & wage protection system saudi arabia 2026 | sovereign compliance - motaded, saudi arabia, motaded, regulatory insights",Yes,Yes,No,Yes,Yes,Yes,Yes,Yes,manual_refined_en_batch5;reclass_body;manual_body_review
358,article,en,Fasah Platform 2026 | Sovereign Logistics & Customs Guide - Motaded,"Fasah Platform 2026 | Sovereign Logistics & Customs Guide - Motaded: Actionable overview of legal context, implementation priorities, and practical implications for businesses in Saudi Arabia.",Government Relations Services,Fasah platform | Logistics customs | Trade processing,PRO and Government Relations Teams | Importers and Exporters | Company Owners,Fasah Platform 2026 | Sovereign Logistics & Customs Guide - Motaded ,"Fasah Platform 2026 | Sovereign Logistics & Customs Guide - Motaded: Practical, business-oriented analysis of market relevance, compliance factors, and execut",Fasah Platform 2026 | Sovereign Logistics & Customs Guide - Motaded with concise insight into regulatory context and o,"fasah platform 2026 | sovereign logistics & customs guide - motaded, saudi arabia, motaded, regulatory insights",Yes,Yes,No,Yes,Yes,Yes,Yes,Yes,manual_refined_en_batch5;reclass_body;manual_body_review
359,article,en,Saudi Food and Drug Authority 2026 | Sovereign & Compliance Guide - Motaded,"Saudi Food and Drug Authority 2026 | Sovereign & Compliance Guide - Motaded: Actionable overview of legal context, implementation priorities, and practical implications for businesses in Saudi Arabia.",Government Relations Services,Saudi FDA compliance | Product regulation | Sector oversight,PRO and Government Relations Teams | Compliance and Legal Teams | Company Owners,Saudi Food and Drug Authority 2026 | Sovereign & Compliance Guide - ,"Saudi Food and Drug Authority 2026 | Sovereign & Compliance Guide - Motaded: Practical, business-oriented analysis of market relevance, compliance factors, an",Saudi Food and Drug Authority 2026 | Sovereign & Compliance Guide - Motaded with concise insight into regulatory conte,"saudi food and drug authority 2026 | sovereign & compliance guide - motaded, saudi arabia, motaded, regulatory insights",Yes,Yes,No,Yes,Yes,Yes,Yes,Yes,manual_refined_en_batch5;reclass_body;manual_body_review
361,article,en,Mazaya Platform,"Mazaya Platform: Actionable overview of legal context, implementation priorities, and practical implications for businesses in Saudi Arabia.",Government Relations Services,Mazaya platform | Program eligibility | Government services,PRO and Government Relations Teams | Company Owners | Local and International Businesses,Mazaya Platform | Motaded,"Mazaya Platform: Practical, business-oriented analysis of market relevance, compliance factors, and execution considerations in Saudi Arabia.",Mazaya Platform with concise insight into regulatory context and operational implications in Saudi Arabia.,"mazaya platform, saudi arabia, motaded, regulatory insights",Yes,Yes,No,Yes,Yes,Yes,Yes,Yes,manual_refined_en_batch5;reclass_body;manual_body_review
362,article,en,MIZA Platform 2026 | Sovereign Investor Empowerment Guide - Motaded,"MIZA Platform 2026 | Sovereign Investor Empowerment Guide - Motaded: Actionable overview of legal context, implementation priorities, and practical implications for businesses in Saudi Arabia.",Business Support,MIZA platform | Investor enablement | Strategic incentives,Company Owners | Local and International Businesses | Compliance and Legal Teams,MIZA Platform 2026 | Sovereign Investor Empowerment Guide - Motaded ,"MIZA Platform 2026 | Sovereign Investor Empowerment Guide - Motaded: Practical, business-oriented analysis of market relevance, compliance factors, and execut",MIZA Platform 2026 | Sovereign Investor Empowerment Guide - Motaded with concise insight into regulatory context and o,"miza platform 2026 | sovereign investor empowerment guide - motaded, saudi arabia, motaded, regulatory insights",Yes,Yes,No,Yes,Yes,Yes,Yes,Yes,manual_refined_en_batch5;reclass_body;manual_body_review
365,article,en,Saudi Post SPL,"Saudi Post SPL: Actionable overview of legal context, implementation priorities, and practical implications for businesses in Saudi Arabia.",Government Relations Services,Saudi Post SPL | National address services | Digital identity,PRO and Government Relations Teams | Company Owners | Compliance and Legal Teams,Saudi Post SPL | Motaded,"Saudi Post SPL: Practical, business-oriented analysis of market relevance, compliance factors, and execution considerations in Saudi Arabia.",Saudi Post SPL with concise insight into regulatory context and operational implications in Saudi Arabia.,"saudi post spl, saudi arabia, motaded, regulatory insights",Yes,Yes,No,Yes,Yes,Yes,Yes,Yes,manual_refined_en_batch5;reclass_body;manual_body_review
366,article,en,"Etimad Platform 2026 | Guide for Login, Registration & Tenders - Motaded","Etimad Platform 2026 | Guide for Login, Registration & Tenders - Motaded: Actionable overview of legal context, implementation priorities, and practical implications for businesses in Saudi Arabia.",Supplier registration service,Etimad platform | Tenders and procurement | Supplier onboarding,PRO and Government Relations Teams | Company Owners | Local and International Businesses,"Etimad Platform 2026 | Guide for Login, Registration & Tenders - Mot","Etimad Platform 2026 | Guide for Login, Registration & Tenders - Motaded: Practical, business-oriented analysis of market relevance, compliance factors, and e","Etimad Platform 2026 | Guide for Login, Registration & Tenders - Motaded with concise insight into regulatory context ","etimad platform 2026 | guide for login, registration & tenders - motaded, saudi arabia, motaded, regulatory insights",Yes,Yes,No,Yes,Yes,Yes,Yes,Yes,manual_refined_en_batch5;reclass_body;manual_body_review
367,article,en,MODON,"MODON: Actionable overview of legal context, implementation priorities, and practical implications for businesses in Saudi Arabia.",Business Support,MODON industrial cities | Manufacturing ecosystem | Industrial investment,Company Owners | Local and International Businesses | Compliance and Legal Teams,MODON | Motaded,"MODON: Practical, business-oriented analysis of market relevance, compliance factors, and execution considerations in Saudi Arabia.",MODON with concise insight into regulatory context and operational implications in Saudi Arabia.,"modon, saudi arabia, motaded, regulatory insights",Yes,Yes,No,Yes,Yes,Yes,Yes,Yes,manual_refined_en_batch5;reclass_body;manual_body_review
368,article,en,Saber Platform 2026 | Guide for Conformity Certificates & Registration - Motaded,"Saber Platform 2026 | Guide for Conformity Certificates & Registration - Motaded: Actionable overview of legal context, implementation priorities, and practical implications for businesses in Saudi Arabia.",Government Relations Services,Saber platform | Conformity certificates | Product registration,PRO and Government Relations Teams | Importers and Exporters | Compliance and Legal Teams,Saber Platform 2026 | Guide for Conformity Certificates & Registrati,"Saber Platform 2026 | Guide for Conformity Certificates & Registration - Motaded: Practical, business-oriented analysis of market relevance, compliance factor",Saber Platform 2026 | Guide for Conformity Certificates & Registration - Motaded with concise insight into regulatory ,"saber platform 2026 | guide for conformity certificates & registration - motaded, saudi arabia, motaded, regulatory insights",Yes,Yes,No,Yes,Yes,Yes,Yes,Yes,manual_refined_en_batch5;reclass_body;manual_body_review
369,article,en,Absher,"Absher: Actionable overview of legal context, implementation priorities, and practical implications for businesses in Saudi Arabia.",Government Relations Services,Absher services | Digital identity | Government transactions,PRO and Government Relations Teams | HR and Workforce Teams | Company Owners,Absher | Motaded,"Absher: Practical, business-oriented analysis of market relevance, compliance factors, and execution considerations in Saudi Arabia.",Absher with concise insight into regulatory context and operational implications in Saudi Arabia.,"absher, saudi arabia, motaded, regulatory insights",Yes,Yes,No,Yes,Yes,Yes,Yes,Yes,manual_refined_en_batch5;reclass_body;manual_body_review
499,article,en,Saudi Export-Import,"Saudi Export-Import: Actionable overview of legal context, implementation priorities, and practical implications for businesses in Saudi Arabia.",Business Support,Saudi Export-Import | Trade finance | International commerce,Company Owners | Local and International Businesses | Importers and Exporters,Saudi Export-Import | Motaded,"Saudi Export-Import: Practical, business-oriented analysis of market relevance, compliance factors, and execution considerations in Saudi Arabia.",Saudi Export-Import with concise insight into regulatory context and operational implications in Saudi Arabia.,"saudi export-import, saudi arabia, motaded, regulatory insights",Yes,Yes,Yes,Yes,Yes,Yes,Yes,Yes,manual_refined_en_batch5;reclass_body;manual_body_review
500,article,en,Best Practices HR and Payroll Management in Saudi Arabia,"Best Practices HR and Payroll Management in Saudi Arabia: Actionable overview of legal context, implementation priorities, and practical implications for businesses in Saudi Arabia.",HR Services,HR and payroll best practices | Workforce operations | Process optimization,HR and Workforce Teams | Finance and Payroll Teams | Company Owners,Best Practices HR and Payroll Management in Saudi Arabia | Motaded,"Best Practices HR and Payroll Management in Saudi Arabia: Practical, business-oriented analysis of market relevance, compliance factors, and execution conside",Best Practices HR and Payroll Management in Saudi Arabia with concise insight into regulatory context and operational ,"best practices hr and payroll management in saudi arabia, saudi arabia, motaded, regulatory insights",Yes,Yes,Yes,Yes,Yes,Yes,Yes,Yes,manual_refined_en_batch5;reclass_body;manual_body_review
501,article,en,Removing the Wage Protection Note,"Removing the Wage Protection Note: Actionable overview of legal context, implementation priorities, and practical implications for businesses in Saudi Arabia.",Government Relations Services,Wage Protection note removal | Payroll compliance | Platform correction,PRO and Government Relations Teams | HR and Workforce Teams | Finance and Payroll Teams,Removing the Wage Protection Note | Motaded,"Removing the Wage Protection Note: Practical, business-oriented analysis of market relevance, compliance factors, and execution considerations in Saudi Arabia",Removing the Wage Protection Note with concise insight into regulatory context and operational implications in Saudi A,"removing the wage protection note, saudi arabia, motaded, regulatory insights",Yes,Yes,Yes,Yes,Yes,Yes,Yes,Yes,manual_refined_en_batch5;reclass_body;manual_body_review
506,article,en,Reduce Costs & Hassle: Expert Employee Outsourcing Saudi,"Reduce Costs & Hassle: Expert Employee Outsourcing Saudi: Practical guide to the legal framework, compliance expectations, and implementation choices for businesses in Saudi Arabia.",HR Services,Employee outsourcing | Workforce efficiency | Cost optimization,HR and Workforce Teams | Company Owners | Local and International Businesses,Reduce Costs & Hassle: Expert Employee Outsourcing Saudi | Motaded,"Reduce Costs & Hassle: Expert Employee Outsourcing Saudi: Practical analysis of policy context, compliance requirements, and business implications in Saudi Ar",Reduce Costs & Hassle: Expert Employee Outsourcing Saudi with focused insight on compliance context and operational im,"reduce costs & hassle: expert employee outsourcing saudi, saudi arabia, motaded, compliance analysis",Yes,Yes,Yes,Yes,Yes,Yes,Yes,Yes,manual_refined_en_batch6;reclass_body;manual_body_review
516,article,en,Visa translation services Saudi Arabia for smooth approval,"Visa translation services Saudi Arabia for smooth approval: Practical guide to the legal framework, compliance expectations, and implementation choices for businesses in Saudi Arabia.",Business Support,Visa translation services | Document localization | Approval readiness,Compliance and Legal Teams | Company Owners | Local and International Businesses,Visa translation services Saudi Arabia for smooth approval | Motaded,"Visa translation services Saudi Arabia for smooth approval: Practical analysis of policy context, compliance requirements, and business implications in Saudi ",Visa translation services Saudi Arabia for smooth approval with focused insight on compliance context and operational ,"visa translation services saudi arabia for smooth approval, saudi arabia, motaded, compliance analysis",Yes,Yes,Yes,Yes,Yes,Yes,Yes,Yes,manual_refined_en_batch6;reclass_body;manual_body_review
521,article,en,Manpower Supply for Business,"Manpower Supply for Business: Practical guide to the legal framework, compliance expectations, and implementation choices for businesses in Saudi Arabia.",HR Services,Manpower supply | Workforce planning | Staffing solutions,HR and Workforce Teams | Company Owners | Local and International Businesses,Manpower Supply for Business | Motaded,"Manpower Supply for Business: Practical analysis of policy context, compliance requirements, and business implications in Saudi Arabia.",Manpower Supply for Business with focused insight on compliance context and operational impact in Saudi Arabia.,"manpower supply for business, saudi arabia, motaded, compliance analysis",Yes,Yes,Yes,Yes,Yes,Yes,Yes,Yes,manual_refined_en_batch6;reclass_body;manual_body_review
522,article,en,"Fast, Accurate Business Document Translation Saudi Arabia","Fast, Accurate Business Document Translation Saudi Arabia: Practical guide to the legal framework, compliance expectations, and implementation choices for businesses in Saudi Arabia.",Business Support,Business document translation | Corporate localization | Compliance documents,Compliance and Legal Teams | Company Owners | Local and International Businesses,"Fast, Accurate Business Document Translation Saudi Arabia | Motaded","Fast, Accurate Business Document Translation Saudi Arabia: Practical analysis of policy context, compliance requirements, and business implications in Saudi A","Fast, Accurate Business Document Translation Saudi Arabia with focused insight on compliance context and operational i","fast, accurate business document translation saudi arabia, saudi arabia, motaded, compliance analysis",Yes,Yes,Yes,Yes,Yes,Yes,Yes,Yes,manual_refined_en_batch6;reclass_body;manual_body_review
523,article,en,Open a company in Saudi Arabia,"Open a company in Saudi Arabia: Practical guide to the legal framework, compliance expectations, and implementation choices for businesses in Saudi Arabia.",Business Support,Opening a company | Market entry setup | Incorporation roadmap,Company Owners | Compliance and Legal Teams | Local and International Businesses,Open a company in Saudi Arabia | Motaded,"Open a company in Saudi Arabia: Practical analysis of policy context, compliance requirements, and business implications in Saudi Arabia.",Open a company in Saudi Arabia with focused insight on compliance context and operational impact in Saudi Arabia.,"open a company in saudi arabia, saudi arabia, motaded, compliance analysis",Yes,Yes,Yes,Yes,Yes,Yes,Yes,Yes,manual_refined_en_batch6;reclass_body;manual_body_review
524,article,en,Investment Licenses: Key for Business Success,"Investment Licenses: Key for Business Success: Practical guide to the legal framework, compliance expectations, and implementation choices for businesses in Saudi Arabia.",Business Support,Investment licenses | Business growth | Regulatory approvals,Company Owners | Compliance and Legal Teams | Local and International Businesses,Investment Licenses: Key for Business Success | Motaded,"Investment Licenses: Key for Business Success: Practical analysis of policy context, compliance requirements, and business implications in Saudi Arabia.",Investment Licenses: Key for Business Success with focused insight on compliance context and operational impact in Sau,"investment licenses: key for business success, saudi arabia, motaded, compliance analysis",Yes,Yes,Yes,Yes,Yes,Yes,Yes,Yes,manual_refined_en_batch6;reclass_body;manual_body_review
525,article,en,Smart Strategies for Choosing HR Consultancy in Saudi Arabia,"Smart Strategies for Choosing HR Consultancy in Saudi Arabia: Practical guide to the legal framework, compliance expectations, and implementation choices for businesses in Saudi Arabia.",HR Services,HR consultancy selection | Advisory strategy | Workforce governance,HR and Workforce Teams | Company Owners | Compliance and Legal Teams,Smart Strategies for Choosing HR Consultancy in Saudi Arabia | Motad,"Smart Strategies for Choosing HR Consultancy in Saudi Arabia: Practical analysis of policy context, compliance requirements, and business implications in Saud",Smart Strategies for Choosing HR Consultancy in Saudi Arabia with focused insight on compliance context and operationa,"smart strategies for choosing hr consultancy in saudi arabia, saudi arabia, motaded, compliance analysis",Yes,Yes,Yes,Yes,Yes,Yes,Yes,Yes,manual_refined_en_batch6;reclass_body;manual_body_review
526,article,en,Ministry of Investment in Saudi Arabia MISA,"Ministry of Investment in Saudi Arabia MISA: Practical guide to the legal framework, compliance expectations, and implementation choices for businesses in Saudi Arabia.",Business Support,MISA ministry overview | Investor services | Licensing authority,Company Owners | Compliance and Legal Teams | Local and International Businesses,Ministry of Investment in Saudi Arabia MISA | Motaded,"Ministry of Investment in Saudi Arabia MISA: Practical analysis of policy context, compliance requirements, and business implications in Saudi Arabia.",Ministry of Investment in Saudi Arabia MISA with focused insight on compliance context and operational impact in Saudi,"ministry of investment in saudi arabia misa, saudi arabia, motaded, compliance analysis",Yes,Yes,Yes,Yes,Yes,Yes,Yes,Yes,manual_refined_en_batch6;reclass_body;manual_body_review
527,article,en,HR Software Comparison Saudi Arabia – Top Systems,"HR Software Comparison Saudi Arabia – Top Systems: Practical guide to the legal framework, compliance expectations, and implementation choices for businesses in Saudi Arabia.",HR Services,HR software comparison | Systems evaluation | Workforce digitalization,HR and Workforce Teams | Company Owners | Compliance and Legal Teams,HR Software Comparison Saudi Arabia – Top Systems | Motaded,"HR Software Comparison Saudi Arabia – Top Systems: Practical analysis of policy context, compliance requirements, and business implications in Saudi Arabia.",HR Software Comparison Saudi Arabia – Top Systems with focused insight on compliance context and operational impact in,"hr software comparison saudi arabia – top systems, saudi arabia, motaded, compliance analysis",Yes,Yes,Yes,Yes,Yes,Yes,Yes,Yes,manual_refined_en_batch6;reclass_body;manual_body_review
528,news,en,Motaded Ltd. Unveils Its Comprehensive Digital Portal: A Strategic Pillar for Transparency and Digital Leadership in the Saudi Market,"Motaded Ltd. Unveils Its Comprehensive Digital Portal: A Strategic Pillar for Transparency and Digital Leadership in the Saudi Market: Targeted update on what changed, why it matters, and how businesses can respond in Saudi Arabia.",Business Support,Digital portal launch | corporate transparency | digital leadership,Company Owners | Local and International Businesses | Compliance and Legal Teams,Motaded Ltd. Unveils Its Comprehensive Digital Portal: A Strategic P,Motaded Ltd. Unveils Its Comprehensive Digital Portal: A Strategic Pillar for Transparency and Digital Leadership in the Saudi Market: Actionable business per,Motaded Ltd. Unveils Its Comprehensive Digital Portal: A Strategic Pillar for Transparency and Digital Leadership in t,"motaded ltd. unveils its comprehensive digital portal: a strategic pillar for transparency and digital leadership in the saudi market, saudi arabia, motaded, business strategy",Yes,Yes,Yes,Yes,Yes,Yes,Yes,Yes,manual_refined_en_batch9;reclass_body;manual_body_review
529,article,en,Benefits of a Branch of Foreign Company in Saudi Arabia,"Benefits of a Branch of Foreign Company in Saudi Arabia: Practical guide to the legal framework, compliance expectations, and implementation choices for businesses in Saudi Arabia.",Business Support,Foreign company branch | Expansion strategy | Legal structure,Company Owners | Compliance and Legal Teams | Local and International Businesses,Benefits of a Branch of Foreign Company in Saudi Arabia | Motaded,"Benefits of a Branch of Foreign Company in Saudi Arabia: Practical analysis of policy context, compliance requirements, and business implications in Saudi Ara",Benefits of a Branch of Foreign Company in Saudi Arabia with focused insight on compliance context and operational imp,"benefits of a branch of foreign company in saudi arabia, saudi arabia, motaded, compliance analysis",Yes,Yes,No,Yes,Yes,Yes,Yes,Yes,manual_refined_en_batch6;reclass_body;manual_body_review
530,article,en,Future Trends in Corporate Responsibility Practices,"Future Trends in Corporate Responsibility Practices: Practical guide to the legal framework, compliance expectations, and implementation choices for businesses in Saudi Arabia.",Business Support,Corporate responsibility trends | ESG practices | Governance strategy,Company Owners | Compliance and Legal Teams | Local and International Businesses,Future Trends in Corporate Responsibility Practices | Motaded,"Future Trends in Corporate Responsibility Practices: Practical analysis of policy context, compliance requirements, and business implications in Saudi Arabia.",Future Trends in Corporate Responsibility Practices with focused insight on compliance context and operational impact ,"future trends in corporate responsibility practices, saudi arabia, motaded, compliance analysis",Yes,Yes,Yes,Yes,Yes,Yes,Yes,Yes,manual_refined_en_batch6;reclass_body;manual_body_review
531,news,en,A Landmark Strategic Alliance: Motaded Ltd. and Slow Shan Ltd. Partner to Revolutionize the Mining Supply Chain Across Saudi Arabia,"A Landmark Strategic Alliance: Motaded Ltd. and Slow Shan Ltd. Partner to Revolutionize the Mining Supply Chain Across Saudi Arabia: Targeted update on what changed, why it matters, and how businesses can respond in Saudi Arabia.",Business Support,Strategic alliance | mining supply chain | industrial cooperation,Company Owners | Local and International Businesses | Compliance and Legal Teams,A Landmark Strategic Alliance: Motaded Ltd. and Slow Shan Ltd. Partn,A Landmark Strategic Alliance: Motaded Ltd. and Slow Shan Ltd. Partner to Revolutionize the Mining Supply Chain Across Saudi Arabia: Actionable business persp,A Landmark Strategic Alliance: Motaded Ltd. and Slow Shan Ltd. Partner to Revolutionize the Mining Supply Chain Across,"a landmark strategic alliance: motaded ltd. and slow shan ltd. partner to revolutionize the mining supply chain across saudi arabia, saudi arabia, motaded, business strategy",Yes,Yes,Yes,Yes,Yes,Yes,Yes,Yes,manual_refined_en_batch9;reclass_body;manual_body_review
532,news,en,"Motaded Ltd. Strengthens Investment Standing by Officially Joining the ""Miza"" Platform Under the Ministry of Investment","Motaded Ltd. Strengthens Investment Standing by Officially Joining the ""Miza"" Platform Under the Ministry of Investment: Targeted update on what changed, why it matters, and how businesses can respond in Saudi Arabia.",Business Support,Miza platform onboarding | investment positioning | ministry integration,Company Owners | Compliance and Legal Teams | Local and International Businesses,Motaded Ltd. Strengthens Investment Standing by Officially Joining t,"Motaded Ltd. Strengthens Investment Standing by Officially Joining the ""Miza"" Platform Under the Ministry of Investment: Actionable business perspective on po","Motaded Ltd. Strengthens Investment Standing by Officially Joining the ""Miza"" Platform Under the Ministry of Investmen","motaded ltd. strengthens investment standing by officially joining the ""miza"" platform under the ministry of investment, saudi arabia, motaded, business strategy",Yes,Yes,Yes,Yes,Yes,Yes,Yes,Yes,manual_refined_en_batch9;reclass_body;manual_body_review
533,news,en,"Motaded Ltd. Reveals ""Motaded Digital Platform"" Project: Mid-2026 Set as the Launch Date for the Next Revolution in Integrated Services","Motaded Ltd. Reveals ""Motaded Digital Platform"" Project: Mid-2026 Set as the Launch Date for the Next Revolution in Integrated Services: Targeted update on what changed, why it matters, and how businesses can respond in Saudi Arabia.",Business Support,Digital platform project | service integration | roadmap 2026,Company Owners | Local and International Businesses | Compliance and Legal Teams,"Motaded Ltd. Reveals ""Motaded Digital Platform"" Project: Mid-2026 Se","Motaded Ltd. Reveals ""Motaded Digital Platform"" Project: Mid-2026 Set as the Launch Date for the Next Revolution in Integrated Services: Actionable business p","Motaded Ltd. Reveals ""Motaded Digital Platform"" Project: Mid-2026 Set as the Launch Date for the Next Revolution in In","motaded ltd. reveals ""motaded digital platform"" project: mid-2026 set as the launch date for the next revolution in integrated services, saudi arabia, motaded, business strategy",Yes,Yes,Yes,Yes,Yes,Yes,Yes,Yes,manual_refined_en_batch9;reclass_body;manual_body_review
534,article,en,Riyadh Integrated Special Logistics Zone,"Riyadh Integrated Special Logistics Zone: Practical guide to the legal framework, compliance expectations, and implementation choices for businesses in Saudi Arabia.",Business Support,Riyadh logistics zone | Supply chain hub | Trade infrastructure,Company Owners | Local and International Businesses | Importers and Exporters,Riyadh Integrated Special Logistics Zone | Motaded,"Riyadh Integrated Special Logistics Zone: Practical analysis of policy context, compliance requirements, and business implications in Saudi Arabia.",Riyadh Integrated Special Logistics Zone with focused insight on compliance context and operational impact in Saudi Ar,"riyadh integrated special logistics zone, saudi arabia, motaded, compliance analysis",Yes,Yes,Yes,Yes,Yes,Yes,Yes,Yes,manual_refined_en_batch6;reclass_body;manual_body_review
536,article,en,"Ministry of Investment (MISA): Vision, Sectors, Services","Ministry of Investment (MISA): Vision, Sectors, Services: Practical guide to the legal framework, compliance expectations, and implementation choices for businesses in Saudi Arabia.",Business Support,MISA vision and sectors | Investor guidance | Service pathways,Company Owners | Local and International Businesses | Compliance and Legal Teams,"Ministry of Investment (MISA): Vision, Sectors, Services | Motaded","Ministry of Investment (MISA): Vision, Sectors, Services: Practical analysis of policy context, compliance requirements, and business implications in Saudi Ar","Ministry of Investment (MISA): Vision, Sectors, Services with focused insight on compliance context and operational im","ministry of investment (misa): vision, sectors, services, saudi arabia, motaded, compliance analysis",Yes,Yes,Yes,Yes,Yes,Yes,Yes,Yes,manual_refined_en_batch6;reclass_body;manual_body_review
537,article,en,How to Apply for Saudi Residency,"How to Apply for Saudi Residency: Practical guide to the legal framework, compliance expectations, and implementation choices for businesses in Saudi Arabia.",Residency & Visas,Saudi residency application | Expat procedures | Immigration requirements,HR and Workforce Teams | Company Owners | Local and International Businesses,How to Apply for Saudi Residency | Motaded,"How to Apply for Saudi Residency: Practical analysis of policy context, compliance requirements, and business implications in Saudi Arabia.",How to Apply for Saudi Residency with focused insight on compliance context and operational impact in Saudi Arabia.,"how to apply for saudi residency, saudi arabia, motaded, compliance analysis",Yes,Yes,No,Yes,Yes,Yes,Yes,Yes,manual_refined_en_batch6;reclass_body;manual_body_review
538,article,en,Public Investment Fund,"Public Investment Fund: Practical guide to the legal framework, compliance expectations, and implementation choices for businesses in Saudi Arabia.",Business Support,Public Investment Fund | Strategic projects | Investment ecosystem,Company Owners | Local and International Businesses | Compliance and Legal Teams,Public Investment Fund | Motaded,"Public Investment Fund: Practical analysis of policy context, compliance requirements, and business implications in Saudi Arabia.",Public Investment Fund with focused insight on compliance context and operational impact in Saudi Arabia.,"public investment fund, saudi arabia, motaded, compliance analysis",Yes,Yes,Yes,Yes,Yes,Yes,Yes,Yes,manual_refined_en_batch6;reclass_body;manual_body_review
539,article,en,"The Comprehensive Guide to Saudi Business Center (SBC) 2026: A Strategic Roadmap for Company Formation by ""Motaded  Limited""","The Comprehensive Guide to Saudi Business Center (SBC) 2026: A Strategic Roadmap for Company Formation by ""Motaded Limited"": Practical guide to the legal framework, compliance expectations, and implementation choices for businesses in Saudi Arabia.",Business Support,Saudi Business Center | Company formation roadmap | Unified services,Company Owners | Compliance and Legal Teams | PRO and Government Relations Teams,The Comprehensive Guide to Saudi Business Center (SBC) 2026: A Strat,"The Comprehensive Guide to Saudi Business Center (SBC) 2026: A Strategic Roadmap for Company Formation by ""Motaded Limited"": Practical analysis of policy cont","The Comprehensive Guide to Saudi Business Center (SBC) 2026: A Strategic Roadmap for Company Formation by ""Motaded Lim","the comprehensive guide to saudi business center (sbc) 2026: a strategic roadmap for company formation by ""motaded limited"", saudi arabia, motaded, compliance analysis",Yes,Yes,Yes,Yes,Yes,Yes,Yes,Yes,manual_refined_en_batch6;reclass_body;manual_body_review
540,article,en,Guide to Renewing the MISA Investment License,"Guide to Renewing the MISA Investment License: Practical guide to the legal framework, compliance expectations, and implementation choices for businesses in Saudi Arabia.",Government Relations Services,MISA license renewal | Ongoing compliance | Authority procedures,PRO and Government Relations Teams | Company Owners | Compliance and Legal Teams,Guide to Renewing the MISA Investment License | Motaded,"Guide to Renewing the MISA Investment License: Practical analysis of policy context, compliance requirements, and business implications in Saudi Arabia.",Guide to Renewing the MISA Investment License with focused insight on compliance context and operational impact in Sau,"guide to renewing the misa investment license, saudi arabia, motaded, compliance analysis",Yes,Yes,Yes,Yes,Yes,Yes,Yes,Yes,manual_refined_en_batch6;reclass_body;manual_body_review
541,article,en,Amending the MISA Investment License,"Amending the MISA Investment License: Practical guide to the legal framework, compliance expectations, and implementation choices for businesses in Saudi Arabia.",Government Relations Services,MISA license amendment | Regulatory updates | Investor compliance,PRO and Government Relations Teams | Company Owners | Compliance and Legal Teams,Amending the MISA Investment License | Motaded,"Amending the MISA Investment License: Practical analysis of policy context, compliance requirements, and business implications in Saudi Arabia.",Amending the MISA Investment License with focused insight on compliance context and operational impact in Saudi Arabia,"amending the misa investment license, saudi arabia, motaded, compliance analysis",Yes,Yes,Yes,Yes,Yes,Yes,Yes,Yes,manual_refined_en_batch6;reclass_body;manual_body_review
543,article,en,Incorporating a Company in Saudi Arabia 2026: The Definitive Strategic Guide for Global Investors,"Incorporating a Company in Saudi Arabia 2026: The Definitive Strategic Guide for Global Investors: Practical guide to the legal framework, compliance expectations, and implementation choices for businesses in Saudi Arabia.",Business Support,Company incorporation guide | Global investors | Setup strategy,Company Owners | Local and International Businesses | Compliance and Legal Teams,Incorporating a Company in Saudi Arabia 2026: The Definitive Strateg,"Incorporating a Company in Saudi Arabia 2026: The Definitive Strategic Guide for Global Investors: Practical analysis of policy context, compliance requiremen",Incorporating a Company in Saudi Arabia 2026: The Definitive Strategic Guide for Global Investors with focused insight,"incorporating a company in saudi arabia 2026: the definitive strategic guide for global investors, saudi arabia, motaded, compliance analysis",Yes,Yes,Yes,Yes,Yes,Yes,Yes,Yes,manual_refined_en_batch6;reclass_body;manual_body_review
544,article,en,Business Operations in Saudi Arabia,"Business Operations in Saudi Arabia: Practical guide to the legal framework, compliance expectations, and implementation choices for businesses in Saudi Arabia.",Business Support,Business operations in Saudi | Operating model | Compliance readiness,Company Owners | Local and International Businesses | Compliance and Legal Teams,Business Operations in Saudi Arabia | Motaded,"Business Operations in Saudi Arabia: Practical analysis of policy context, compliance requirements, and business implications in Saudi Arabia.",Business Operations in Saudi Arabia with focused insight on compliance context and operational impact in Saudi Arabia.,"business operations in saudi arabia, saudi arabia, motaded, compliance analysis",Yes,Yes,Yes,Yes,Yes,Yes,Yes,Yes,manual_refined_en_batch6;reclass_body;manual_body_review
545,article,en,Advanced Business Operations in Saudi Arabia 2026: Motaded’s Guide to Excellence and Growth,"Advanced Business Operations in Saudi Arabia 2026: Motaded’s Guide to Excellence and Growth: Business-oriented overview of requirements, risk points, and practical execution steps in Saudi Arabia.",Business Support,Advanced business operations | Operational excellence | Growth strategy,Company Owners | Local and International Businesses | Compliance and Legal Teams,Advanced Business Operations in Saudi Arabia 2026: Motaded’s Guide t,"Advanced Business Operations in Saudi Arabia 2026: Motaded’s Guide to Excellence and Growth: Business-focused perspective on market relevance, regulatory cont","Advanced Business Operations in Saudi Arabia 2026: Motaded’s Guide to Excellence and Growth with concise, actionable i","advanced business operations in saudi arabia 2026: motaded’s guide to excellence and growth, saudi arabia, motaded, business compliance",Yes,Yes,Yes,Yes,Yes,Yes,Yes,Yes,manual_refined_en_batch7;reclass_body;manual_body_review
547,article,en,The Integrated Strategy for Government Relations (PRO services in Saudi Arabia) and Operational Compliance for Companies in Saudi Arabia 2026: The Motaded Investor’s Guide,"The Integrated Strategy for Government Relations (PRO services in Saudi Arabia) and Operational Compliance for Companies in Saudi Arabia 2026: The Motaded Investor’s Guide: Business-oriented overview of requirements, risk points, and practical execution steps in Saudi Arabia.",Government Relations Services,PRO services | Government relations strategy | Operational compliance,PRO and Government Relations Teams | Company Owners | Compliance and Legal Teams,The Integrated Strategy for Government Relations (PRO services in Sa,The Integrated Strategy for Government Relations (PRO services in Saudi Arabia) and Operational Compliance for Companies in Saudi Arabia 2026: The Motaded Inv,The Integrated Strategy for Government Relations (PRO services in Saudi Arabia) and Operational Compliance for Compani,"the integrated strategy for government relations (pro services in saudi arabia) and operational compliance for companies in saudi arabia 2026: the motaded investor’s guide, saudi arabia, motaded, business compliance",Yes,Yes,Yes,Yes,Yes,Yes,Yes,Yes,manual_refined_en_batch7;reclass_body;manual_body_review
550,article,en,Strategic Guide to Saudi Corporate Compliance Services 2026,"Strategic Guide to Saudi Corporate Compliance Services 2026: Business-oriented overview of requirements, risk points, and practical execution steps in Saudi Arabia.",Business Support,Corporate compliance strategy | Governance framework | Regulatory controls,Compliance and Legal Teams | Company Owners | Local and International Businesses,Strategic Guide to Saudi Corporate Compliance Services 2026 | Motade,"Strategic Guide to Saudi Corporate Compliance Services 2026: Business-focused perspective on market relevance, regulatory context, and actionable implications","Strategic Guide to Saudi Corporate Compliance Services 2026 with concise, actionable insight into regulatory and opera","strategic guide to saudi corporate compliance services 2026, saudi arabia, motaded, business compliance",Yes,Yes,Yes,Yes,Yes,Yes,Yes,Yes,manual_refined_en_batch7;reclass_body;manual_body_review
554,article,en,Iqama Issuance and Renewal Services in Saudi Arabia,"Iqama Issuance and Renewal Services in Saudi Arabia: Business-oriented overview of requirements, risk points, and practical execution steps in Saudi Arabia.",Residency & Visas,Iqama issuance and renewal | Residency procedures | Workforce continuity,HR and Workforce Teams | PRO and Government Relations Teams | Company Owners,Iqama Issuance and Renewal Services in Saudi Arabia | Motaded,"Iqama Issuance and Renewal Services in Saudi Arabia: Business-focused perspective on market relevance, regulatory context, and actionable implications in Saud","Iqama Issuance and Renewal Services in Saudi Arabia with concise, actionable insight into regulatory and operational i","iqama issuance and renewal services in saudi arabia, saudi arabia, motaded, business compliance",Yes,Yes,Yes,Yes,Yes,Yes,Yes,Yes,manual_refined_en_batch7;reclass_body;manual_body_review
555,article,en,Wage Protection System in Saudi Arabia,"Wage Protection System in Saudi Arabia: Business-oriented overview of requirements, risk points, and practical execution steps in Saudi Arabia.",Government Relations Services,Wage Protection System | Payroll compliance | Labor regulation,PRO and Government Relations Teams | HR and Workforce Teams | Finance and Payroll Teams,Wage Protection System in Saudi Arabia | Motaded,"Wage Protection System in Saudi Arabia: Business-focused perspective on market relevance, regulatory context, and actionable implications in Saudi Arabia.","Wage Protection System in Saudi Arabia with concise, actionable insight into regulatory and operational implications i","wage protection system in saudi arabia, saudi arabia, motaded, business compliance",Yes,Yes,Yes,Yes,Yes,Yes,Yes,Yes,manual_refined_en_batch7;reclass_body;manual_body_review
556,article,en,Commercial Registration Renewal in Saudi Arabia 2026,"Commercial Registration Renewal in Saudi Arabia 2026: Business-oriented overview of requirements, risk points, and practical execution steps in Saudi Arabia.",Government Relations Services,Commercial registration renewal | Corporate compliance | Regulatory maintenance,PRO and Government Relations Teams | Company Owners | Compliance and Legal Teams,Commercial Registration Renewal in Saudi Arabia 2026 | Motaded,"Commercial Registration Renewal in Saudi Arabia 2026: Business-focused perspective on market relevance, regulatory context, and actionable implications in Sau","Commercial Registration Renewal in Saudi Arabia 2026 with concise, actionable insight into regulatory and operational ","commercial registration renewal in saudi arabia 2026, saudi arabia, motaded, business compliance",Yes,Yes,Yes,Yes,Yes,Yes,Yes,Yes,manual_refined_en_batch7;reclass_body;manual_body_review
559,article,en,Guide to Managing Company Articles of Association in Saudi Arabia 2026,"Guide to Managing Company Articles of Association in Saudi Arabia 2026: Business-oriented overview of requirements, risk points, and practical execution steps in Saudi Arabia.",Business Support,Articles of Association management | Corporate structuring | Legal updates,Compliance and Legal Teams | Company Owners | PRO and Government Relations Teams,Guide to Managing Company Articles of Association in Saudi Arabia 20,"Guide to Managing Company Articles of Association in Saudi Arabia 2026: Business-focused perspective on market relevance, regulatory context, and actionable i","Guide to Managing Company Articles of Association in Saudi Arabia 2026 with concise, actionable insight into regulator","guide to managing company articles of association in saudi arabia 2026, saudi arabia, motaded, business compliance",Yes,Yes,Yes,Yes,Yes,Yes,Yes,Yes,manual_refined_en_batch7;reclass_body;manual_body_review
560,article,en,HR Companies in Riyadh: Streamline Recruitment & Compliance,"HR Companies in Riyadh: Streamline Recruitment & Compliance: Business-oriented overview of requirements, risk points, and practical execution steps in Saudi Arabia.",HR Services,HR companies in Riyadh | Recruitment and compliance | Workforce support,HR and Workforce Teams | Company Owners | Compliance and Legal Teams,HR Companies in Riyadh: Streamline Recruitment & Compliance | Motade,"HR Companies in Riyadh: Streamline Recruitment & Compliance: Business-focused perspective on market relevance, regulatory context, and actionable implications","HR Companies in Riyadh: Streamline Recruitment & Compliance with concise, actionable insight into regulatory and opera","hr companies in riyadh: streamline recruitment & compliance, saudi arabia, motaded, business compliance",Yes,Yes,Yes,Yes,Yes,Yes,Yes,Yes,manual_refined_en_batch7;reclass_body;manual_body_review
563,article,en,HR Outsourcing in Saudi Arabia,"HR Outsourcing in Saudi Arabia: Business-oriented overview of requirements, risk points, and practical execution steps in Saudi Arabia.",HR Services,HR outsourcing | Workforce optimization | Talent operations,HR and Workforce Teams | Company Owners | Local and International Businesses,HR Outsourcing in Saudi Arabia | Motaded,"HR Outsourcing in Saudi Arabia: Business-focused perspective on market relevance, regulatory context, and actionable implications in Saudi Arabia.","HR Outsourcing in Saudi Arabia with concise, actionable insight into regulatory and operational implications in Saudi ","hr outsourcing in saudi arabia, saudi arabia, motaded, business compliance",Yes,Yes,Yes,Yes,Yes,Yes,Yes,Yes,manual_refined_en_batch7;reclass_body;manual_body_review
564,article,en,Commercial Service Offices in Saudi Arabia,"Commercial Service Offices in Saudi Arabia: Business-oriented overview of requirements, risk points, and practical execution steps in Saudi Arabia.",Business Support,Commercial service offices | Administrative support | Investor services,Company Owners | Local and International Businesses | PRO and Government Relations Teams,Commercial Service Offices in Saudi Arabia | Motaded,"Commercial Service Offices in Saudi Arabia: Business-focused perspective on market relevance, regulatory context, and actionable implications in Saudi Arabia.","Commercial Service Offices in Saudi Arabia with concise, actionable insight into regulatory and operational implicatio","commercial service offices in saudi arabia, saudi arabia, motaded, business compliance",Yes,Yes,Yes,Yes,Yes,Yes,Yes,Yes,manual_refined_en_batch7;reclass_body;manual_body_review
565,article,en,Ministry of Commerce in Saudi Arabia,"Ministry of Commerce in Saudi Arabia: Business-oriented overview of requirements, risk points, and practical execution steps in Saudi Arabia.",Government Relations Services,Ministry of Commerce | Regulatory authority | corporate services,PRO and Government Relations Teams | Company Owners | Compliance and Legal Teams,Ministry of Commerce in Saudi Arabia | Motaded,"Ministry of Commerce in Saudi Arabia: Business-focused perspective on market relevance, regulatory context, and actionable implications in Saudi Arabia.","Ministry of Commerce in Saudi Arabia with concise, actionable insight into regulatory and operational implications in ","ministry of commerce in saudi arabia, saudi arabia, motaded, business compliance",Yes,Yes,Yes,Yes,Yes,Yes,Yes,Yes,manual_refined_en_batch7;reclass_body;manual_body_review
566,news,en,Saudi Ministry of HR Increases Saudization in Engineering and Procurement for 2026: A Compliance Guide by Motaded Ltd,"Saudi Ministry of HR Increases Saudization in Engineering and Procurement for 2026: A Compliance Guide by Motaded Ltd: Targeted update on what changed, why it matters, and how businesses can respond in Saudi Arabia.",Government Relations Services,Saudization increase 2026 | engineering procurement | compliance impact,PRO and Government Relations Teams | HR and Workforce Teams | Company Owners,Saudi Ministry of HR Increases Saudization in Engineering and Procur,Saudi Ministry of HR Increases Saudization in Engineering and Procurement for 2026: A Compliance Guide by Motaded Ltd: Actionable business perspective on poli,Saudi Ministry of HR Increases Saudization in Engineering and Procurement for 2026: A Compliance Guide by Motaded Ltd ,"saudi ministry of hr increases saudization in engineering and procurement for 2026: a compliance guide by motaded ltd, saudi arabia, motaded, business strategy",Yes,Yes,Yes,Yes,Yes,Yes,Yes,Yes,manual_refined_en_batch9;reclass_body;manual_body_review
567,news,en,Mandatory Electronic Transfer of Domestic Workers' Salaries in Saudi Arabia,"Mandatory Electronic Transfer of Domestic Workers' Salaries in Saudi Arabia: Targeted update on what changed, why it matters, and how businesses can respond in Saudi Arabia.",Government Relations Services,Domestic workers salary transfer | electronic wage transfer | labor compliance,PRO and Government Relations Teams | HR and Workforce Teams | Finance and Payroll Teams,Mandatory Electronic Transfer of Domestic Workers' Salaries in Saudi,"Mandatory Electronic Transfer of Domestic Workers' Salaries in Saudi Arabia: Actionable business perspective on policy context, compliance impact, and executi","Mandatory Electronic Transfer of Domestic Workers' Salaries in Saudi Arabia with focused, actionable insight on operat","mandatory electronic transfer of domestic workers' salaries in saudi arabia, saudi arabia, motaded, business strategy",Yes,Yes,Yes,Yes,Yes,Yes,Yes,Yes,manual_refined_en_batch9;reclass_body;manual_body_review
570,article,en,The Cloud Computing Special Economic Zone and Saudi Arabia’s SEZ Network,"The Cloud Computing Special Economic Zone and Saudi Arabia’s SEZ Network: Business-oriented overview of requirements, risk points, and practical execution steps in Saudi Arabia.",Business Support,Cloud computing SEZ | Special economic zones | digital infrastructure,Company Owners | Local and International Businesses | Compliance and Legal Teams,The Cloud Computing Special Economic Zone and Saudi Arabia’s SEZ Net,"The Cloud Computing Special Economic Zone and Saudi Arabia’s SEZ Network: Business-focused perspective on market relevance, regulatory context, and actionable","The Cloud Computing Special Economic Zone and Saudi Arabia’s SEZ Network with concise, actionable insight into regulat","the cloud computing special economic zone and saudi arabia’s sez network, saudi arabia, motaded, business compliance",Yes,Yes,Yes,Yes,Yes,Yes,Yes,Yes,manual_refined_en_batch7;reclass_body;manual_body_review
571,article,en,Integrated Logistics Special Bonded Zone,"Integrated Logistics Special Bonded Zone: Business-oriented overview of requirements, risk points, and practical execution steps in Saudi Arabia.",Business Support,Integrated logistics bonded zone | supply chain infrastructure | trade hub,Company Owners | Local and International Businesses | Importers and Exporters,Integrated Logistics Special Bonded Zone | Motaded,"Integrated Logistics Special Bonded Zone: Business-focused perspective on market relevance, regulatory context, and actionable implications in Saudi Arabia.","Integrated Logistics Special Bonded Zone with concise, actionable insight into regulatory and operational implications","integrated logistics special bonded zone, saudi arabia, motaded, business compliance",Yes,Yes,Yes,Yes,Yes,Yes,Yes,Yes,manual_refined_en_batch7;reclass_body;manual_body_review
572,article,en,Market Entry Strategy in KSA,"Market Entry Strategy in KSA: Business-oriented overview of requirements, risk points, and practical execution steps in Saudi Arabia.",Business Support,Market entry strategy | Saudi expansion planning | investor roadmap,Company Owners | Compliance and Legal Teams | Local and International Businesses,Market Entry Strategy in KSA | Motaded,"Market Entry Strategy in KSA: Business-focused perspective on market relevance, regulatory context, and actionable implications in Saudi Arabia.","Market Entry Strategy in KSA with concise, actionable insight into regulatory and operational implications in Saudi Ar","market entry strategy in ksa, saudi arabia, motaded, business compliance",Yes,Yes,Yes,Yes,Yes,Yes,Yes,Yes,manual_refined_en_batch7;reclass_body;manual_body_review
580,article,en,Cash Flows in Saudi Arabia 2026 | Liquidity Management with Motaded in Saudi Arabia,"Cash Flows in Saudi Arabia 2026 | Liquidity Management with Motaded in Saudi Arabia: Business-oriented overview of requirements, risk points, and practical execution steps in Saudi Arabia.",Business Support,Cash flow management | liquidity planning | financial operations,Finance and Payroll Teams | Company Owners | Compliance and Legal Teams,Cash Flows in Saudi Arabia 2026 | Liquidity Management with Motaded ,"Cash Flows in Saudi Arabia 2026 | Liquidity Management with Motaded in Saudi Arabia: Business-focused perspective on market relevance, regulatory context, and","Cash Flows in Saudi Arabia 2026 | Liquidity Management with Motaded in Saudi Arabia with concise, actionable insight i","cash flows in saudi arabia 2026 | liquidity management with motaded in saudi arabia, saudi arabia, motaded, business compliance",Yes,Yes,Yes,Yes,Yes,Yes,Yes,Yes,manual_refined_en_batch7;reclass_body;manual_body_review
585,article,en,Comprehensive Development Rights in Saudi Arabia 2026 | Motaded Saudi Arabia,"Comprehensive Development Rights in Saudi Arabia 2026: Business-oriented overview of requirements, risk points, and practical execution steps in Saudi Arabia.",Business Support,Development rights | project development | investment opportunities,Company Owners | Compliance and Legal Teams | Local and International Businesses,Comprehensive Development Rights in Saudi Arabia 2026 | Motaded,"Comprehensive Development Rights in Saudi Arabia 2026: Business-focused perspective on market relevance, regulatory context, and actionable implications in Sa","Comprehensive Development Rights in Saudi Arabia 2026 with concise, actionable insight into regulatory and operational","comprehensive development rights in saudi arabia 2026, saudi arabia, motaded, business compliance",Yes,Yes,Yes,Yes,Yes,Yes,Yes,Yes,manual_refined_en_batch7;reclass_body;manual_body_review
586,article,en,Professional Staff in Saudi Arabia 2026 | Motaded Saudi Arabia,"Professional Staff in Saudi Arabia 2026: Business-oriented overview of requirements, risk points, and practical execution steps in Saudi Arabia.",HR Services,Professional staff | talent acquisition | workforce capabilities,HR and Workforce Teams | Company Owners | Local and International Businesses,Professional Staff in Saudi Arabia 2026 | Motaded,"Professional Staff in Saudi Arabia 2026: Business-focused perspective on market relevance, regulatory context, and actionable implications in Saudi Arabia.","Professional Staff in Saudi Arabia 2026 with concise, actionable insight into regulatory and operational implications ","professional staff in saudi arabia 2026, saudi arabia, motaded, business compliance",Yes,Yes,Yes,Yes,Yes,Yes,Yes,Yes,manual_refined_en_batch7;reclass_body;manual_body_review
587,article,en,Balady Platform in Saudi Arabia 2026 | Motaded Licensing Guide Saudi Arabia,"Balady Platform in Saudi Arabia 2026: Business-oriented overview of requirements, risk points, and practical execution steps in Saudi Arabia.",Government Relations Services,Balady platform | municipal licensing | local compliance,PRO and Government Relations Teams | Company Owners | Compliance and Legal Teams,Balady Platform in Saudi Arabia 2026 | Motaded,"Balady Platform in Saudi Arabia 2026: Business-focused perspective on market relevance, regulatory context, and actionable implications in Saudi Arabia.","Balady Platform in Saudi Arabia 2026 with concise, actionable insight into regulatory and operational implications in ","balady platform in saudi arabia 2026, saudi arabia, motaded, business compliance",Yes,Yes,Yes,Yes,Yes,Yes,Yes,Yes,manual_refined_en_batch7;reclass_body;manual_body_review
589,article,en,Facilitating Sovereign Financial Procedures in Saudi Arabia | Motaded,"Facilitating Sovereign Financial Procedures in Saudi Arabia: Business-oriented overview of requirements, risk points, and practical execution steps in Saudi Arabia.",Business Support,Financial procedures | sovereign finance operations | regulatory process,Finance and Payroll Teams | Company Owners | Compliance and Legal Teams,Facilitating Sovereign Financial Procedures in Saudi Arabia | Motade,"Facilitating Sovereign Financial Procedures in Saudi Arabia: Business-focused perspective on market relevance, regulatory context, and actionable implications","Facilitating Sovereign Financial Procedures in Saudi Arabia with concise, actionable insight into regulatory and opera","facilitating sovereign financial procedures in saudi arabia, saudi arabia, motaded, business compliance",Yes,Yes,Yes,Yes,Yes,Yes,Yes,Yes,manual_refined_en_batch7;reclass_body;manual_body_review
591,article,en,Business Etiquette and Meetings in Saudi Arabia 2026 | Motaded,"Business Etiquette and Meetings in Saudi Arabia 2026: Business-oriented overview of requirements, risk points, and practical execution steps in Saudi Arabia.",Business Support,Business etiquette | meetings in Saudi Arabia | cultural protocol,Company Owners | Local and International Businesses | Compliance and Legal Teams,Business Etiquette and Meetings in Saudi Arabia 2026 | Motaded,"Business Etiquette and Meetings in Saudi Arabia 2026: Business-focused perspective on market relevance, regulatory context, and actionable implications in Sau","Business Etiquette and Meetings in Saudi Arabia 2026 with concise, actionable insight into regulatory and operational ","business etiquette and meetings in saudi arabia 2026, saudi arabia, motaded, business compliance",Yes,Yes,Yes,Yes,Yes,Yes,Yes,Yes,manual_refined_en_batch7;reclass_body;manual_body_review
592,article,en,Calculating Setup and Renewal Costs in Saudi Arabia 2026 | Motaded,"Calculating Setup and Renewal Costs in Saudi Arabia 2026: Practical briefing on requirements, compliance priorities, and implementation considerations for businesses in Saudi Arabia.",Business Support,Setup and renewal costs | investment budgeting | cost planning,Finance and Payroll Teams | Company Owners | Compliance and Legal Teams,Calculating Setup and Renewal Costs in Saudi Arabia 2026 | Motaded,"Calculating Setup and Renewal Costs in Saudi Arabia 2026: Practical review of market context, regulatory considerations, and business implications in Saudi Ar","Calculating Setup and Renewal Costs in Saudi Arabia 2026 with concise insight on regulation, compliance, and operation","calculating setup and renewal costs in saudi arabia 2026, saudi arabia, motaded, compliance guidance",Yes,Yes,Yes,Yes,Yes,Yes,Yes,Yes,manual_refined_en_batch8;reclass_body;manual_body_review
593,article,en,Ejar Platform in Saudi Arabia 2026 | Real Estate Documentation Guide - Motaded,"Ejar Platform in Saudi Arabia 2026 | Real Estate Documentation Guide - Motaded: Practical briefing on requirements, compliance priorities, and implementation considerations for businesses in Saudi Arabia.",Government Relations Services,Ejar platform | real estate documentation | leasing compliance,PRO and Government Relations Teams | Company Owners | Compliance and Legal Teams,Ejar Platform in Saudi Arabia 2026 | Real Estate Documentation Guide,"Ejar Platform in Saudi Arabia 2026 | Real Estate Documentation Guide - Motaded: Practical review of market context, regulatory considerations, and business im","Ejar Platform in Saudi Arabia 2026 | Real Estate Documentation Guide - Motaded with concise insight on regulation, com","ejar platform in saudi arabia 2026 | real estate documentation guide - motaded, saudi arabia, motaded, compliance guidance",Yes,Yes,Yes,Yes,Yes,Yes,Yes,Yes,manual_refined_en_batch8;reclass_body;manual_body_review
594,article,en,Saudi Freelance Regulations 2026 | Motaded Incubator & Ministerial Decree,"Saudi Freelance Regulations 2026: Practical briefing on requirements, compliance priorities, and implementation considerations for businesses in Saudi Arabia.",Business Support,Freelance regulations | ministerial decrees | independent work compliance,Compliance and Legal Teams | Company Owners | Local and International Businesses,Saudi Freelance Regulations 2026 | Motaded,"Saudi Freelance Regulations 2026: Practical review of market context, regulatory considerations, and business implications in Saudi Arabia.","Saudi Freelance Regulations 2026 with concise insight on regulation, compliance, and operational impact in Saudi Arabi","saudi freelance regulations 2026, saudi arabia, motaded, compliance guidance",Yes,Yes,Yes,Yes,Yes,Yes,Yes,Yes,manual_refined_en_batch8;reclass_body;manual_body_review
601,article,en,Role of Saudi Ministry of Foreign Affairs (MOFA) in Investment 2026 - Motaded,"Role of Saudi Ministry of Foreign Affairs (MOFA) in Investment 2026 - Motaded: Practical briefing on requirements, compliance priorities, and implementation considerations for businesses in Saudi Arabia.",Government Relations Services,MOFA role in investment | attestations | diplomatic procedures,PRO and Government Relations Teams | Company Owners | Compliance and Legal Teams,Role of Saudi Ministry of Foreign Affairs (MOFA) in Investment 2026 ,"Role of Saudi Ministry of Foreign Affairs (MOFA) in Investment 2026 - Motaded: Practical review of market context, regulatory considerations, and business imp","Role of Saudi Ministry of Foreign Affairs (MOFA) in Investment 2026 - Motaded with concise insight on regulation, comp","role of saudi ministry of foreign affairs (mofa) in investment 2026 - motaded, saudi arabia, motaded, compliance guidance",Yes,Yes,Yes,Yes,Yes,Yes,Yes,Yes,manual_refined_en_batch8;reclass_body;manual_body_review
607,article,en,"Taxes in Saudi Arabia 2026 | Comprehensive Guide to WHT, VAT, CIT - Motaded","Taxes in Saudi Arabia 2026 | Comprehensive Guide to WHT, VAT, CIT - Motaded: Practical briefing on requirements, compliance priorities, and implementation considerations for businesses in Saudi Arabia.",Accounting services,Saudi taxes | WHT VAT CIT | tax compliance,Finance and Payroll Teams | Compliance and Legal Teams | Company Owners,"Taxes in Saudi Arabia 2026 | Comprehensive Guide to WHT, VAT, CIT - ","Taxes in Saudi Arabia 2026 | Comprehensive Guide to WHT, VAT, CIT - Motaded: Practical review of market context, regulatory considerations, and business impli","Taxes in Saudi Arabia 2026 | Comprehensive Guide to WHT, VAT, CIT - Motaded with concise insight on regulation, compli","taxes in saudi arabia 2026 | comprehensive guide to wht, vat, cit - motaded, saudi arabia, motaded, compliance guidance",Yes,Yes,Yes,Yes,Yes,Yes,Yes,Yes,manual_refined_en_batch8;reclass_body;manual_body_review
615,article,en,Industrial Cities in Saudi Arabia 2026 | Comprehensive Investment Guide - Motaded,"Industrial Cities in Saudi Arabia 2026 | Comprehensive Investment Guide - Motaded: Practical briefing on requirements, compliance priorities, and implementation considerations for businesses in Saudi Arabia.",Business Support,Industrial cities | manufacturing investment | industrial ecosystem,Company Owners | Local and International Businesses | Compliance and Legal Teams,Industrial Cities in Saudi Arabia 2026 | Comprehensive Investment Gu,"Industrial Cities in Saudi Arabia 2026 | Comprehensive Investment Guide - Motaded: Practical review of market context, regulatory considerations, and business","Industrial Cities in Saudi Arabia 2026 | Comprehensive Investment Guide - Motaded with concise insight on regulation, ","industrial cities in saudi arabia 2026 | comprehensive investment guide - motaded, saudi arabia, motaded, compliance guidance",Yes,Yes,Yes,Yes,Yes,Yes,Yes,Yes,manual_refined_en_batch8;reclass_body;manual_body_review
625,article,en,Investment Data Services 2026 | Strategic Guide - Motaded,"Investment Data Services 2026 | Strategic Guide - Motaded: Practical briefing on requirements, compliance priorities, and implementation considerations for businesses in Saudi Arabia.",Business Support,Investment data services | market intelligence | strategic analysis,Company Owners | Local and International Businesses | Compliance and Legal Teams,Investment Data Services 2026 | Strategic Guide - Motaded | Motaded,"Investment Data Services 2026 | Strategic Guide - Motaded: Practical review of market context, regulatory considerations, and business implications in Saudi A","Investment Data Services 2026 | Strategic Guide - Motaded with concise insight on regulation, compliance, and operatio","investment data services 2026 | strategic guide - motaded, saudi arabia, motaded, compliance guidance",Yes,Yes,Yes,Yes,Yes,Yes,Yes,Yes,manual_refined_en_batch8;reclass_body;manual_body_review
632,article,en,Document Authentication for Company Setup 2026 | Investor Guide - Motaded,"Document Authentication for Company Setup 2026 | Investor Guide - Motaded: Practical briefing on requirements, compliance priorities, and implementation considerations for businesses in Saudi Arabia.",Government Relations Services,Document authentication | company setup documentation | legalization process,PRO and Government Relations Teams | Company Owners | Compliance and Legal Teams,Document Authentication for Company Setup 2026 | Investor Guide - Mo,"Document Authentication for Company Setup 2026 | Investor Guide - Motaded: Practical review of market context, regulatory considerations, and business implica","Document Authentication for Company Setup 2026 | Investor Guide - Motaded with concise insight on regulation, complian","document authentication for company setup 2026 | investor guide - motaded, saudi arabia, motaded, compliance guidance",Yes,Yes,Yes,Yes,Yes,Yes,Yes,Yes,manual_refined_en_batch8;reclass_body;manual_body_review
635,article,en,Industrial Licenses and Cities in Saudi Arabia 2026 | Fee Cancellation - Motaded,"Industrial Licenses and Cities in Saudi Arabia 2026 | Fee Cancellation - Motaded: Practical briefing on requirements, compliance priorities, and implementation considerations for businesses in Saudi Arabia.",Business Support,Industrial licenses | MODON cities | manufacturing regulation,Company Owners | Compliance and Legal Teams | Local and International Businesses,Industrial Licenses and Cities in Saudi Arabia 2026 | Fee Cancellati,"Industrial Licenses and Cities in Saudi Arabia 2026 | Fee Cancellation - Motaded: Practical review of market context, regulatory considerations, and business ","Industrial Licenses and Cities in Saudi Arabia 2026 | Fee Cancellation - Motaded with concise insight on regulation, c","industrial licenses and cities in saudi arabia 2026 | fee cancellation - motaded, saudi arabia, motaded, compliance guidance",Yes,Yes,Yes,Yes,Yes,Yes,Yes,Yes,manual_refined_en_batch8;reclass_body;manual_body_review
636,article,en,Comprehensive MODON Industrial Guide 2026 | Licenses & Financing - Motaded,"Comprehensive MODON Industrial Guide 2026 | Licenses & Financing - Motaded: Practical briefing on requirements, compliance priorities, and implementation considerations for businesses in Saudi Arabia.",Business Support,MODON guide | industrial licensing | manufacturing support,Company Owners | Local and International Businesses | Compliance and Legal Teams,Comprehensive MODON Industrial Guide 2026 | Licenses & Financing - M,"Comprehensive MODON Industrial Guide 2026 | Licenses & Financing - Motaded: Practical review of market context, regulatory considerations, and business implic","Comprehensive MODON Industrial Guide 2026 | Licenses & Financing - Motaded with concise insight on regulation, complia","comprehensive modon industrial guide 2026 | licenses & financing - motaded, saudi arabia, motaded, compliance guidance",Yes,Yes,Yes,Yes,Yes,Yes,Yes,Yes,manual_refined_en_batch8;reclass_body;manual_body_review
637,article,en,Comprehensive Senaei Platform Guide 2026 | Licenses & Exemptions - Motaded,"Comprehensive Senaei Platform Guide 2026 | Licenses & Exemptions - Motaded: Practical briefing on requirements, compliance priorities, and implementation considerations for businesses in Saudi Arabia.",Government Relations Services,Senaei platform | industrial permits | digital licensing,PRO and Government Relations Teams | Company Owners | Compliance and Legal Teams,Comprehensive Senaei Platform Guide 2026 | Licenses & Exemptions - M,"Comprehensive Senaei Platform Guide 2026 | Licenses & Exemptions - Motaded: Practical review of market context, regulatory considerations, and business implic","Comprehensive Senaei Platform Guide 2026 | Licenses & Exemptions - Motaded with concise insight on regulation, complia","comprehensive senaei platform guide 2026 | licenses & exemptions - motaded, saudi arabia, motaded, compliance guidance",Yes,Yes,Yes,Yes,Yes,Yes,Yes,Yes,manual_refined_en_batch8;reclass_body;manual_body_review
638,article,en,SIDF Industrial Financing Guide 2026 | Loans & Requirements - Motaded,"SIDF Industrial Financing Guide 2026 | Loans & Requirements - Motaded: Practical briefing on requirements, compliance priorities, and implementation considerations for businesses in Saudi Arabia.",Business Support,SIDF financing | industrial loans | funding requirements,Company Owners | Finance and Payroll Teams | Local and International Businesses,SIDF Industrial Financing Guide 2026 | Loans & Requirements - Motade,"SIDF Industrial Financing Guide 2026 | Loans & Requirements - Motaded: Practical review of market context, regulatory considerations, and business implication","SIDF Industrial Financing Guide 2026 | Loans & Requirements - Motaded with concise insight on regulation, compliance, ","sidf industrial financing guide 2026 | loans & requirements - motaded, saudi arabia, motaded, compliance guidance",Yes,Yes,Yes,Yes,Yes,Yes,Yes,Yes,manual_refined_en_batch8;reclass_body;manual_body_review
639,article,en,Riyadh Industrial Cities Guide 2026 | Open Your Company in Riyadh - Motaded,"Riyadh Industrial Cities Guide 2026 | Open Your Company in Riyadh - Motaded: Practical briefing on requirements, compliance priorities, and implementation considerations for businesses in Saudi Arabia.",Business Support,Riyadh industrial cities | company setup in Riyadh | industrial expansion,Company Owners | Local and International Businesses | Compliance and Legal Teams,Riyadh Industrial Cities Guide 2026 | Open Your Company in Riyadh - ,"Riyadh Industrial Cities Guide 2026 | Open Your Company in Riyadh - Motaded: Practical review of market context, regulatory considerations, and business impli","Riyadh Industrial Cities Guide 2026 | Open Your Company in Riyadh - Motaded with concise insight on regulation, compli","riyadh industrial cities guide 2026 | open your company in riyadh - motaded, saudi arabia, motaded, compliance guidance",Yes,Yes,Yes,Yes,Yes,Yes,Yes,Yes,manual_refined_en_batch8;reclass_body;manual_body_review
640,article,en,Saudi Arabia Company Licensing Guide 2026 | Open Your Company in Riyadh - Motaded,"Saudi Arabia Company Licensing Guide 2026 | Open Your Company in Riyadh - Motaded: Practical briefing on requirements, compliance priorities, and implementation considerations for businesses in Saudi Arabia.",Business Support,Company licensing guide | Riyadh business setup | regulatory roadmap,Company Owners | Compliance and Legal Teams | Local and International Businesses,Saudi Arabia Company Licensing Guide 2026 | Open Your Company in Riy,"Saudi Arabia Company Licensing Guide 2026 | Open Your Company in Riyadh - Motaded: Practical review of market context, regulatory considerations, and business","Saudi Arabia Company Licensing Guide 2026 | Open Your Company in Riyadh - Motaded with concise insight on regulation, ","saudi arabia company licensing guide 2026 | open your company in riyadh - motaded, saudi arabia, motaded, compliance guidance",Yes,Yes,Yes,Yes,Yes,Yes,Yes,Yes,manual_refined_en_batch8;reclass_body;manual_body_review
641,article,en,Business Open in Saudi Guide 2026 | Opening a Business - Motaded,"Business Open in Saudi Guide 2026 | Opening a Business - Motaded: Practical briefing on requirements, compliance priorities, and implementation considerations for businesses in Saudi Arabia.",Business Support,Opening a business | Saudi company launch | startup process,Company Owners | Local and International Businesses | Compliance and Legal Teams,Business Open in Saudi Guide 2026 | Opening a Business - Motaded | M,"Business Open in Saudi Guide 2026 | Opening a Business - Motaded: Practical review of market context, regulatory considerations, and business implications in ","Business Open in Saudi Guide 2026 | Opening a Business - Motaded with concise insight on regulation, compliance, and o","business open in saudi guide 2026 | opening a business - motaded, saudi arabia, motaded, compliance guidance",Yes,Yes,Yes,Yes,Yes,Yes,Yes,Yes,manual_refined_en_batch8;reclass_body;manual_body_review
642,article,en,Business Setup Process in KSA Guide 2026 | Establishment Path - Motaded,"Business Setup Process in KSA Guide 2026 | Establishment Path - Motaded: Practical briefing on requirements, compliance priorities, and implementation considerations for businesses in Saudi Arabia.",Business Support,Business setup process in KSA | establishment workflow | compliance steps,Company Owners | Compliance and Legal Teams | Local and International Businesses,Business Setup Process in KSA Guide 2026 | Establishment Path - Mota,"Business Setup Process in KSA Guide 2026 | Establishment Path - Motaded: Practical review of market context, regulatory considerations, and business implicati","Business Setup Process in KSA Guide 2026 | Establishment Path - Motaded with concise insight on regulation, compliance","business setup process in ksa guide 2026 | establishment path - motaded, saudi arabia, motaded, compliance guidance",Yes,Yes,Yes,Yes,Yes,Yes,Yes,Yes,manual_refined_en_batch8;reclass_body;manual_body_review
643,article,en,Set up a Branch Office in Saudi Arabia 2026 | Branch Guide - Motaded,"Set up a Branch Office in Saudi Arabia 2026 | Branch Guide - Motaded: Practical briefing on requirements, compliance priorities, and implementation considerations for businesses in Saudi Arabia.",Business Support,Branch office setup | foreign branch registration | expansion model,Company Owners | Compliance and Legal Teams | Local and International Businesses,Set up a Branch Office in Saudi Arabia 2026 | Branch Guide - Motaded,"Set up a Branch Office in Saudi Arabia 2026 | Branch Guide - Motaded: Practical review of market context, regulatory considerations, and business implications","Set up a Branch Office in Saudi Arabia 2026 | Branch Guide - Motaded with concise insight on regulation, compliance, a","set up a branch office in saudi arabia 2026 | branch guide - motaded, saudi arabia, motaded, compliance guidance",Yes,Yes,Yes,Yes,Yes,Yes,Yes,Yes,manual_refined_en_batch8;reclass_body;manual_body_review
644,article,en,How to Choose an Investment Consultant in Saudi Arabia 2026 | Guide - Motaded,"How to Choose an Investment Consultant in Saudi Arabia 2026 | Guide - Motaded: Practical briefing on requirements, compliance priorities, and implementation considerations for businesses in Saudi Arabia.",Business Support,Investment consultant selection | advisory criteria | partner evaluation,Company Owners | Local and International Businesses | Compliance and Legal Teams,How to Choose an Investment Consultant in Saudi Arabia 2026 | Guide ,"How to Choose an Investment Consultant in Saudi Arabia 2026 | Guide - Motaded: Practical review of market context, regulatory considerations, and business imp","How to Choose an Investment Consultant in Saudi Arabia 2026 | Guide - Motaded with concise insight on regulation, comp","how to choose an investment consultant in saudi arabia 2026 | guide - motaded, saudi arabia, motaded, compliance guidance",Yes,Yes,Yes,Yes,Yes,Yes,Yes,Yes,manual_refined_en_batch8;reclass_body;manual_body_review
646,article,en,Business Setup Consultants in Saudi Arabia 2026 | Sovereign Investment Support - Motaded,"Business Setup Consultants in Saudi Arabia 2026 | Sovereign Investment Support - Motaded: Practical briefing on requirements, compliance priorities, and implementation considerations for businesses in Saudi Arabia.",Business Support,Business setup consultants | investment support | market entry advisory,Company Owners | Local and International Businesses | Compliance and Legal Teams,Business Setup Consultants in Saudi Arabia 2026 | Sovereign Investme,"Business Setup Consultants in Saudi Arabia 2026 | Sovereign Investment Support - Motaded: Practical review of market context, regulatory considerations, and b",Business Setup Consultants in Saudi Arabia 2026 | Sovereign Investment Support - Motaded with concise insight on regul,"business setup consultants in saudi arabia 2026 | sovereign investment support - motaded, saudi arabia, motaded, compliance guidance",Yes,Yes,Yes,Yes,Yes,Yes,Yes,Yes,manual_refined_en_batch8;reclass_body;manual_body_review
654,article,en,Living in Saudi Arabia 2026 | Living Sovereignty & Quality of Life Guide - Motaded,"Living in Saudi Arabia 2026 | Living Sovereignty & Quality of Life Guide - Motaded: Practical briefing on requirements, compliance priorities, and implementation considerations for businesses in Saudi Arabia.",Residency & Visas,Living in Saudi Arabia | quality of life | relocation guidance,HR and Workforce Teams | Company Owners | Local and International Businesses,Living in Saudi Arabia 2026 | Living Sovereignty & Quality of Life G,"Living in Saudi Arabia 2026 | Living Sovereignty & Quality of Life Guide - Motaded: Practical review of market context, regulatory considerations, and busines","Living in Saudi Arabia 2026 | Living Sovereignty & Quality of Life Guide - Motaded with concise insight on regulation,","living in saudi arabia 2026 | living sovereignty & quality of life guide - motaded, saudi arabia, motaded, compliance guidance",Yes,Yes,Yes,Yes,Yes,Yes,Yes,Yes,manual_refined_en_batch8;reclass_body;manual_body_review
655,article,en,Import and Export in Saudi Arabia 2026 | Sovereign Guide & Financing - Motaded,"Import and Export in Saudi Arabia 2026 | Sovereign Guide & Financing - Motaded: Business-focused synopsis of legal context, execution steps, and strategic implications in Saudi Arabia.",Business Support,Import and export | trade operations | financing support,Importers and Exporters | Company Owners | Local and International Businesses,Import and Export in Saudi Arabia 2026 | Sovereign Guide & Financing,"Import and Export in Saudi Arabia 2026 | Sovereign Guide & Financing - Motaded: Actionable business perspective on policy context, compliance impact, and exec","Import and Export in Saudi Arabia 2026 | Sovereign Guide & Financing - Motaded with focused, actionable insight on ope","import and export in saudi arabia 2026 | sovereign guide & financing - motaded, saudi arabia, motaded, business strategy",Yes,Yes,Yes,Yes,Yes,Yes,Yes,Yes,manual_refined_en_batch9;reclass_body;manual_body_review
657,article,en,Diriyah Projects 2026 | Vendor Registration & Investment Sovereignty - Motaded,"Diriyah Projects 2026 | Vendor Registration & Investment Sovereignty - Motaded: Business-focused synopsis of legal context, execution steps, and strategic implications in Saudi Arabia.",Supplier registration service,Diriyah projects | vendor registration | project participation,PRO and Government Relations Teams | Company Owners | Local and International Businesses,Diriyah Projects 2026 | Vendor Registration & Investment Sovereignty,"Diriyah Projects 2026 | Vendor Registration & Investment Sovereignty - Motaded: Actionable business perspective on policy context, compliance impact, and exec","Diriyah Projects 2026 | Vendor Registration & Investment Sovereignty - Motaded with focused, actionable insight on ope","diriyah projects 2026 | vendor registration & investment sovereignty - motaded, saudi arabia, motaded, business strategy",Yes,Yes,Yes,Yes,Yes,Yes,Yes,Yes,manual_refined_en_batch9;reclass_body;manual_body_review
658,article,en,"Comprehensive Qiddiya Guide 2026 | Location, Districts, and Key Attractions","Comprehensive Qiddiya Guide 2026 | Location, Districts, and Key Attractions: Business-focused synopsis of legal context, execution steps, and strategic implications in Saudi Arabia.",Business Support,Qiddiya guide | districts and attractions | investment landscape,Company Owners | Local and International Businesses | Compliance and Legal Teams,"Comprehensive Qiddiya Guide 2026 | Location, Districts, and Key Attr","Comprehensive Qiddiya Guide 2026 | Location, Districts, and Key Attractions: Actionable business perspective on policy context, compliance impact, and executi","Comprehensive Qiddiya Guide 2026 | Location, Districts, and Key Attractions with focused, actionable insight on operat","comprehensive qiddiya guide 2026 | location, districts, and key attractions, saudi arabia, motaded, business strategy",Yes,Yes,Yes,Yes,Yes,Yes,Yes,Yes,manual_refined_en_batch9;reclass_body;manual_body_review
659,article,en,"Riyadh Expo 2030: The Sovereign Master Guide to Location, Participation Mechanisms, Visa Systems, and Future Legacy","Riyadh Expo 2030: The Sovereign Master Guide to Location, Participation Mechanisms, Visa Systems, and Future Legacy: Business-focused synopsis of legal context, execution steps, and strategic implications in Saudi Arabia.",Business Support,Riyadh Expo 2030 | participation mechanisms | event strategy,Company Owners | Local and International Businesses | Compliance and Legal Teams,"Riyadh Expo 2030: The Sovereign Master Guide to Location, Participat","Riyadh Expo 2030: The Sovereign Master Guide to Location, Participation Mechanisms, Visa Systems, and Future Legacy: Actionable business perspective on policy","Riyadh Expo 2030: The Sovereign Master Guide to Location, Participation Mechanisms, Visa Systems, and Future Legacy wi","riyadh expo 2030: the sovereign master guide to location, participation mechanisms, visa systems, and future legacy, saudi arabia, motaded, business strategy",Yes,Yes,Yes,Yes,Yes,Yes,Yes,Yes,manual_refined_en_batch9;reclass_body;manual_body_review
661,article,en,Transfer of Sponsorship Without Employer Consent 2026 | Labor Sovereignty Guide - Motaded,"Transfer of Sponsorship Without Employer Consent 2026 | Labor Sovereignty Guide - Motaded: Business-focused synopsis of legal context, execution steps, and strategic implications in Saudi Arabia.",HR Services,Transfer of sponsorship | labor mobility | employment compliance,HR and Workforce Teams | PRO and Government Relations Teams | Company Owners,Transfer of Sponsorship Without Employer Consent 2026 | Labor Sovere,"Transfer of Sponsorship Without Employer Consent 2026 | Labor Sovereignty Guide - Motaded: Actionable business perspective on policy context, compliance impac","Transfer of Sponsorship Without Employer Consent 2026 | Labor Sovereignty Guide - Motaded with focused, actionable ins","transfer of sponsorship without employer consent 2026 | labor sovereignty guide - motaded, saudi arabia, motaded, business strategy",Yes,Yes,Yes,Yes,Yes,Yes,Yes,Yes,manual_refined_en_batch9;reclass_body;manual_body_review
664,article,en,Saudization Percentage | Minimum Wage Guide and Developed Nitaqat - Motaded,"Saudization Percentage | Minimum Wage Guide and Developed Nitaqat - Motaded: Business-focused synopsis of legal context, execution steps, and strategic implications in Saudi Arabia.",Government Relations Services,Saudization percentage | minimum wage | Nitaqat compliance,PRO and Government Relations Teams | HR and Workforce Teams | Company Owners,Saudization Percentage | Minimum Wage Guide and Developed Nitaqat - ,"Saudization Percentage | Minimum Wage Guide and Developed Nitaqat - Motaded: Actionable business perspective on policy context, compliance impact, and executi","Saudization Percentage | Minimum Wage Guide and Developed Nitaqat - Motaded with focused, actionable insight on operat","saudization percentage | minimum wage guide and developed nitaqat - motaded, saudi arabia, motaded, business strategy",Yes,Yes,Yes,Yes,Yes,Yes,Yes,Yes,manual_refined_en_batch9;reclass_body;manual_body_review
