nid,langcode,title,body,body_summary,target_audience,service_duration,provided_languages,service_channels,service_cost,payment_options,categories,beneficiaries,tags,missing_body,missing_body_summary,missing_target_audience,missing_service_duration,missing_provided_languages,missing_service_channels,missing_service_cost,missing_payment_options,missing_categories,missing_beneficiaries,missing_tags,meta_title,meta_description,meta_abstract,meta_keywords,status
65,ar,"المناطق الحرة في السعودية","المناطق الاقتصادية الخاصة الحرة في السعوديةأقامت السعودية، بعد رؤية المملكة ٢٠٣٠، أول ٤ مناطق اقتصادية خاصة بأنظمة تجارية خاصة تتناسب مع أهداف المناطق الحرة وتخدم أهداف المستثمرين في سياسات المناطق الاقتصادية الحرة العالمية. كذلك للتسهيل في التنويع الاقتصادي، وتنمية عجلة الاقتصاد، وتمكين المستثمرين الأجانب من ممارسة الأعمال التجارية في السعودية بشكل يخدم الرؤية، وكذلك يدعم أهداف المستثمر في السوق السعودي.كما تقدم هذه المناطق الاقتصادية الحوافز في قطاعات تجارية شتى كالقطاع الصناعي، والتجاري، والاستيراد، والتصدير. مما يعين ويسهّل حركة المستثمر في تسريع أعماله دوليًّا ومحليًّا من خلال ربطه بالأسواق العالمية والمحلية.والمناطق التي تم إطلاقها هي:&nbsp;المنطقة الاقتصادية الخاصة بمدينة الملك عبد الله الاقتصادية، المنطقة الاقتصادية الخاصة برأس الخير، المنطقة الاقتصادية الخاصة بجازان، المنطقة الاقتصادية الخاصة للحوسبة السحابية والمعلوماتية، المنطقة الخاصة اللوجستية المتكاملة في الرياض.المنطقة الاقتصادية الخاصة بمدينة الملك عبد الله الاقتصادية: تقع في منطقة مكة المكرمة على مساحة 60 كيلومترا مربعا، وتستهدف سلسلة إمداد السيارات وتجميعها، والسلع الاستهلاكية، والصناعات الإلكترونية الخفيفة، والأدوية، والتقنيات الطبية، والخدمات اللوجستية.المنطقة الاقتصادية الخاصة برأس الخير: تقع في المنطقة الشرقية على مساحة 20 كيلومترا مربعا، تستهدف قطاعات بناء السفن والصيانة والإصلاح والتشغيل، ومنصات الحفر العائمة والصيانة والإصلاح والتشغيل.المنطقة الاقتصادية بجازان: تقع في جازان، تبلغ مساحتها 26 كيلومترا مربعا، وتستهدف قطاعات معالجة الأغذية وتحويل المعادن، والخدمات اللوجستية.وتتضمن الحوافر الاستثمارية في المناطق الثلاثة المذكورة أعلاه ما يلي:أولا: 5 % ضريبة دخل الشركات لمدة 20 عاما.ثانيا: 0 % ضريبة الاقتطاع بشكل دائم على إعادة الأرباح من المنطقة الاقتصادية الخاصة إلى دول أجنبية.ثالثا: 0 % الرسوم الجمركية المؤجلة على البضائع المدخلة إلى المناطق الاقتصادية الخاصة.رابعا: لوائح مرنة وداعمة فيما يتعلق بالمواهب الأجنبية خلال السنوات الخمس الأولى.خامسا: 0 % ضريبة القيمة المضافة على جميع السلع داخل المنطقة الاقتصادية الخاصة المتبادلة داخل المنطقة وبين المناطق.سادسا: الإعفاء من الرسوم التشغيلية للموظفين الأجانب وعائلاتهم داخل المنطقة الاقتصادية الخاصة.المنطقة الاقتصادية الخاصة للحوسبة السحابية والمعلوماتية: ويقع مقر المنطقة في مدينة الرياض، ويمكن إنشاء وتشغيل مراكز البيانات في جميع أنحاء المملكة العربية السعودية، وتستهدف خدمات الحوسبة السحابية.وتسهم المنطقة الاقتصادية الخاصة للحوسبة السحابية والمعلوماتية في تحقيق الاستثمارات المستهدفة بقيمة 20 مليار دولار، عن طريق الاستثمارات الأجنبية المباشرة والاستثمارات المحلية المباشرة في قطاعي البيانات والذكاء الاصطناعي بحلول عام 2030.ويتيح الاستثمار في المنطقة الاقتصادية الخاصة للحوسبة السحابية والمعلوماتية الحصول على حوافز اقتصادية تعزز من نجاح الأعمال التجارية ومنها:- معاملة ضريبة خاصة تتماشى مع مبدأ تجنب الازدواج الضريبي لمنظمة التعاون والتنمية الاقتصادية والذي يتوافق مع نموذج تشغيل مزودي الخدمات السحابية.- الإعفاء من الرسوم التشغيلية للموظفين الأجانب وعائلاتهم داخل المنطقة الاقتصادية الخاصة.- تكلفة مناسبة لتوصيل الشبكة وتقديم خدمات الكهرباء حيث تبلغ تكلفة الكهرباء للشركات 0.05 دولار/كيلو واط في الساعة.- المرونة في تقديم خدمات الحوسبة السحابية من المنطقة وإمكانية إنشاء وتشغيل مراكز البيانات في جميع أنحاء المملكة.المنطقة الصناعية واللوجستية الخاصة المتكاملة في الرياض: تقع بالقرب من مطار الملك خالد الدولي، بالرياض، وتستهدف المنتجات الاستهلاكية، وأجزاء الحاسوب، والأدوية، والمستلزمات الغذائية والطبية، وصناعة الفضاء وقطاع الغيار، والسلع الكمالية والمجوهرات والمعادن النفيسة.وتتمثل المزايا التنافسية التي تقدمها المنطقة فيما يلي:- 0 % ضريبة دخل الشركات.- إعفاءات ضريبية لمدة 50 عاما.- إعفاءات على ضريبة القيمة المضافة.- إعفاءات ضريبية الاستقطاع وتخضع للوفاء بالمعايير المحددة.- 0 % ضريبة القيمة المضافة على الخدمات أو التصنيع أو التجميع.- إعفاءات ضريبية رسوم تحويل الأموال وتخضع للوفاء بالمعايير المحددة.- إعفاءات ضريبة القيمة المضافة للسلع تحت الوضع المعلق للرسوم الجمركية.وتسعى المملكة العربية السعودية لتصبح قوة استثمارية عالمية، وفي ظل رؤية 2030؛ يولّد التحول الاجتماعي والاقتصادي في المملكة فرصا للنمو في العديد من القطاعات والمناطق الواعدة.&nbsp;","يمكّن ترخيص خدمة المنطقة الحرة الشركات من العمل داخل مناطق اقتصادية محددة في المملكة العربية السعودية، مما يوفر مزايا كبيرة مثل الحوافز الضريبية واللوائح المبسطة والملكية الأجنبية بنسبة 100٪. تعتبر هذه المناطق مفيدة بشكل خاص للشركات في قطاعات مثل الاستشارات وتكنولوجيا المعلومات والخدمات القانونية وغيرها من الخدمات المهنية. ويدعم الترخيص تسجيل الشركات الأجنبية في المملكة العربية السعودية ويسهل إنشاء مراكز الخدمة الإقليمية.","الشركات والجهات المستفيدة من خدمة دعم الأعمال في المملكة العربية السعودية.","تنفيذ سريع (عادة خلال يوم عمل إلى عدة أيام حسب المتطلبات).",العربية,"عبر القنوات الرقمية والتواصل المباشر مع فريق متعدد.","تحدد التكلفة وفق نطاق الخدمة والمتطلبات.","التحويل البنكي وفق بيانات حساب الشركة.","دعم الأعمال","الشركات والجهات المستفيدة من خدمة دعم الأعمال في المملكة العربية السعودية.",البضائع,No,No,No,No,No,No,No,No,No,No,No,"المناطق الحرة في السعودية | معتد","المناطق الحرة في السعودية: نقدم دعمًا تشغيليًا وقانونيًا متكاملاً لمواءمة الخدمة مع أهداف منشأتك. نقدم خدمة متخصصة تضمن الامتثال الكامل للأنظمة وتسريع...","المناطق الحرة في السعودية: نقدم دعمًا تشغيليًا وقانونيًا متكاملاً لمواءمة الخدمة مع أهداف منشأتك.","المناطق الحرة في السعودية، تأسيس الأعمال في السعودية، خدمات الشركات، خدمات معتد، السوق السعودي",handcrafted
83,ar,"ترخيص المقرات الاقليمية (ترخيص منطقة الشرق الأوسط وشمال أفريقيا)","ماذا يعني ترخيص المقرات الاقليمية في السعودية مينا؟هي مقرّات لشركات متعددة الجنسيّات أنشأت وفقًا لأحكام النظام السعودي بهدف تقديم الدعم والإدارة والتوجيه الاستراتيجي لفروعها والشركات التابعة لها في منطقة الشرق الأوسط وشمال إفريقيا. إنّ برنامج المقرّات الإقليمية هو مبادرة مشتركة بين وزارة الاستثمار والهيئة الملكية لمدينة الرياض بهدف دعوة الشركات العالمية إلى نقل مقرّاتها الإقليمية إلى المملكة العربية السعودية.وتعني رخصة&nbsp;مينا (MEAN) الشرق الأوسط وشمال افريقيا وهي تساعد الشركات التي لديها فروع في هذه المنطقة للحصول على استثناءات عديدة ومزايا تنافسية في السوق السعودي مما يسهل عليهم الحصول على فرص استثمار في المشاريع الحكومية في السعودية.ويساهم برنامج ترخيص المقر الإقليمي السعودي الشركات متعددة الجنسيات على تشغيل مقرها الإقليمي في منطقة الشرق الأوسط وشمال أفريقيا في المملكة العربية السعودية. ككيانات مقرات اقليمية&nbsp;مسجلة بموجب القوانين السعودية.تشمل دول منطقة الشرق الأوسط وشمال أفريقيا ودول مجلس التعاون الخليجي: المملكة العربية السعودية، والإمارات العربية المتحدة، والكويت، والبحرين، وعمان، وقطر. وتشمل أيضًا العراق واليمن والأردن وفلسطين وسوريا ومصر وليبيا وتونس ولبنان، والجزائر، وموريتانيا، والمغرب.تعد كيانات المقر الإقليمي جزءًا من مجموعات متعددة الجنسيات. ويتم تشكيلها بموجب قوانين المملكة العربية السعودية. وتتمثل مهمتهم في دعم وإدارة وتقديم التوجيه لفروعها والشركات التابعة لها والشركات التابعة العاملة في منطقة الشرق الأوسط وشمال أفريقيا.ما هو المقصود بالشركات متعددة الجنسيات؟&nbsp;هي شركات لديها كيان أجنبي أم وتزاول أعمالها في أكثر من ولاية قضائية واحدة من خلال الكيان الأم أو الشركات التابعة لها أو فروعها أو الشركات التابعة لها.ما هي مميزات المقرات الاقليمية في السعودية؟تنظر حكومة المملكة العربية السعودية إلى المقرات الرئيسية على أنها المراكز الأساسية لإدارة الواجهة الإدارية للشركات المعنية في جميع أنحاء المنطقة.ومن اهم المميزات الاتي:إعفاء من نسبة السعودة لمدة 10 سنوات.تصريح عمل الزوج أو الزوجة.تمديد عمر المعالين حتى 25 سنة.الإعفاء من الاعتماد المهني لبعض الوظائف.الإعفاء من حد التأشيرة وإصدارها وتسريعها.خدمات شاملة (الأعمال،الشخصية والكونسيرج)، المناقصات الحكومية.تزويد المدراء التنفيذيين الثلاث اقامة مميزة لمدة سنه قابلة للتجديد .يتمثل دور متعدد، المعتمد من الهيئة القانونية السعودية، في مساعدة المستثمرين في الحصول على ترخيص مينا ترخيص المقرات الرئيسية في السعودية.ليسهل الطريق على المستثمر في تأسيس و فتح شركة في السعودية وحصوله على الترخيص بطريقة مثالية وبدون أي عوائق مستقبلية.شروط الحصول على ترخيص المقرات الرئيسية في السعودية&nbsp;؟نسخ من سجلين تجاريين على الأقل صادرين عن الشركة المتعددة الجنسيات صادرين في بلدين مختلفين (باستثناء المملكة العربية السعودية والبلد الذي يقع فيه مقر المجموعة متعددة الجنسيات) مصدقة من السفارة السعودية في البلدين المعنيين.البيانات المالية السنوية المدققة لمقدم الطلب عن آخر سنة مالية سابقة لتاريخ تقديم الطلب.نموذج تطوير المقر الاقليمي مكتمل متوفر لدى شركة متعدد المحدودة&nbsp;والذي يجب أن يوفر ما يلي:هيكل تنظيمي يحدد العلاقة بين المقر والكيانات التي ستديرها على الصعيد الإقليمي إدارة الموارد البشرية.وصف للأعمال التجارية والأنشطة التشغيلية القائمة للكيانات التي ستدار على المستوى الإقليمي من قبل المقر الإقليمي.لتكاليف التشغيلية المقدرة للمقر الاقليمي للسنوات الثلاث الأولى من تشغيلها.قد تكون هناك مستندات إضافية مطلوبةالسجل التجاري للشركة الام.علما بأن التقديم على الترخيص يتم من قبل الشركة الأجنبية وليس الشركة الوطنية.","يسمح ترخيص المقر الإقليمي (RHQ)، المعروف أيضًا باسم ترخيص الشرق الأوسط وشمال إفريقيا، للشركات متعددة الجنسيات بإنشاء مقرها الإقليمي في المملكة العربية السعودية. ويقدم هذا الترخيص العديد من المزايا، بما في ذلك الإعفاءات من السعودة والحوافز الضريبية والعمليات التنظيمية المبسطة. يعد ترخيص RHQ خيارًا استراتيجيًا للشركات التي تدير العمليات في دولتين على الأقل في منطقة الشرق الأوسط وشمال إفريقيا خارج المملكة العربية السعودية وتتطلع إلى مركزية إدارتها الإقليمية.","الشركات والجهات المستفيدة من خدمة دعم الأعمال في المملكة العربية السعودية.","تنفيذ سريع حسب جاهزية المتطلبات.",العربية,"عبر القنوات الرقمية والتواصل المباشر مع فريق متعدد.","٣٤٤٣ ريال سعودي","التحويل البنكي وفق بيانات حساب الشركة.","دعم الأعمال","أصحاب الشركات","دعم الأعمال",No,No,No,No,No,No,No,No,No,No,No,"ترخيص المقرات الاقليمية (ترخيص منطقة الشرق الأوسط وشمال أفريقيا)...","ترخيص المقرات الاقليمية (ترخيص منطقة الشرق الأوسط وشمال أفريقيا): نقدم دعمًا تشغيليًا وقانونيًا متكاملاً لمواءمة الخدمة مع أهداف منشأتك. خدمة احترافية تركّز...","ترخيص المقرات الاقليمية (ترخيص منطقة الشرق الأوسط وشمال أفريقيا): نقدم دعمًا تشغيليًا وقانونيًا متكاملاً...","ترخيص المقرات الاقليمية (ترخيص منطقة الشرق الأوسط وشمال أفريقيا)، تأسيس الأعمال في السعودية، خدمات الشركات، خدمات معتد، السوق السعودي",handcrafted
90,ar,"خدمات الموارد البشرية","في متعدد، نؤمن أن نجاح أي مؤسسة يبدأ من إدارة مواردها البشرية بشكل فعّال واحترافي. لذلك، نقدم حلولًا شاملة تدعم أهدافك التشغيلية والاستراتيجية، مع التركيز على تحقيق التوازن المثالي بين الكفاءة والجودة. نعمل خلف الكواليس لتبسيط التعقيدات الإدارية، مما يوفر لك الوقت والجهد، ويتيح لك التركيز على ما هو أهم: تنمية أعمالك وتحقيق تطلعاتك. من التفاصيل اليومية إلى القرارات الاستراتيجية الكبرى، نضمن تقديم الدعم الذي يتماشى مع احتياجاتك المتطورة، مع ضمان الامتثال الكامل والتعامل السلس مع التحديات. مع متعدد، أنت في أيدٍ أمينة، نعمل بمرونة وإبداع لتقديم خدمات تتجاوز التوقعات وتبقيك في المقدمة.&nbsp;خدمات الموارد البشرية في متعدد🔹 خدمات العلاقات الحكومية (GRO)تقديم خدمات علاقات حكومية احترافية لضمان التعامل السلس مع جميع الجهات الحكومية.إدارة المنصات الحكومية الإلكترونية مثل: مقيم، قوى، التأمينات الاجتماعية (GOSI)، وزارة التجارة لضمان دقة البيانات وتحديثها.توثيق وتصديق الوثائق من الجهات الرسمية مثل الغرف التجارية والسفارات لضمان قبولها في جميع الإجراءات.خدمات تجديد الوثائق مثل الرخص والسجلات التجارية.خدمات تعديل الوثائق مثل عقود التأسيس والسجلات التجارية.خدمات إلغاء الوثائق مثل السجلات التجارية والرخص غير المستخدمة.&nbsp;🔹 خدمات التوظيفاستقطاب المواهب المحلية والدولية لتلبية متطلبات الشركات.الإعلان عن الوظائف وإدارة الطلبات لضمان توفير مرشحين مؤهلين.اختيار وتقييم المرشحين عبر مقابلات واختبارات دقيقة.إدارة عملية التوظيف بالكامل من تقديم العروض حتى توقيع العقود.التوظيف المؤقت لتلبية الاحتياجات العاجلة أو الموسمية.تسجيل الموظفين غير السعوديين لتسهيل إدارة الموارد البشرية.&nbsp;🔹 خدمات الرواتب في السعوديةحساب الرواتب الأساسية والبدلات والخصومات بدقة وفق سياسات الشركة.&nbsp;🔹 خدمات العمليات اليومية (التأشيرات والإقامة)إصدار التأشيرات للموظفين داخل وخارج المملكة بسرعة وكفاءة.إصدار الإقامة (الإقامة النظامية/الإقامة للعاملين) وفقًا للوائح العمل والإقامة.تجديد الإقامة قبل انتهاء صلاحيتها لتجنب الغرامات.إصدار تأشيرات الخروج والعودة للموظفين أثناء الإجازات أو السفر.إلغاء التأشيرات والإقامات للموظفين المنتهية عقودهم أو المغادرين نهائيًا.تحديث بيانات الإقامة مثل المسمى الوظيفي أو بيانات الكفيل لضمان الامتثال الكامل.الربط مع الأنظمة الحكومية مثل مقيم، أبشر، ووزارة الموارد البشرية لتنفيذ الإجراءات بسلاسة.متابعة الامتثال القانوني لضمان توافق جميع العمليات مع قوانين وأنظمة العمل والإقامة في السعودية وتجنب الغرامات.&nbsp;الأسئلة الشائعةما هي خدمات الموارد البشرية التي تقدمها متعدد في السعودية؟تقدم متعدد خدمات شاملة تشمل: التوظيف، إدارة الرواتب، العلاقات الحكومية، والعمليات اليومية الخاصة بالتأشيرات والإقامة. وتشمل الخدمات استقطاب المواهب، تسجيل الموظفين، معالجة الوثائق، وضمان الامتثال القانوني عبر منصات حكومية مثل مقيم، قوى، والتأمينات الاجتماعية.كيف تدير متعدد العلاقات الحكومية والوثائق الرسمية في السعودية؟تقدم متعدد خدمات علاقات حكومية متكاملة، تشمل إدارة المنصات الحكومية، توثيق الوثائق، تجديد السجلات التجارية، وتحديث البيانات لضمان الامتثال الكامل والتواصل السلس مع الوزارات السعودية.هل تساعد متعدد في توظيف موظفين مهرة في السعودية؟نعم، تقدم متعدد حلول توظيف متكاملة تشمل استقطاب المواهب، الإعلان عن الوظائف، إدارة الطلبات، تقييم المرشحين، وإتمام العقود. كما توفر خدمات التوظيف المؤقت وتسجيل الموظفين غير السعوديين.هل تدير متعدد خدمات التأشيرات والإقامة للموظفين في السعودية؟بالتأكيد. تقدم متعدد خدمات إصدار التأشيرات، إصدار وتجديد الإقامات، إصدار تأشيرات الخروج والعودة، وإلغاء التأشيرات والإقامات، مع ضمان الامتثال الكامل عبر منصات مثل أبشر ومقيم.كيف تضمن متعدد الامتثال القانوني في عمليات الموارد البشرية؟تتابع متعدد التغييرات في أنظمة العمل والإقامة السعودية، وتنفذ الإجراءات بدقة عبر منصات وزارة الموارد البشرية، قوى، والتأمينات الاجتماعية، مما يساعد الشركات على تجنب الغرامات والعمل ضمن الأطر القانونية.&nbsp;","من خلال معرفتنا وخبرتنا الطويلة بالأنظمة المعمول بها في المملكة العربية السعودية وجميع الهيئات الحكومية عبر مختلف الوزارات، فإن ذلك يجعلنا خيارك الأفضل لخدمات GRO","الشركات والمنشآت التي تدير موظفين وتحتاج خدمات موارد بشرية وتشغيل.","تعتمد مدة الخدمة على استكمال المتطلبات وإجراءات الجهات المعنية.",العربية,"منصات حكومية مثل مقيم، قوى، والتأمينات الاجتماعية | منصات مثل أبشر ومقيم | منصات وزارة الموارد البشرية، قوى، والتأمينات الاجتماعية، مما ي","تحدد التكلفة وفق نطاق الخدمة والمتطلبات.","التحويل البنكي وفق بيانات حساب الشركة.","الموارد البشرية","الشركات والمنشآت التي تدير موظفين وتحتاج خدمات موارد بشرية وتشغيل.","الموارد البشرية",No,No,No,No,No,No,No,No,No,No,No,"خدمات الموارد البشرية | معتد","خدمات الموارد البشرية: نقدم دعمًا تشغيليًا وقانونيًا متكاملاً لمواءمة الخدمة مع أهداف منشأتك. نقدم خدمة متخصصة تضمن الامتثال الكامل للأنظمة وتسريع الإجراءات...","خدمات الموارد البشرية: نقدم دعمًا تشغيليًا وقانونيًا متكاملاً لمواءمة الخدمة مع أهداف منشأتك.","خدمات الموارد البشرية، تأسيس الأعمال في السعودية، خدمات الشركات، خدمات معتد، السوق السعودي",handcrafted
91,ar,"مساحات العمل المشترك","&nbsp;يحق للمستثمر الأجنبي الحصول على مكتب رسمي للشركة وفقًا لمتطلبات البلدية في المملكة العربية السعودية لمساحات الأنشطة التجارية، كما يمكن استخدام المكتب الافتراضي لتقديمه إلى الجهات الحكومية ذات الصلة أو التسجيل كمورد لدى الشركات، مما يمنح الحق أيضًا في استخدام المساحات المشتركة أو الخاصة في السعودية، وهي من بين الخدمات التي تقدمها شركة متعدد المحدودة للمستثمر الأجنبي الذي يرغب في تأسيس شركة ذات مسؤولية محدودة في المملكة.وبناءً على ذلك، توفر شركة متعدد المحدودة خدمات مساحات العمل في السعودية، العنوان الافتراضي في السعودية، والمكتب الافتراضي في السعودية. كما نقدم الدعم للمستثمر الذي يرغب في الحصول على فرع لشركته في المملكة، من خلال تقديم خدمات الاستقبال، الرد على المكالمات، واستلام وتسليم الوثائق عبر مركز خدمات المكتب في شركة متعدد المحدودة. ومن هنا يكون المستثمر قد استثمر وقته، وخفض التكاليف، وأعد بيئة عمل مناسبة لتحقيق أهدافه في السعودية بسهولة.&nbsp;الخدمات التي تقدمها شركة متعدد المحدودة:مساحات عمل مشتركةمساحات عمل خاصةغرف اجتماعاتقاعات مؤتمراتخدمات الاستقبالخدمات مركز الاتصالالعنوان الافتراضي&nbsp;هل يمكن للمستثمر الأجنبي استخدام مكتب افتراضي لتسجيل شركة في السعودية؟نعم، يمكن للمستثمر الأجنبي استخدام المكتب الافتراضي لتسجيل شركة في السعودية، بشرط أن يتوافق مع متطلبات البلدية لمساحات الأنشطة التجارية. تقدم شركة متعدد المحدودة خدمات المكتب الافتراضي في السعودية التي تشمل عنوانًا تجاريًا رسميًا يمكن استخدامه لتسجيل الشركة، التواصل مع الجهات الحكومية، والتسجيل كمورد لدى الشركات. هذا الحل اقتصادي ويساعد المستثمرين على الحفاظ على حضور مهني.&nbsp;ما هي فوائد استخدام المساحات المشتركة أو الخاصة في السعودية للمستثمرين الأجانب؟يوفر استخدام المساحات المشتركة أو الخاصة في السعودية مرونة، تقليل التكاليف التشغيلية، وبيئة عمل مجهزة بالكامل. يستفيد المستثمرون الأجانب من مرافق جاهزة للاستخدام، بما في ذلك غرف الاجتماعات، قاعات المؤتمرات، وخدمات الاستقبال، وكلها مقدمة من شركة متعدد المحدودة. هذه الحلول مثالية للشركات الناشئة أو الشركات التي تتوسع في السوق السعودي دون الحاجة إلى استثمارات كبيرة في مكاتب تقليدية.&nbsp;ما الذي يتضمنه باقة المكتب الافتراضي من شركة متعدد المحدودة في السعودية؟تشمل باقة المكتب الافتراضي من شركة متعدد المحدودة في السعودية:عنوان تجاري افتراضيخدمات الرد على المكالماتالتعامل مع البريد والوثائقدعم الاستقبالتتيح هذه الخدمات للمستثمرين تأسيس حضور قانوني ومهني مع توفير التكاليف والوقت. كما يدعم المكتب الافتراضي تسجيل الشركات ويمكن استخدامه للتسجيل كمورد لدى شركات أخرى.&nbsp;كيف يمكنني الحصول على عنوان تجاري افتراضي في السعودية لتسجيل شركة؟يمكنك الحصول على عنوان تجاري افتراضي في السعودية من خلال شركة متعدد المحدودة، التي تقدم عنوانًا معترفًا به قانونيًا يلبي متطلبات التسجيل التجاري. يمكن استخدام هذا العنوان في الوثائق الرسمية، الأغراض الضريبية، والمراسلات مع الجهات السعودية، مما يجعله خيارًا موثوقًا للمستثمرين الأجانب الراغبين في تأسيس شركة أو فرع في المملكة.&nbsp;هل تتوفر خدمات الاستقبال ومركز الاتصال مع المكاتب المشتركة في السعودية؟نعم، تقدم شركة متعدد المحدودة خدمات الاستقبال ومركز الاتصال مع كل من المساحات المشتركة والخاصة في السعودية. وتشمل هذه الخدمات الرد على المكالمات، استقبال الزوار، والتعامل مع الوثائق، مما يضمن تواصلًا مهنيًا ودعمًا للشركات الأجنبية. هذه الخدمات تعزز مصداقية وكفاءة الأعمال، خاصة للعمليات البعيدة أو الافتراضية.","توفر خدمات العمل المشترك لدينا مساحات مكتبية مرنة ومجهزة بالكامل للشركات من جميع الأحجام. سواء كنت تعمل لحسابك الخاص، أو شركة ناشئة، أو شركة قائمة، فإن مساحات العمل المشتركة لدينا في المملكة العربية السعودية توفر بيئات عمل ديناميكية مع إمكانية الوصول إلى المرافق المشتركة، وغرف الاجتماعات، وفرص التواصل. تعتبر مساحات العمل المشتركة هذه مثالية للشركات التي تبحث عن استئجار مكاتب قصيرة الأجل في المملكة العربية السعودية أو حلول مكتبية طويلة الأجل.","الشركات والجهات المستفيدة من خدمة خدمات مساحات المكاتب في المملكة العربية السعودية.","تعتمد مدة الخدمة على استكمال المتطلبات وإجراءات الجهات المعنية.",العربية,"عبر القنوات الرقمية والتواصل المباشر مع فريق متعدد.","٢٠٠٠ ريال سعودي","التحويل البنكي وفق بيانات حساب الشركة.","خدمات مساحات المكاتب","الشركات والجهات المستفيدة من خدمة خدمات مساحات المكاتب في المملكة العربية السعودية.","مساحات العمل",No,No,No,No,No,No,No,No,No,No,No,"مساحات العمل المشترك | معتد","مساحات العمل المشترك: نقدم دعمًا تشغيليًا وقانونيًا متكاملاً لمواءمة الخدمة مع أهداف منشأتك. نوفّر تنفيذًا دقيقًا بخطوات واضحة لتقليل الوقت التشغيلي وتجنب...","مساحات العمل المشترك: نقدم دعمًا تشغيليًا وقانونيًا متكاملاً لمواءمة الخدمة مع أهداف منشأتك.","مساحات العمل المشترك، تأسيس الأعمال في السعودية، خدمات الشركات، خدمات معتد، السوق السعودي",handcrafted
92,ar,"حاضنات الأعمال","خدمات حاضنات الأعمالتم تصميم خدمة حاضنة الأعمال لرواد الأعمال الذين يرغبون في تأسيس شركات مبتكرة، متميزة، أو قابلة للتوسع قائمة على التكنولوجيا، تقدم منتجات أو خدمات بطريقة أفضل ومختلفة في السوق السعودي. يتم دعم هذه الشركات من خلال جهات معتمدة، عادةً ما تكون إحدى الجهات التالية:الوزارات الحكوميةالجامعات الحكوميةحاضنات الأعمال المعتمدة من منشآت (الهيئة العامة للمنشآت الصغيرة والمتوسطة)ولأي شركة ترغب في تأسيس عمل في المملكة العربية السعودية، من الضروري الحصول على خطاب دعم أو إثبات من جهة معتمدة مثل وزارة حكومية، جامعة سعودية، أو حاضنة أعمال داخل المملكة. بالإضافة إلى ذلك، يجب على الشركة تقديم قرار من مجلس الإدارة يوضح نيتها في التقدم للحصول على ترخيص، مع تحديد نوع الابتكار والجهة الراعية وصلاحياتها. كما يُطلب نسخة من الهوية الوطنية إذا كان أحد الشركاء شخصًا طبيعيًا يحمل جنسية إحدى دول مجلس التعاون (في حال لم تكن بياناته مسجلة في نظام أبشر)، أو جواز سفر لمقدم طلب الترخيص.تُدعم خدمة حاضنة الأعمال في السعودية من قبل هيئة منشآت وتهدف إلى تعزيز ريادة الأعمال في المملكة. فهي تدعم الشركات الناشئة، وتحفّز الابتكار، وتطوّر قدرات أصحاب الأفكار الريادية من خلال إصدار تراخيص لرواد الأعمال مدعومة من حاضنة أعمال معتمدة. كما توفر هذه الخدمة مساحات عمل مشتركة وتخلق بيئة جاذبة للشركات الناشئة بعد استيفاء الشروط المطلوبة. ويساعد هذا الدعم الشركات على الحصول على التسهيلات اللازمة ويحدد متطلبات دعم وتنمية قطاع ريادة الأعمال في السعودية.&nbsp;ما هي خدمة حاضنة الأعمال في السعودية؟خدمة حاضنة الأعمال في السعودية هي مبادرة مدعومة من الحكومة تهدف إلى مساعدة رواد الأعمال على إطلاق شركات ناشئة مبتكرة أو قائمة على التكنولوجيا. وتوفر موارد مثل:مساحات عمل مشتركةالإرشاد والتوجيهالوصول إلى شبكات التمويلوتُعتمد هذه الحاضنات من قبل منشآت، الوزارات الحكومية، أو الجامعات، بهدف تعزيز ريادة الأعمال ودعم نماذج الأعمال القابلة للتوسع وتحفيز الابتكار في السوق السعودي.&nbsp;من يمكنه التقديم للحصول على دعم حاضنة الأعمال في السعودية؟يمكن لرواد الأعمال الذين يرغبون في تأسيس شركة فريدة، مبتكرة، أو قائمة على التكنولوجيا في السعودية التقديم للحصول على دعم حاضنة الأعمال. يجب أن تقدم الشركة الناشئة منتجًا أو خدمة جديدة أو محسّنة موجهة للسوق المحلي. بالإضافة إلى ذلك، يجب على الشركات الأجنبية الراغبة في دخول السوق السعودي الحصول على خطاب دعم من حاضنة أعمال معتمدة، جامعة سعودية، أو وزارة حكومية.&nbsp;ما هي متطلبات الحصول على ترخيص حاضنة أعمال في السعودية؟للحصول على ترخيص حاضنة أعمال في السعودية، يجب على المتقدم:تقديم خطاب دعم من حاضنة أعمال معتمدة أو وزارة أو جامعة.تقديم قرار من مجلس الإدارة يوضح نوع الابتكار ويحدد الجهة الراعية.تقديم هوية وطنية أو جواز سفر (لرعايا دول مجلس التعاون غير المسجلين في نظام أبشر).إثبات أن الشركة الناشئة مبتكرة وقابلة للتوسع، وفقًا لمعايير منشآت أو الجهات المعتمدة الأخرى.&nbsp;كيف تدعم منشآت الشركات الناشئة من خلال حاضنات الأعمال؟تقوم منشآت (الهيئة العامة للمنشآت الصغيرة والمتوسطة في السعودية) باعتماد حاضنات الأعمال وتقديم الدعم من خلال:تسهيل إصدار تراخيص رواد الأعمال.توفير مساحات عمل مشتركة.تعزيز تطوير الشركات الناشئة.ربط الشركات بمصادر التمويل، الإرشاد، والتوجيه التنظيمي.تحفيز منظومة ريادة الأعمال في السعودية.&nbsp;لماذا يُطلب خطاب دعم من حاضنة أعمال أو وزارة للشركات الأجنبية في السعودية؟يُعد خطاب الدعم من حاضنة أعمال معتمدة، جامعة سعودية، أو وزارة حكومية شرطًا أساسيًا للشركات الأجنبية لضمان أن المشروع المقترح يتماشى مع أهداف الابتكار الوطنية. كما أنه يثبت نية الشركة في المساهمة بالاقتصاد السعودي من خلال الابتكار أو التكنولوجيا، ويُعتبر متطلبًا رئيسيًا عند التقديم للحصول على ترخيص عمل أو تأشيرة مستثمر في السعودية.","تقدم الخدمة لرواد الأعمال الذين يرغبون في تأسيس شركات تقنية أو ابتكارية أو متميزة ناشئة قابلة للتوسع والنمو لتقديم منتج أو خدمة بشكل أفضل ومختلف في السوق السعودي، ولديها جهات داعمه معتمدة من الوزارة وهذه الجهات عادة تشمل:","الشركات والجهات المستفيدة من خدمة الإقامة والتأشيرات في المملكة العربية السعودية.","تعتمد مدة الخدمة على استكمال المتطلبات وإجراءات الجهات المعنية.",العربية,"عبر القنوات الرقمية والتواصل المباشر مع فريق متعدد.","تحدد التكلفة وفق نطاق الخدمة والمتطلبات.","التحويل البنكي وفق بيانات حساب الشركة.","الإقامة والتأشيرات","الشركات والجهات المستفيدة من خدمة الإقامة والتأشيرات في المملكة العربية السعودية.","الإقامة | التأشيرات",No,No,No,No,No,No,No,No,No,No,No,"حاضنات الأعمال | معتد","حاضنات الأعمال: نقدم دعمًا تشغيليًا وقانونيًا متكاملاً لمواءمة الخدمة مع أهداف منشأتك. حل عملي للشركات التي تبحث عن إنجاز سريع مع متابعة تنظيمية متكاملة. وفق...","حاضنات الأعمال: نقدم دعمًا تشغيليًا وقانونيًا متكاملاً لمواءمة الخدمة مع أهداف منشأتك.","حاضنات الأعمال، تأسيس الأعمال في السعودية، خدمات الشركات، خدمات معتد، السوق السعودي",handcrafted
96,ar,"الإقامة المميزة في المملكة العربية السعودية","تأسّس مركز الإقامة المميَّزة في يناير 2019 بموجب قرار من مجلس الوزراء رقم (247)، وتاريخ 09/05/1440هـ، بهدف جذب الفئات المميَّزة من الكفاءات والمستثمرين، ودعمها للمشاركة في مسيرة التنمية التي تعمل عليها السعودية لإصلاح وخلق بيئة عمل جذابة ومنافسة للمستثمر الراغب في توسيع أعماله في السعودية. يتّم من خلال تسهيل إقامتهم، وتوفير أنماط مرنة للمعيشة والعمل على أرضها. وقد عملت السعودية منذ إصدار قانون الإقامة المميزة على تطوير أنظمتها وتقديم مختلف التسهيلات للفئات المستهدفة، عن طريق منظومة من المزايا والخدمات الإلكترونية.كما تشمل الإقامة المميزة في السعودية مزايا تمنح حاملها الوصول إلى تسهيلات مميزة مختلفة عن الإقامة العادية، لترقية الفكر التجاري وإعطاء الأولوية لأصحاب الابتكارات، والأعمال، والتجارة من حقوق تستحق إبداعهم وعملهم. وهنا نتعرف على مزايا الإقامة المميزة ومميّزاتها:1.الإقامة في السعودية مع الأسرة، والتي تشمل الوالدين، والأزواج، والأبناء الذين تقلّ أعمارهم عن 25 عامًا.2.الانتقال من منشأة إلى أخرى بأريحية.3.الإعفاء من المقابل المالي المقرر على الوافدين والمرافقين.4.خروج حامل الإقامة المميزة وأفراد أسرته من السعودية والعودة إليها دون اشتراط تأشيرة.5.إصدار تأشيرات زيارة للأقارب.6.استخدام المسارات المُخصّصة للمواطنين ومواطني دول مجلس التعاون في المنافذ.7.العمل في منشآت القطاع الخاص والانتقال بينها للزوج، والزوجة، والأبناء.8.مزاولة الأعمال التجارية وفقًا لنظام الاستثمار.تملُّك العقارات والانتفاع بها.كما يمكن اختيار منتج الإقامة المميزة الأنسب لك، والتعرف على الخيارات المناسبة لك، عن طريق رابط المنتجات أدناه.أولا: إقامة الكفاءة الاستثنائية:يرجى الرجوع لموقع الإقامة المميزة وإدراج الأنواع حسب المعروض هنا عبر الرابط التالي :كما يمكن اختيار منتج الإقامة المميزة الأنسب لك، والتعرف على الخيارات المناسبة لك، عن طريق رابط المنتجات أدناه.","تأسّس مركز الإقامة المميَّزة في يناير 2019 بموجب قرار من مجلس الوزراء رقم (247)، وتاريخ 09/05/1440هـ، بهدف جذب الفئات المميَّزة من الكفاءات والمستثمرين، ودعمها للمشاركة في مسيرة التنمية التي تعمل عليها السعودية لإصلاح وخلق بيئة عمل جذابة ومنافسة للمستثمر الراغب في توسيع أعماله في السعودية. يتّم من خلال تسهيل إقامتهم، وتوفير أنماط مرنة للمعيشة والعمل على أرضها. وقد عملت السعودية منذ إصدار قانون الإقامة المميزة على تطوير أنظمتها وتقديم مختلف التسهيلات للفئات المستهدفة، عن طريق منظومة من المزايا والخدمات الإلكترونية.","الشركات والمستثمرون والأفراد الذين يحتاجون خدمات التأشيرات والإقامة والامتثال.","تعتمد مدة الخدمة على استكمال المتطلبات وإجراءات الجهات المعنية.",العربية,"عبر القنوات الرقمية والتواصل المباشر مع فريق متعدد.","تحدد التكلفة وفق نطاق الخدمة والمتطلبات.","التحويل البنكي وفق بيانات حساب الشركة.","الإقامة والتأشيرات","الشركات والمستثمرون والأفراد الذين يحتاجون خدمات التأشيرات والإقامة والامتثال.",التأشيرات,No,No,No,No,No,No,No,No,No,No,No,"الإقامة المميزة في المملكة العربية السعودية | معتد","الإقامة المميزة في المملكة العربية السعودية: ندير إجراءات العمالة والإقامات باحتراف لتسريع دورة التوظيف واستقرار الكوادر. نوفّر تنفيذًا دقيقًا بخطوات واضحة...","الإقامة المميزة في المملكة العربية السعودية: ندير إجراءات العمالة والإقامات باحتراف لتسريع دورة التوظيف...","الإقامة المميزة في المملكة العربية السعودية، خدمات الإقامات والتأشيرات، إدارة شؤون الموظفين، خدمات معتد، السوق السعودي",handcrafted
97,ar,"إصدار التأشيرة","أنواع التأشيرات في السعوديةتسعى المملكة العربية السعودية من خلال نظام التأشيرات المتنوع إلى جذب المستثمرين والعمال المؤهلين من جميع أنحاء العالم. يوفر هذا النظام مجموعة من التأشيرات التي تناسب احتياجات مختلفة وتساعد في تعزيز الاقتصاد الوطني من خلال استقطاب المواهب والاستثمارات.تأشيرة المستثمر في السعودية (الإقامة)تمثل تأشيرة المستثمر فرصة ذهبية للمستثمرين الأجانب الراغبين في العيش والعمل في المملكة العربية السعودية. هذه التأشيرة طويلة الأجل تسمح للمستثمرين بامتلاك وإدارة أعمالهم الخاصة داخل المملكة، مما يساهم في خلق بيئة استثمارية مشجعة وداعمة.تأشيرة العمل المؤقتةتُصدر تأشيرة العمل المؤقتة للموظفين الذين يعملون لفترة قصيرة في المملكة العربية السعودية. عادةً ما تكون هذه التأشيرة صالحة لمدة تصل إلى ستة أشهر، وتُعتبر مثالية للشركات التي تحتاج إلى توظيف عمالة مؤقتة لإنجاز مشاريع محددة أو خلال فترات ذروة العمل.الإقامة للموظفين في السعوديةتُخصص تأشيرة الإقامة الطويلة الأمد للوافدين الذين يعملون بموجب عقود عمل في المملكة. تتيح هذه التأشيرة للموظفين العيش في السعودية لفترات طويلة، مما يسمح لهم ببناء حياة مهنية وشخصية مستقرة في بيئة عمل مليئة بالفرص.من خلال هذه الأنواع المختلفة من التأشيرات، تسعى المملكة العربية السعودية إلى تلبية احتياجات كل من المستثمرين والعمال الأجانب، مما يعزز من مكانتها كوجهة جاذبة للتطور والنمو العالمي.","يقدم إصدار التأشيرات في المملكة العربية السعودية مجموعة من أنواع التأشيرات المصممة خصيصًا للمستثمرين والعمال المؤقتين والموظفين لفترات طويلة. تمكن هذه التأشيرات المغتربين من العيش والعمل والاستثمار في المملكة العربية السعودية مع الالتزام بقوانين وأنظمة الهجرة في البلاد. وقد تم تصميم هذا النظام لدعم كل من المستثمرين الأجانب والعمالة الماهرة، مما يجعل المملكة العربية السعودية وجهة جذابة للمواهب والاستثمارات العالمية.","الشركات والمستثمرون والأفراد الذين يحتاجون خدمات التأشيرات والإقامة والامتثال.","تعتمد مدة الخدمة على استكمال المتطلبات وإجراءات الجهات المعنية.",العربية,"عبر القنوات الرقمية والتواصل المباشر مع فريق متعدد.","تحدد التكلفة وفق نطاق الخدمة والمتطلبات.","التحويل البنكي وفق بيانات حساب الشركة.","الإقامة والتأشيرات","الشركات والمستثمرون والأفراد الذين يحتاجون خدمات التأشيرات والإقامة والامتثال.",التأشيرات,No,No,No,No,No,No,No,No,No,No,No,"إصدار التأشيرة | معتد","إصدار التأشيرة: ندير إجراءات العمالة والإقامات باحتراف لتسريع دورة التوظيف واستقرار الكوادر. حل عملي للشركات التي تبحث عن إنجاز سريع مع متابعة تنظيمية...","إصدار التأشيرة: ندير إجراءات العمالة والإقامات باحتراف لتسريع دورة التوظيف واستقرار الكوادر.","إصدار التأشيرة، خدمات الإقامات والتأشيرات، إدارة شؤون الموظفين، خدمات معتد، السوق السعودي",handcrafted
98,ar,"خدمات الترجمة","تقدم خدمات الترجمة المعتمدة في متعدد ترجمات دقيقة وحساسة ثقافيًا لمجموعة واسعة من الوثائق، من النصوص القانونية والطبية إلى الوثائق التجارية، والتعليمية، والفنية، نضمن ترجمات عالية الجودة واحترافية مصممة لتلبية احتياجاتك الخاصة.سواء كنت شركة في السعودية أو مستثمر في السعودية أو مقدم خدمات صحية أو طالبًا أو فردًا يحتاج إلى ترجمة معتمدة للوثائق، نحن مجهّزون لدعم احتياجاتك في التواصل العالمي. نحرص على أن يتم فهم استفساراتك بوضوح بأي لغة، مما يسهّل التواصل السلس مع الجهات الحكومية والخاصة.&nbsp;الخدمات الرئيسية:الترجمة القانونية:&nbsp;ترجمات معتمدة للعقود، والاتفاقيات، وكل أنواع الوثائق القانونية.الترجمة الطبية:&nbsp;ترجمة السجلات الطبية، والوصفات الطبية، والمواد المتعلقة بالرعاية الصحية.الترجمة التجارية والفنية:&nbsp;ترجمة دقيقة للتقارير التجارية، الكتيبات، والوثائق الفنية.تحويل المواقع الإلكترونية:&nbsp;ترجمة موقع منشأتك الإلكتروني ليكون متاحًا وملائمًا بعدة لغات.الترجمة الفورية للاجتماعات/المؤتمرات:&nbsp;نقدم ترجمة فورية احترافية لنجعل محادثات اجتماعاتك سلسة ومفهومة، مما يزيل الحواجز اللغوية في الوقت الفعلي ويضمن تلبية احتياجاتك وفهمها بدقة كاملة.&nbsp;لماذا تختارنا؟&nbsp;-&nbsp;مترجمون محترفون:&nbsp;فريقنا يتقن العديد من اللغات ولديه خبرة متخصّصة في مجالات محددة.&nbsp;-&nbsp;حساسية ثقافية:&nbsp;نضمن أن تحافظ الترجمات على المعنى الأصلي مع التكيف مع الفروق الثقافية في المملكة العربية السعودية.&nbsp;-&nbsp;السرية والدقة:&nbsp;يتم التعامل مع كل مشروع بأعلى مستوى من الاهتمام بالتفاصيل، والسرية، والدقة.&nbsp;خطوات الخدمة:إرسال الوثيقة:&nbsp;قدم الوثيقة الأصلية مع التفاصيل (اللغات، نوع الوثيقة، المتطلبات الخاصة).عملية الترجمة:&nbsp;عمل المترجمين المحترفين بعناية لضمان ترجمات دقيقة.المراجعة والتوثيق:&nbsp;تقديم خدمات التصديق والتوثيق للاستخدام الرسمي إذا لزم الأمر.اللغات المدعومة:تغطي خدماتنا في متعدد مجموعة متنوعة من الأزواج اللغوية، بما في ذلك العربية إلى الإنجليزية، والفرنسية، والعديد من اللغات الأخرى، مما يضمن تواصلاً سلسًا عبر الحدود.&nbsp;مدة الخدمة:تعتمد المدة على طول وتعقيد الوثيقة. نولي الأولوية للدقة ونلتزم بالمواعيد النهائية دون أي تنازل.ثق بنا في ترجمة مستنداتك وضمان أن رسالتك ستصل، وتفهم، وتؤثر في المملكة العربية السعودية وما بعدها.","تقدم خدمات الترجمة المعتمدة في متعدد ترجمات دقيقة وحساسة ثقافيًا لمجموعة واسعة من الوثائق، من النصوص القانونية والطبية إلى الوثائق التجارية، والتعليمية، والفنية، نضمن ترجمات عالية الجودة واحترافية مصممة لتلبية احتياجاتك الخاصة.","الشركات والمستثمرون ورواد الأعمال الراغبون في تأسيس الأعمال أو تشغيلها في السعودية.","تعتمد المدة على طول وتعقيد الوثيقة. نولي الأولوية للدقة ونلتزم بالمواعيد النهائي",العربية,"عبر القنوات الرقمية والتواصل المباشر مع فريق متعدد.","تحدد التكلفة وفق نطاق الخدمة والمتطلبات.","التحويل البنكي وفق بيانات حساب الشركة.","خدمات مساحات المكاتب","الشركات والمستثمرون ورواد الأعمال الراغبون في تأسيس الأعمال أو تشغيلها في السعودية.",البضائع,No,No,No,No,No,No,No,No,No,No,No,"خدمات الترجمة | معتد","خدمات الترجمة: نقدم دعمًا تشغيليًا وقانونيًا متكاملاً لمواءمة الخدمة مع أهداف منشأتك. خدمة احترافية تركّز على تقليل المخاطر الإجرائية ورفع جاهزية المنشأة. مع...","خدمات الترجمة: نقدم دعمًا تشغيليًا وقانونيًا متكاملاً لمواءمة الخدمة مع أهداف منشأتك.","خدمات الترجمة، تأسيس الأعمال في السعودية، خدمات الشركات، خدمات معتد، السوق السعودي",handcrafted
99,ar,"الخدمات الاستشارية","توفر خدمات شركة متعدد الاستشارية إرشادات الخبراء في المسائل القانونية في السعودية والإدارية والخدمات المالية في السعودية، بما في ذلك المحاسبة في السعودية ومسك الدفاتر. نحن نساعد الشركات في التنقل في اللوائح المحلية، وتحسين عملياتها، وضمان الامتثال للمتطلبات المالية والقانونية. تم تصميم مشاوراتنا المخصصة لمساعدة الشركات على النجاح في السوق التنافسية في المملكة العربية السعودية.خدمات شركة متعدد الاستشاريةتسعى شركة متعدد الاستشارية إلى تقديم إرشادات الخبراء في مجموعة متنوعة من المجالات التي تشمل المسائل القانونية والإدارية والخدمات المالية في المملكة العربية السعودية. تهدف الشركة إلى دعم الشركات في تحقيق النجاح والامتثال الكامل للمتطلبات المحلية والدولية.المسائل القانونية في السعوديةتقدم الشركة استشارات قانونية متخصصة تساعد الشركات على فهم والامتثال للقوانين واللوائح المحلية. يساعد هذا في تقليل المخاطر القانونية وتعزيز الحوكمة الرشيدة داخل المؤسسات.الخدمات الإداريةتشمل الخدمات الإدارية التي تقدمها شركة متعدد الاستشارية تحسين العمليات الإدارية وتحسين أنظمة الإدارة. يساعد ذلك الشركات على زيادة كفاءتها وفعالية عملياتها اليومية.الخدمات المالية في السعوديةالمحاسبةتوفر الشركة خدمات محاسبة شاملة لضمان دقة البيانات المالية وشفافيتها، مما يمكن الشركات من اتخاذ قرارات مستنيرة بناءً على معلومات مالية موثوقة.مسك الدفاترمن خلال خدمات مسك الدفاتر، تضمن الشركة تسجيل جميع المعاملات المالية بدقة وكفاءة، مما يسهم في تحسين إدارة الموارد المالية للشركات.الامتثال والتنقل في اللوائح المحليةتساعد شركة متعدد الاستشارية الشركات في التنقل بين اللوائح المحلية المعقدة وضمان الامتثال الكامل لها. يشمل ذلك تحليل اللوائح وتقديم المشورة حول كيفية الالتزام بها لتجنب أي مخالفات قانونية.مشاورات مخصصة لنجاح الشركاتتقدم الشركة مشاورات مخصصة تهدف إلى دعم الشركات في السوق التنافسية في المملكة العربية السعودية. يتم تصميم هذه المشاورات لتلبية احتياجات كل شركة على حدة، مما يساعدها على تحقيق أهدافها الاستراتيجية والنمو المستدام.تعتبر شركة متعدد الاستشارية شريكًا موثوقًا للشركات التي تسعى لتحقيق النجاح في بيئة الأعمال المتغيرة في المملكة، وذلك من خلال تقديم حلول مبتكرة واستشارات متخصصة تلبي احتياجات العملاء.","توفر خدماتنا الاستشارية إرشادات الخبراء في المسائل القانونية والإدارية والمالية، بما في ذلك المحاسبة ومسك الدفاتر. نحن نساعد الشركات في التعامل مع اللوائح المحلية وتحسين عملياتها وضمان الامتثال للمتطلبات المالية والقانونية. تم تصميم استشاراتنا المخصصة لمساعدة الشركات على النجاح في السوق التنافسية في المملكة العربية السعودية.","الشركات والجهات المستفيدة من خدمة دعم الأعمال في المملكة العربية السعودية.","تعتمد مدة الخدمة على استكمال المتطلبات وإجراءات الجهات المعنية.",العربية,"عبر القنوات الرقمية والتواصل المباشر مع فريق متعدد.","تحدد التكلفة وفق نطاق الخدمة والمتطلبات.","التحويل البنكي وفق بيانات حساب الشركة.","دعم الأعمال","المستوردون والمصدرون | الشركات المحلية والدولية","الأعمال | البضائع",No,No,No,No,No,No,No,No,No,No,No,"الخدمات الاستشارية | معتد","الخدمات الاستشارية: نقدم دعمًا تشغيليًا وقانونيًا متكاملاً لمواءمة الخدمة مع أهداف منشأتك. تنفيذ منظم من فريق متخصص لضمان دقة البيانات وسلاسة اعتماد الطلبات...","الخدمات الاستشارية: نقدم دعمًا تشغيليًا وقانونيًا متكاملاً لمواءمة الخدمة مع أهداف منشأتك.","الخدمات الاستشارية، تأسيس الأعمال في السعودية، خدمات الشركات، خدمات معتد، السوق السعودي",handcrafted
100,ar,"الشركاء السعوديون","تم تصميم خدمات الشركاء السعوديين التي تقدمها شركة استشارات متعدد لمساعدة المستثمرين الأجانب والشركات الدولية في العثور على شركات محلية موثوقة. شركاء في المملكة العربية السعودية. تساعد هذه الشراكات الشركات الأجنبية على دخول السوق السعودية، مما يضمن الامتثال للوائح المحلية وتسهيل العمليات التجارية بسلاسة. توفر خدماتنا الدعم اللازم للتنقل بنجاح في بيئة الأعمال في المملكة العربية السعودية.","تم تصميم خدمات الشركاء السعوديين التي تقدمها شركة متعدد للاستشارات لمساعدة المستثمرين الأجانب والشركات العالمية في العثور على شركاء محليين موثوقين في المملكة العربية السعودية. وتساعد هذه الشراكات الشركات الأجنبية على دخول السوق السعودية، مما يضمن الامتثال للوائح المحلية وتسهيل العمليات التجارية بسلاسة. توفر خدماتنا الدعم اللازم للتنقل بنجاح في بيئة الأعمال في المملكة العربية السعودية.","الشركات والجهات المستفيدة من خدمة الإقامة والتأشيرات في المملكة العربية السعودية.","تعتمد مدة الخدمة على استكمال المتطلبات وإجراءات الجهات المعنية.",العربية,"عبر القنوات الرقمية والتواصل المباشر مع فريق متعدد.","تحدد التكلفة وفق نطاق الخدمة والمتطلبات.","التحويل البنكي وفق بيانات حساب الشركة.","الإقامة والتأشيرات","الشركات والجهات المستفيدة من خدمة الإقامة والتأشيرات في المملكة العربية السعودية.",التأشيرات,No,No,No,No,No,No,No,No,No,No,No,"الشركاء السعوديون | معتد","الشركاء السعوديون: نقدم دعمًا تشغيليًا وقانونيًا متكاملاً لمواءمة الخدمة مع أهداف منشأتك. نقدم خدمة متخصصة تضمن الامتثال الكامل للأنظمة وتسريع الإجراءات. مع...","الشركاء السعوديون: نقدم دعمًا تشغيليًا وقانونيًا متكاملاً لمواءمة الخدمة مع أهداف منشأتك.","الشركاء السعوديون، تأسيس الأعمال في السعودية، خدمات الشركات، خدمات معتد، السوق السعودي",handcrafted
408,ar,"اصدار ترخيص الاستثمار الأجنبي","تعد خدمة الحصول على ترخيص الاستثمار الأجنبي (MISA License) الخطوة الأساسية واللازمة لتمكين الشركات الأجنبية من الاستثمار المباشر وتأسيس كياناتها في المملكة العربية السعودية. يُصدر هذا الترخيص من وزارة الاستثمار السعودية (MISA)، ويحدد الأنشطة الاقتصادية المسموح للشركة بممارستها، والحد الأدنى لرأس المال المطلوب، والالتزامات التشغيلية المتعلقة بـ التوطين (نطاقات) وخطة العمل الاستثمارية. يهدف الترخيص إلى ضمان التوافق بين خطة المستثمر الأجنبي وأهداف التنمية الاقتصادية في رؤية السعودية 2030، وهو شرط إلزامي&nbsp; للحصول على السجل التجاري وبدء العمليات التشغيلية في السوق السعودي.","تُعد رخصة MISA شرطاً أساسياً لـ تأسيس شركة أجنبية في السعودية، حيث تسمح للمستثمر الدولي بالاستثمار في السعودية. يمكن إصدار ترخيص الاستثمار الأجنبي بشراكة مع الشريك السعودي أو شريك خليجي.","الشركات والجهات المستفيدة من خدمة دعم الأعمال في المملكة العربية السعودية.","تعتمد مدة الخدمة على استكمال المتطلبات وإجراءات الجهات المعنية.",العربية,"عبر القنوات الرقمية والتواصل المباشر مع فريق متعدد.","تحدد التكلفة وفق نطاق الخدمة والمتطلبات.","التحويل البنكي وفق بيانات حساب الشركة.","دعم الأعمال","الشركات والجهات المستفيدة من خدمة دعم الأعمال في المملكة العربية السعودية.","تأسيس الشركات",No,No,No,No,No,No,No,No,No,No,No,"اصدار ترخيص الاستثمار الأجنبي | معتد","اصدار ترخيص الاستثمار الأجنبي: نقودك خلال خطوات التأسيس الرسمية من التسجيل إلى الجاهزية القانونية للتشغيل. خدمة احترافية تركّز على تقليل المخاطر الإجرائية...","اصدار ترخيص الاستثمار الأجنبي: نقودك خلال خطوات التأسيس الرسمية من التسجيل إلى الجاهزية القانونية للتشغيل.","اصدار ترخيص الاستثمار الأجنبي، تأسيس الأعمال في السعودية، خدمات الشركات، خدمات معتد، السوق السعودي",handcrafted
409,ar,"حجز الاسم التجاري","نقدم خدمة احترافية لـ حجز الاسم التجاري، تشمل التحقق من ملاءمة اسم تجاري عربي واسم تجاري إنجليزي معاً، وضمان التوافق التام مع لوائح وزارة التجارة في المملكة. نساعدك في تسجيل اسم تجاري راقٍ وغير مضلل، وفقاً لـ نظام الشركات السعودي الجديد، مما يجنبك الرفض ويسرع عملية إصدار السجل التجاري وبدء أعمالك بشكل قانوني ومنظم وفعال.","خدمة حجز الاسم التجاري المتكاملة تضمن لك تسجيل اسم تجاري فريد باللغتين (اسم تجاري عربي واسم تجاري إنجليزي)، وذلك بالتنسيق المباشر مع وزارة التجارة. نتحقق من أن الاسم لائق ومناسب ويمتثل لجميع شروط نظام الشركات قبل إدراجه في السجل التجاري الخاص بمنشأتك.","الشركات والجهات المستفيدة من خدمة دعم الأعمال في المملكة العربية السعودية.","تعتمد مدة الخدمة على استكمال المتطلبات وإجراءات الجهات المعنية.",العربية,"عبر القنوات الرقمية والتواصل المباشر مع فريق متعدد.",١٥٠٠,"التحويل على بيانات حساب الشركة:
التكلفة تشمل الرسوم الحكومية:
رسوم تكلفة الاسم العربي ٣٠٠ ريال 
رسوم تكلفة الاسم الانجليزي ٥٠٠ ريال","دعم الأعمال","الشركات والجهات المستفيدة من خدمة دعم الأعمال في المملكة العربية السعودية.","تأسيس الشركات",No,No,No,No,No,No,No,No,No,No,No,"حجز الاسم التجاري | معتد","حجز الاسم التجاري: نقودك خلال خطوات التأسيس الرسمية من التسجيل إلى الجاهزية القانونية للتشغيل. تنفيذ منظم من فريق متخصص لضمان دقة البيانات وسلاسة اعتماد...","حجز الاسم التجاري: نقودك خلال خطوات التأسيس الرسمية من التسجيل إلى الجاهزية القانونية للتشغيل.","حجز الاسم التجاري، تأسيس الأعمال في السعودية، خدمات الشركات، خدمات معتد، السوق السعودي",handcrafted
411,ar,"صياغة وتوثيق عقد التأسيس للشركات","خدمة متخصصة في صياغة عقد التأسيس الاحترافي والمُطابق لـ نظام الشركات السعودي الجديد. نضمن دقة البنود القانونية لـ تأسيس شركة ذات مسؤلية محدودة&nbsp;أو أي كيان آخر، مع إتمام عملية التوثيق الإلكتروني السريع لعقد المسؤولية المحدودة عبر المنصات الرسمية.نقدم خدمة شاملة لـ صياغة عقد التأسيس للشركات، مع التركيز على حماية حقوق الشركاء وتحديد صلاحيات الإدارة بدقة. تتم الصياغة وفق أحدث متطلبات نظام الشركات السعودي لضمان تأسيس شركة ذات مسؤلية محدودة&nbsp;سليم قانونياً. تشمل الخدمة الدعم في التوثيق الإلكتروني للعقد لشركة المسؤولية المحدودة، مما يسرع الحصول على السجل التجاري ويجنب رفض الطلب بسبب البنود غير المكتملة أو المخالفة.","خدمة متخصصة في صياغة عقد التأسيس الاحترافي والمُطابق لـ نظام الشركات السعودي الجديد.","الشركات والجهات المستفيدة من خدمة دعم الأعمال في المملكة العربية السعودية.","تنفيذ سريع (عادة خلال يوم عمل إلى عدة أيام حسب المتطلبات).",العربية,"عبر القنوات الرقمية والتواصل المباشر مع فريق متعدد.","٣٥٠٠ ريال سعودي","التحويل على بيانات حساب الشركة:
التكلفة تشمل الرسوم الحكومية:
رسوم تكلفة وزارة التجارة 1800 ريال","دعم الأعمال","الشركات والجهات المستفيدة من خدمة دعم الأعمال في المملكة العربية السعودية.","تأسيس الشركات",No,No,No,No,No,No,No,No,No,No,No,"صياغة وتوثيق عقد التأسيس للشركات | معتد","صياغة وتوثيق عقد التأسيس للشركات: نقودك خلال خطوات التأسيس الرسمية من التسجيل إلى الجاهزية القانونية للتشغيل. نوفّر تنفيذًا دقيقًا بخطوات واضحة لتقليل الوقت...","صياغة وتوثيق عقد التأسيس للشركات: نقودك خلال خطوات التأسيس الرسمية من التسجيل إلى الجاهزية القانونية للتشغيل.","صياغة وتوثيق عقد التأسيس للشركات، تأسيس الأعمال في السعودية، خدمات الشركات، خدمات معتد، السوق السعودي",handcrafted
413,ar,"اشتراك وتجديد الغرفة التجارية","خدمة اشتراك الغرفة التجارية هي إجراء إلزامي بعد الحصول على السجل التجاري، وهي خطوة أساسية لـ تأسيس الشركات ومزاولة النشاط الاقتصادي في المملكة. نضمن إتمام تسجيل وتجديد الغرفة التجارية بسهولة وسرعة للاستفادة من الخدمات الحكومية ودعم قطاع التجارة والصناعة.نقدم الدعم الكامل لإتمام إجراءات اشتراك الغرفة التجارية بشكل آلي وفوري بعد إصدار السجل التجاري، حيث يُعد هذا اشتراك الغرفة التجارية شرطاً لاستكمال تأسيس الشركات. تتضمن الخدمة التسجيل وتجديد الاشتراك، مما يضمن للشركة الاستفادة من التصديق على الوثائق والمشاركة في فعاليات التجارة والصناعة، مع إتاحة الوصول إلى العديد من الخدمات الحكومية المقدمة للقطاع الخاص.","خدمة اشتراك الغرفة التجارية هي إجراء إلزامي بعد الحصول على السجل التجاري، وهي خطوة أساسية لـ تأسيس الشركات ومزاولة النشاط الاقتصادي في المملكة.","الشركات والجهات المستفيدة من خدمة دعم الأعمال في المملكة العربية السعودية.","تنفيذ سريع (عادة خلال يوم عمل إلى عدة أيام حسب المتطلبات).",العربية,"عبر القنوات الرقمية والتواصل المباشر مع فريق متعدد.","٧٥٠ ريال سعودي","التحويل على بيانات حساب الشركة:
التكلفة تشمل الرسوم الحكومية:
رسوم الغرفة التجارية حسب الفئة","دعم الأعمال","الشركات والجهات المستفيدة من خدمة دعم الأعمال في المملكة العربية السعودية.","تأسيس الشركات",No,No,No,No,No,No,No,No,No,No,No,"اشتراك وتجديد الغرفة التجارية | معتد","اشتراك وتجديد الغرفة التجارية: نقودك خلال خطوات التأسيس الرسمية من التسجيل إلى الجاهزية القانونية للتشغيل. خدمة احترافية تركّز على تقليل المخاطر الإجرائية...","اشتراك وتجديد الغرفة التجارية: نقودك خلال خطوات التأسيس الرسمية من التسجيل إلى الجاهزية القانونية للتشغيل.","اشتراك وتجديد الغرفة التجارية، تأسيس الأعمال في السعودية، خدمات الشركات، خدمات معتد، السوق السعودي",handcrafted
415,ar,"تفعيل وتسجيل المنشأة في منصة قوى","تُعد خدمة تفعيل منصة قوى خطوة إلزامية بعد تأسيس الشركات، وهي البوابة الرئيسية لـ وزارة الموارد البشرية لتنظيم سوق العمل. نضمن التسجيل السريع في منصة قوى للاستفادة من جميع الخدمات الحكومية المتعلقة بـ إدارة الموظفين والعقود.نقدم خدمة متخصصة في تفعيل منصة قوى للمنشآت الحديثة والقائمة، مما يضمن الامتثال لجميع متطلبات وزارة الموارد البشرية. التسجيل في منصة قوى ضروري لإنهاء إجراءات تأسيس الشركات وبدء عمليات إدارة الموظفين وعقودهم إلكترونياً. تساعدك الخدمة في الوصول إلى تقارير التوطين ونقل الخدمات والاستفادة من حزمة شاملة من الخدمات الحكومية المقدمة للقطاع الخاص.","تُعد خدمة تفعيل منصة قوى خطوة إلزامية بعد تأسيس الشركات، وهي البوابة الرئيسية لـ وزارة الموارد البشرية لتنظيم سوق العمل.","الشركات والمنشآت التي تدير موظفين وتحتاج خدمات موارد بشرية وتشغيل.","تنفيذ سريع (عادة خلال يوم عمل إلى عدة أيام حسب المتطلبات).",العربية,"عبر المنصات الحكومية والقنوات الرقمية الرسمية.","٢٢٥٠ ريال سعودي","التحويل على بيانات حساب الشركة:
التكلفة تشمل الرسوم الحكومية:
رسوم تفعيل منصة قوى ١٣٠٠ ريال","الموارد البشرية","الشركات والمنشآت التي تدير موظفين وتحتاج خدمات موارد بشرية وتشغيل.","الموارد البشرية",No,No,No,No,No,No,No,No,No,No,No,"تفعيل وتسجيل المنشأة في منصة قوى | معتد","تفعيل وتسجيل المنشأة في منصة قوى: ننفّذ متطلبات الموارد البشرية والمنصات الحكومية لضمان استمرارية الامتثال دون غرامات. نقدم خدمة متخصصة تضمن الامتثال الكامل...","تفعيل وتسجيل المنشأة في منصة قوى: ننفّذ متطلبات الموارد البشرية والمنصات الحكومية لضمان استمرارية الامتثال...","تفعيل وتسجيل المنشأة في منصة قوى، خدمات الموارد البشرية، المنصات الحكومية، خدمات معتد، السوق السعودي",handcrafted
416,ar,"تفعيل وتسجيل منصة قوى","تعتبر خدمة تفعيل منصة ""قوى"" خطوة إلزامية بعد تأسيس الشركة، حيث تمثل البوابة الرئيسية لوزارة الموارد البشرية لتنظيم سوق العمل. نحن نضمن التسجيل السريع في المنصة للوصول إلى كافة الخدمات الحكومية الأساسية المتعلقة بإدارة الموظفين والعقود.نقدم دعماً متخصصاً لتفعيل المنصة للمنشآت الجديدة والقائمة، مع ضمان الامتثال الكامل لجميع متطلبات الوزارة. ويعد التسجيل في قوى أمراً حيوياً لاستكمال إجراءات التأسيس وبدء الإدارة الإلكترونية للموظفين. تساعدك هذه الخدمة في الوصول إلى تقارير التوطين، وخدمات النقل، والاستفادة من حزمة الخدمات الحكومية الشاملة المقدمة للقطاع الخاص بكفاءة عالية.","تعتبر خدمة تفعيل منصة ""قوى"" خطوة إلزامية بعد تأسيس الشركة، حيث تمثل البوابة الرئيسية لوزارة الموارد البشرية لتنظيم سوق العمل.","الشركات والمنشآت التي تدير موظفين وتحتاج خدمات موارد بشرية وتشغيل.","تنفيذ سريع (عادة خلال يوم عمل إلى عدة أيام حسب المتطلبات).",العربية,"عبر المنصات الحكومية والقنوات الرقمية الرسمية.","٢٢٥٠ ريال سعودي","رسوم تفعيل منصة قوى: 1300 ريال سعودي.
ملاحظة التكلفة: التكلفة لا تشمل الرسوم الحكومية المقررة.
طريقة السداد: يتم التحويل إلى تفاصيل حساب الشركة.","الموارد البشرية","الشركات والمنشآت التي تدير موظفين وتحتاج خدمات موارد بشرية وتشغيل.","الموارد البشرية",No,No,No,No,No,No,No,No,No,No,No,"تفعيل وتسجيل منصة قوى | معتد","تفعيل وتسجيل منصة قوى: ننفّذ متطلبات الموارد البشرية والمنصات الحكومية لضمان استمرارية الامتثال دون غرامات. نوفّر تنفيذًا دقيقًا بخطوات واضحة لتقليل الوقت...","تفعيل وتسجيل منصة قوى: ننفّذ متطلبات الموارد البشرية والمنصات الحكومية لضمان استمرارية الامتثال دون غرامات.","تفعيل وتسجيل منصة قوى، خدمات الموارد البشرية، المنصات الحكومية، خدمات معتد، السوق السعودي",handcrafted
417,ar,"إصدار تأشيرة المدير العام أو المستثمر","تُعد خدمة إصدار تأشيرة المدير العام أو تأشيرة المستثمر خطوة محورية لـ تأسيس الشركات الأجنبية، حيث تسمح بـ استقدام القيادات. يتم التقديم عبر منصة قوى بعد الربط مع وزارة الموارد البشرية، وهي ضرورية للمستثمرين الأجانب لضمان بدء العمليات.نقدم دعماً متكاملاً لإصدار تأشيرة المدير العام أو تأشيرة المستثمر، وهي مرحلة حاسمة في تأسيس الشركات وتفعيل الاستثمار الأجنبي. نسهل عملية استقدام الكفاءات القيادية من خلال منصة قوى، بعد ضمان الامتثال لمتطلبات وزارة الموارد البشرية وتصنيف المنشأة. هذه التأشيرة ضرورية للسماح للقائد التنفيذي أو المساهم الأجنبي بالإقامة وبدء إدارة العمليات على أرض المملكة بكفاءة وفعالية.","تُعد خدمة إصدار تأشيرة المدير العام أو تأشيرة المستثمر خطوة محورية لـ تأسيس الشركات الأجنبية، حيث تسمح بـ استقدام القيادات.","الشركات والمستثمرون والأفراد الذين يحتاجون خدمات التأشيرات والإقامة والامتثال.","تعتمد مدة الخدمة على استكمال المتطلبات وإجراءات الجهات المعنية.",العربية,"منصة قوى بعد الربط مع وزارة الموارد ال | منصة قوى، بعد ضمان الامتثال لمتطلبات و","٢٧٥٠ ريال سعودي","التحويل على بيانات حساب الشركة:
التكلفة تشمل الرسوم الحكومية:
رسوم وزارة الموارد البشرية ٢٠٠٠ ريال","الإقامة والتأشيرات","الشركات والمستثمرون والأفراد الذين يحتاجون خدمات التأشيرات والإقامة والامتثال.","الإقامة | التأشيرات",No,No,No,No,No,No,No,No,No,No,No,"إصدار تأشيرة المدير العام أو المستثمر | معتد","إصدار تأشيرة المدير العام أو المستثمر: ندير إجراءات العمالة والإقامات باحتراف لتسريع دورة التوظيف واستقرار الكوادر. حل عملي للشركات التي تبحث عن إنجاز سريع...","إصدار تأشيرة المدير العام أو المستثمر: ندير إجراءات العمالة والإقامات باحتراف لتسريع دورة التوظيف واستقرار...","إصدار تأشيرة المدير العام أو المستثمر، خدمات الإقامات والتأشيرات، إدارة شؤون الموظفين، خدمات معتد، السوق السعودي",handcrafted
419,ar,"تفويض التأشيرة عبر منصة إنجاز","تُعد خدمة تفويض مكتب التوظيف خطوة إلزامية لإنهاء إجراءات استقدام العمالة من الخارج. يتم هذا التفويض إلكترونياً عبر منصة إنجاز لتمكين المكتب المعتمد من تقديم أوراق تأشيرة العمل لدى السفارة السعودية في بلد العامل الأجنبي.نقدم خدمة متكاملة لإصدار وتفعيل تفويض مكتب التوظيف، لضمان سير إجراءات استقدام العمالة بسلاسة. يتم توثيق التفويض عبر منصة إنجاز ليكون معتمداً وموثوقاً به لدى السفارة السعودية والجهات الحكومية الأخرى. هذه العملية ضرورية لكي يتمكن المكتب الخارجي من إنهاء إجراءات ختم تأشيرة العمل للموظف المستقدم، مما يسرع وصول الكفاءات المطلوبة للشركة.","تُعد خدمة تفويض مكتب التوظيف خطوة إلزامية لإنهاء إجراءات استقدام العمالة من الخارج.","الشركات والمستثمرون والأفراد الذين يحتاجون خدمات التأشيرات والإقامة والامتثال.","تعتمد مدة الخدمة على استكمال المتطلبات وإجراءات الجهات المعنية.",العربية,"منصة إنجاز لتمكين المكتب المعتمد من تقديم أوراق تأشيرة العمل لدى | منصة إنجاز ليكون معتمداً وموثوقاً به لدى السفارة السعودية والجهات",١٢٥٠,"التحويل على بيانات حساب الشركة:
التكلفة تشمل الرسوم الحكومية:
رسوم وزارة الخارجية ومنصة انجاز","الإقامة والتأشيرات","الشركات والمستثمرون والأفراد الذين يحتاجون خدمات التأشيرات والإقامة والامتثال.","الإقامة | التأشيرات",No,No,No,No,No,No,No,No,No,No,No,"تفويض التأشيرة عبر منصة إنجاز | معتد","تفويض التأشيرة عبر منصة إنجاز: ندير إجراءات العمالة والإقامات باحتراف لتسريع دورة التوظيف واستقرار الكوادر. تنفيذ منظم من فريق متخصص لضمان دقة البيانات...","تفويض التأشيرة عبر منصة إنجاز: ندير إجراءات العمالة والإقامات باحتراف لتسريع دورة التوظيف واستقرار الكوادر.","تفويض التأشيرة عبر منصة إنجاز، خدمات الإقامات والتأشيرات، إدارة شؤون الموظفين، خدمات معتد، السوق السعودي",handcrafted
421,ar,"الاشتراك في منصة التأمينات الاجتماعية (GOSI) وإصدار الشهادة","تُعد خدمة الاشتراك في التأمينات الاجتماعية إلزامية لجميع المنشآت بعد تأسيس الشركات، حيث يتم التسجيل في منصة التأمينات الاجتماعية لضمان حقوق الموظفين. نساعد في إدارة الموظفين وإصدار شهادة اشتراك التأمينات الاجتماعية المطلوبة لجميع التعاملات الرسمية.نقدم خدمة تسجيل سريعة لـ الاشتراك في التأمينات الاجتماعية للمنشآت الحديثة، الاشتراك في منصة التأمينات الاجتماعية &nbsp;اللازمة لمشاريع القطاع الحكومي والخاص وتسهيل جميع إجراءات إدارة الموظفين.","تُعد خدمة الاشتراك في التأمينات الاجتماعية إلزامية لجميع المنشآت بعد تأسيس الشركات، حيث يتم التسجيل في منصة التأمينات الاجتماعية لضمان حقوق الموظفين.","الشركات والجهات المستفيدة من خدمة الموارد البشرية في المملكة العربية السعودية.","تنفيذ سريع (عادة خلال يوم عمل إلى عدة أيام حسب المتطلبات).",العربية,"عبر المنصات الحكومية والقنوات الرقمية الرسمية.",٥٠٠,"التحويل البنكي وفق بيانات حساب الشركة.","الموارد البشرية","الشركات والجهات المستفيدة من خدمة الموارد البشرية في المملكة العربية السعودية.","الموارد البشرية",No,No,No,No,No,No,No,No,No,No,No,"الاشتراك في منصة التأمينات الاجتماعية (GOSI) وإصدار الشهادة |...","الاشتراك في منصة التأمينات الاجتماعية (GOSI) وإصدار الشهادة: نقدم دعمًا تشغيليًا وقانونيًا متكاملاً لمواءمة الخدمة مع أهداف منشأتك. نوفّر تنفيذًا دقيقًا...","الاشتراك في منصة التأمينات الاجتماعية (GOSI) وإصدار الشهادة: نقدم دعمًا تشغيليًا وقانونيًا متكاملاً لمواءمة...","الاشتراك في منصة التأمينات الاجتماعية (GOSI) وإصدار الشهادة، تأسيس الأعمال في السعودية، خدمات الشركات، خدمات معتد، السوق السعودي",handcrafted
423,ar,"تفعيل منصة مدد لنظام الرواتب وحماية الأجور","تُعد خدمة تفعيل منصة مدد إلزامية للامتثال لمتطلبات نظام حماية الأجور في المملكة. نضمن ربط منشأتك بـ نظام الرواتب المركزي التابع لـ وزارة الموارد البشرية بعد تأسيس الشركات، مما يسهل إدارة الرواتب وتوثيقها بدقة عالية.نقدم خدمة تسجيل متكاملة في منصة مدد، وهي أساسية لتطبيق نظام حماية الأجور والامتثال لتعاميم وزارة الموارد البشرية. التسجيل في منصة مدد يمكن المنشأة من إدارة الرواتب إلكترونياً وتوثيقها مع البنوك، ويساعد في تجنب المخالفات المتعلقة بـ نظام الرواتب الشهري. هذه الخطوة ضرورية لجميع الشركات، خاصة بعد تأسيس الشركات لضمان الشفافية وحماية حقوق العمال النظامية.","تُعد خدمة تفعيل منصة مدد إلزامية للامتثال لمتطلبات نظام حماية الأجور في المملكة.","الشركات والمنشآت التي تدير موظفين وتحتاج خدمات موارد بشرية وتشغيل.","تعتمد مدة الخدمة على استكمال المتطلبات وإجراءات الجهات المعنية.",العربية,"عبر المنصات الحكومية والقنوات الرقمية الرسمية.",٢٩٠٠,"التحويل على بيانات حساب الشركة:
التكلفة تشمل الرسوم الحكومية:","الموارد البشرية","الشركات والمنشآت التي تدير موظفين وتحتاج خدمات موارد بشرية وتشغيل.","الموارد البشرية",No,No,No,No,No,No,No,No,No,No,No,"تفعيل منصة مدد لنظام الرواتب وحماية الأجور | معتد","تفعيل منصة مدد لنظام الرواتب وحماية الأجور: ننفّذ متطلبات الموارد البشرية والمنصات الحكومية لضمان استمرارية الامتثال دون غرامات. خدمة احترافية تركّز على...","تفعيل منصة مدد لنظام الرواتب وحماية الأجور: ننفّذ متطلبات الموارد البشرية والمنصات الحكومية لضمان استمرارية...","تفعيل منصة مدد لنظام الرواتب وحماية الأجور، خدمات الموارد البشرية، المنصات الحكومية، خدمات معتد، السوق السعودي",handcrafted
425,ar,"تفعيل العنوان الوطني للشركات وتوفير العنوان الافتراضي","تُعد خدمة تفعيل العنوان الوطني خطوة إلزامية وحيوية بعد تأسيس الشركات، وهي ضرورية لإنهاء جميع الخدمات الحكومية. نؤكد على أهمية العنوان الوطني لـ فتح الحساب البنكي للمنشأة. كما تقدم شركة متعدد المحدودة خيار العنوان الافتراضي المرن للمستثمرين.نقدم خدمة متكاملة لتسجيل وتفعيل العنوان الوطني للمنشأة وللأفراد القياديين، مما يضمن الامتثال لمتطلبات الخدمات الحكومية. يعتبر العنوان الوطني أهم متطلب إجرائي لـ فتح الحساب البنكي للشركة، وهو أيضاً ضروري جداً لـ فتح الحساب البنكي للمستثمر أو المدير العام. توفر شركة متعدد المحدودة خدمة العنوان الافتراضي كحل مرن للمنشآت التي لا تحتاج إلى مقر مادي دائم بعد تأسيس الشركات.","تُعد خدمة تفعيل العنوان الوطني خطوة إلزامية وحيوية بعد تأسيس الشركات، وهي ضرورية لإنهاء جميع الخدمات الحكومية. نؤكد على أهمية العنوان الوطني لـ فتح الحساب البنكي للمنشأة.","الشركات ورواد الأعمال الباحثون عن حلول مساحات عمل وعنوان تجاري.","تعتمد مدة الخدمة على استكمال المتطلبات وإجراءات الجهات المعنية.",العربية,"عبر القنوات الرقمية والتواصل المباشر مع فريق متعدد.","٢٥٠٠ ريال سعودي","التحويل على بيانات حساب الشركة:
التكلفة تشمل الرسوم الحكومية:","الموارد البشرية","الشركات ورواد الأعمال الباحثون عن حلول مساحات عمل وعنوان تجاري.","الموارد البشرية",No,No,No,No,No,No,No,No,No,No,No,"تفعيل العنوان الوطني للشركات وتوفير العنوان الافتراضي | معتد","تفعيل العنوان الوطني للشركات وتوفير العنوان الافتراضي: نوفر بيئة أعمال جاهزة تعكس حضورًا مهنيًا وتدعم متطلبات التشغيل اليومية. نقدم خدمة متخصصة تضمن الامتثال...","تفعيل العنوان الوطني للشركات وتوفير العنوان الافتراضي: نوفر بيئة أعمال جاهزة تعكس حضورًا مهنيًا وتدعم متطلبات...","تفعيل العنوان الوطني للشركات وتوفير العنوان الافتراضي، حلول المكاتب، بيئة أعمال مرنة، خدمات معتد، السوق السعودي",handcrafted
428,ar,"تفعيل منصة مقيم","تُعد خدمة تفعيل منصة مقيم خطوة ضرورية بعد تأسيس الشركات لتسهيل التعامل مع المديرية العامة لـ الجوازات. نضمن التسجيل السريع في منصة مقيم، مما يتيح إصدار وتجديد إصدار الإقامة لـ إدارة الموظفين الأجانب وكافة الخدمات الحكومية المتعلقة بسفرهم.نقدم خدمة متخصصة في تفعيل منصة مقيم للمنشآت حديثة التأسيس، مما يضمن الامتثال لجميع متطلبات الجوازات ونظام الإقامة. التسجيل في منصة مقيم ضروري لاستكمال تأسيس الشركات وبدء عمليات إصدار الإقامة وتجديدها وطباعتها إلكترونياً. تساعدك الخدمة في إدارة الموظفين الأجانب وتعديل مهنهم وتصاريح سفرهم، والاستفادة من حزمة شاملة من الخدمات الحكومية المتعلقة بالجنسيات والإقامة.","تُعد خدمة تفعيل منصة مقيم خطوة ضرورية بعد تأسيس الشركات لتسهيل التعامل مع المديرية العامة لـ الجوازات.","الشركات والمستثمرون والأفراد الذين يحتاجون خدمات التأشيرات والإقامة والامتثال.","تنفيذ سريع (عادة خلال يوم عمل إلى عدة أيام حسب المتطلبات).",العربية,"عبر المنصات الحكومية والقنوات الرقمية الرسمية.","تحدد التكلفة وفق نطاق الخدمة والمتطلبات.","التحويل على بيانات حساب الشركة:
التكلفة تشمل الرسوم الحكومية:","الموارد البشرية","الشركات والمستثمرون والأفراد الذين يحتاجون خدمات التأشيرات والإقامة والامتثال.","الموارد البشرية",No,No,No,No,No,No,No,No,No,No,No,"تفعيل منصة مقيم | معتد","تفعيل منصة مقيم: ننفّذ متطلبات الموارد البشرية والمنصات الحكومية لضمان استمرارية الامتثال دون غرامات. خدمة احترافية تركّز على تقليل المخاطر الإجرائية ورفع...","تفعيل منصة مقيم: ننفّذ متطلبات الموارد البشرية والمنصات الحكومية لضمان استمرارية الامتثال دون غرامات.","تفعيل منصة مقيم، خدمات الموارد البشرية، المنصات الحكومية، خدمات معتد، السوق السعودي",handcrafted
430,ar,"إصدار الإقامة للمدير العام أو المستثمر الأجنبي","تُعد خدمة إصدار الإقامة لـ المدير العام أو المستثمر الخطوة النهائية، وتتطلب إتمام الفحص الطبي و التأمين الطبي. تشمل الرسوم سداد المقابل المالي لـ رخصة العمل (9700 ريال لـ المدير العام) ورسوم الجوازات (650 ريال)، لضمان قانونية الوضع بعد تأسيس الشركات.نقدم خدمة متخصصة لتسهيل إصدار الإقامة السريعة لـ المستثمر أو المدير العام. تتطلب هذه العملية استيفاء متطلبات الفحص الطبي، وتفعيل وثيقة التأمين الطبي الشامل، وسداد المقابل المالي لـ رخصة العمل (9700 ريال) ورسوم الجوازات (650 ريال). إصدار الإقامة أمر حيوي لتمكينهم من فتح الحسابات البنكية وممارسة مهامهم التنفيذية والقانونية بالكامل بعد تأسيس الشركات.","تُعد خدمة إصدار الإقامة لـ المدير العام أو المستثمر الخطوة النهائية، وتتطلب إتمام الفحص الطبي و التأمين الطبي.","الشركات والمستثمرون والأفراد الذين يحتاجون خدمات التأشيرات والإقامة والامتثال.","تنفيذ سريع (عادة خلال يوم عمل إلى عدة أيام حسب المتطلبات).",العربية,"عبر القنوات الرقمية والتواصل المباشر مع فريق متعدد.","9700 ريال","التحويل على بيانات حساب الشركة:
التكلفة تشمل الرسوم الحكومية:
رسوم الفحص الطبي
رسوم التامين الطبي
رسوم رخصة العمل
رسوم الجوازات (مكتب الهجرة)","الإقامة والتأشيرات","الشركات والمستثمرون والأفراد الذين يحتاجون خدمات التأشيرات والإقامة والامتثال.","الإقامة | التأشيرات",No,No,No,No,No,No,No,No,No,No,No,"إصدار الإقامة للمدير العام أو المستثمر الأجنبي | معتد","إصدار الإقامة للمدير العام أو المستثمر الأجنبي: ندير إجراءات العمالة والإقامات باحتراف لتسريع دورة التوظيف واستقرار الكوادر. نقدم خدمة متخصصة تضمن الامتثال...","إصدار الإقامة للمدير العام أو المستثمر الأجنبي: ندير إجراءات العمالة والإقامات باحتراف لتسريع دورة التوظيف...","إصدار الإقامة للمدير العام أو المستثمر الأجنبي، خدمات الإقامات والتأشيرات، إدارة شؤون الموظفين، خدمات معتد، السوق السعودي",handcrafted
432,ar,"فتح حساب بنكي للشركات","تُعد خدمة فتح حساب بنكي خطوة أساسية لجميع الشركات و المؤسسات لبدء ممارسة الأعمال رسمياً. نضمن تجهيز كافة الوثائق المطلوبة مثل السجل التجاري و عقد التأسيس، وتوثيق إثبات الإقامة لـ المدير العام أو المستثمر، لتسهيل الحصول على الخدمات المصرفية.نقدم خدمة متكاملة لمساعدة الشركات و المؤسسات في فتح حساب بنكي تجاري، وهو أمر حيوي لتلقي المدفوعات وإجراء المعاملات المحلية والدولية. تتضمن العملية التحقق من سريان السجل التجاري، وتوثيق عقد التأسيس، وتقديم إثبات الإقامة لـ المدير العام أو المستثمر المخول بالتوقيع. هذه الخدمة تسرع من حصول شركتك على الخدمات المصرفية الضرورية لاستمرار العمليات المالية.","تُعد خدمة فتح حساب بنكي خطوة أساسية لجميع الشركات و المؤسسات لبدء ممارسة الأعمال رسمياً.","الشركات والجهات المستفيدة من خدمة دعم الأعمال في المملكة العربية السعودية.","تعتمد مدة الخدمة على استكمال المتطلبات وإجراءات الجهات المعنية.",العربية,"عبر القنوات الرقمية والتواصل المباشر مع فريق متعدد.","٣٥٠٠ ريال سعودي","التحويل على بيانات حساب الشركة:
التكلفة تشمل الرسوم الحكومية:
لا توجد رسوم حكومية","دعم الأعمال","الشركات والجهات المستفيدة من خدمة دعم الأعمال في المملكة العربية السعودية.","تأسيس الشركات",No,No,No,No,No,No,No,No,No,No,No,"فتح حساب بنكي للشركات | معتد","فتح حساب بنكي للشركات: نقدم دعمًا تشغيليًا وقانونيًا متكاملاً لمواءمة الخدمة مع أهداف منشأتك. حل عملي للشركات التي تبحث عن إنجاز سريع مع متابعة تنظيمية...","فتح حساب بنكي للشركات: نقدم دعمًا تشغيليًا وقانونيًا متكاملاً لمواءمة الخدمة مع أهداف منشأتك.","فتح حساب بنكي للشركات، تأسيس الأعمال في السعودية، خدمات الشركات، خدمات معتد، السوق السعودي",handcrafted
434,ar,"خدمات المحاسبة ومسك الدفاتر","تقدم شركة متعدد المحدودة حلولاً موثوقة لخدمات المحاسبة ومسك الدفاتر، لضمان دقة السجلات المالية وتوافقها مع متطلبات هيئة الزكاة والضريبة والجمارك. نساعدك في الحفاظ على أرقامك نظيفة بعد تأسيس الشركات للتركيز على النمو.في سوق سريع الحركة، تتولى شركة متعدد المحدودة دورة المحاسبة الشهرية الكاملة لضمان تسجيل المعاملات بدقة. تشمل خدمتنا مسك الدفاتر، وإعداد القوائم المالية، وتقارير الإدارة، بما يتماشى مع معايير هيئة الزكاة والضريبة والجمارك. تساعد هذه الخدمة في وضوح الرؤية المالية للإيرادات والمصروفات، وتسهل إدارة الموظفين مالياً، مما يضمن الالتزام بالمعايير الدولية (IFRS) وتجنب العقوبات المكلفة بعد عملية تأسيس الشركات.","تقدم شركة متعدد المحدودة حلولاً موثوقة لخدمات المحاسبة ومسك الدفاتر، لضمان دقة السجلات المالية وتوافقها مع متطلبات هيئة الزكاة والضريبة والجمارك.","خدمات المحاسبة ومسك الدفاتر، لضمان دقة السجلات المالية وتوافقها مع متطلبات هيئة الزكاة والضريبة والجمارك","تنفيذ سريع (عادة خلال يوم عمل إلى عدة أيام حسب المتطلبات).",العربية,"عبر القنوات الرقمية والتواصل المباشر مع فريق متعدد.","تحدد التكلفة وفق نطاق الخدمة والمتطلبات.","التحويل البنكي وفق بيانات حساب الشركة.","خدمات محاسبية","خدمات المحاسبة ومسك الدفاتر، لضمان دقة السجلات المالية وتوافقها مع متطلبات هيئة الزكاة والضريبة والجمارك","المحاسبة | الضرائب",No,No,No,No,No,No,No,No,No,No,No,"خدمات المحاسبة ومسك الدفاتر | معتد","خدمات المحاسبة ومسك الدفاتر: نساعدك على ضبط الالتزامات المالية والضريبية ورفع جودة التقارير المحاسبية. تنفيذ منظم من فريق متخصص لضمان دقة البيانات وسلاسة...","خدمات المحاسبة ومسك الدفاتر: نساعدك على ضبط الالتزامات المالية والضريبية ورفع جودة التقارير المحاسبية.","خدمات المحاسبة ومسك الدفاتر، خدمات محاسبية، امتثال ضريبي، خدمات معتد، السوق السعودي",handcrafted
436,ar,"خدمات إدارة الرواتب في المملكة العربية السعودية","تعتبر إدارة الرواتب في المملكة مهمة معقدة تتطلب دقة وامتثالًا للأنظمة. تقدم شركة متعدد خدمة متكاملة لضمان دفع الـرواتب بشكل دقيق ومطابقة تامة للأنظمة المحلية.&nbsp;تتولى شركة متعدد عملية إدارة الرواتب بكفاءة تامة، مما يقلل من الأخطاء ويعزز رضا الموظفين. تشمل الخدمات معالجة الـرواتب الشهرية، تقديم حسابات التأمينات الاجتماعية، وإعداد التقارير اللازمة وفق القوانين المحلية. هذه العملية تسهم في المحافظة على سلاسة العمل وامتثال المؤسسة العامة للتأمينات الاجتماعية.&nbsp;","تعتبر إدارة الرواتب في المملكة مهمة معقدة تتطلب دقة وامتثالًا للأنظمة. تقدم شركة متعدد خدمة متكاملة لضمان دفع الـرواتب بشكل دقيق ومطابقة تامة للأنظمة المحلية. تتولى شركة متعدد عملية إدارة الرواتب بكفاءة تامة، مما يقلل من الأخطاء ويعزز رضا الموظفين.","ضمان دفع الـرواتب بشكل دقيق ومطابقة تامة للأنظمة المحلية","تعتمد مدة الخدمة على استكمال المتطلبات وإجراءات الجهات المعنية.",العربية,"عبر القنوات الرقمية والتواصل المباشر مع فريق متعدد.","تحدد التكلفة وفق نطاق الخدمة والمتطلبات.","التحويل البنكي وفق بيانات حساب الشركة.","خدمات محاسبية","ضمان دفع الـرواتب بشكل دقيق ومطابقة تامة للأنظمة المحلية","المحاسبة | الضرائب",No,No,No,No,No,No,No,No,No,No,No,"خدمات إدارة الرواتب في المملكة العربية السعودية | معتد","خدمات إدارة الرواتب في المملكة العربية السعودية: نقدم دعمًا تشغيليًا وقانونيًا متكاملاً لمواءمة الخدمة مع أهداف منشأتك. نوفّر تنفيذًا دقيقًا بخطوات واضحة...","خدمات إدارة الرواتب في المملكة العربية السعودية: نقدم دعمًا تشغيليًا وقانونيًا متكاملاً لمواءمة الخدمة مع...","خدمات إدارة الرواتب في المملكة العربية السعودية، تأسيس الأعمال في السعودية، خدمات الشركات، خدمات معتد، السوق السعودي",handcrafted
437,ar,"خدمات تسوية ومعالجة القيود المحاسبية المتراكمة في السعودية","تواجه العديد من الشركات في السعودية تحديات في مسك الدفاتر بسبب السوق سريع النمو. تقدم شركة متعدد خدمات فعالة لتنظيم وتنظيف السجلات المالية، مما يضمن دقة الحسابات وامتثالها للأنظمة المحلية.قوم بإصلاح السجلات المالية المتراكمة بسرعة وسهولة، حيث توفر شركة متعدد حلولاً متكاملة لتحديث السجلات المعلقة في حساباتك. تشمل الخدمات معالجة جميع أنواع التراكمات، مثل تراكم المبيعات، المشتريات، والذمم المدينة، لضمان جاهزية حساباتك للتدقيق أو جمع التبرعات.&nbsp;&nbsp;","تواجه العديد من الشركات في السعودية تحديات في مسك الدفاتر بسبب السوق سريع النمو.","تنظيم وتنظيف السجلات المالية، مما يضمن دقة الحسابات وامتثالها للأنظمة المحلية","تنفيذ سريع (عادة خلال يوم عمل إلى عدة أيام حسب المتطلبات).","العربية واللغة الانجليزية","عبر القنوات الرقمية والتواصل المباشر مع فريق متعدد.","تحدد التكلفة وفق نطاق الخدمة والمتطلبات.","التحويل البنكي وفق بيانات حساب الشركة.","خدمات محاسبية","تنظيم وتنظيف السجلات المالية، مما يضمن دقة الحسابات وامتثالها للأنظمة المحلية","المحاسبة | الضرائب",No,No,No,No,No,No,No,No,No,No,No,"خدمات تسوية ومعالجة القيود المحاسبية المتراكمة في السعودية | معتد","خدمات تسوية ومعالجة القيود المحاسبية المتراكمة في السعودية: نساعدك على ضبط الالتزامات المالية والضريبية ورفع جودة التقارير المحاسبية. حل عملي للشركات التي...","خدمات تسوية ومعالجة القيود المحاسبية المتراكمة في السعودية: نساعدك على ضبط الالتزامات المالية والضريبية ورفع...","خدمات تسوية ومعالجة القيود المحاسبية المتراكمة في السعودية، خدمات محاسبية، امتثال ضريبي، خدمات معتد، السوق السعودي",handcrafted
438,ar,"خدمات مراجعة الحسابات في المملكة العربية السعودية","تقدم شركة متعدد خدمات مراجعة محاسبية احترافية لضمان أن تكون سجلاتك المالية دقيقة وشفافة ومتوافقة مع اللوائح السعودية ومعايير التقارير المالية الدولية (IFRS).نقوم بمراجعات محاسبية شهرية وربع سنوية وسنوية لتحديد الأخطاء، وتحسين جودة التقارير المالية، وتعزيز الامتثال. تشمل مراجعتنا تحليل البيانات المالية، مراجعة السياسات والإجراءات المحاسبية، والتحقق من المعاملات الرئيسية لضمان تكامل العمليات المحاسبية.&nbsp;","تقدم شركة متعدد خدمات مراجعة محاسبية احترافية لضمان أن تكون سجلاتك المالية دقيقة وشفافة ومتوافقة مع اللوائح السعودية ومعايير التقارير المالية الدولية (IFRS).نقوم بمراجعات محاسبية شهرية وربع سنوية وسنوية لتحديد الأخطاء، وتحسين جودة التقارير المالية، وتعزيز الامتثال.","ضمان أن تكون سجلاتك المالية دقيقة وشفافة ومتوافقة مع اللوائح السعودية ومعايير التقارير المالية الدولية (IFRS)","تعتمد مدة الخدمة على استكمال المتطلبات وإجراءات الجهات المعنية.","العربية واللغة الانجليزية","عبر القنوات الرقمية والتواصل المباشر مع فريق متعدد.","تحدد التكلفة وفق نطاق الخدمة والمتطلبات.","التحويل البنكي وفق بيانات حساب الشركة.","خدمات محاسبية","ضمان أن تكون سجلاتك المالية دقيقة وشفافة ومتوافقة مع اللوائح السعودية ومعايير التقارير المالية الدولية (IFRS)","المحاسبة | الضرائب",No,No,No,No,No,No,No,No,No,No,No,"خدمات مراجعة الحسابات في المملكة العربية السعودية | معتد","خدمات مراجعة الحسابات في المملكة العربية السعودية: نقدم دعمًا تشغيليًا وقانونيًا متكاملاً لمواءمة الخدمة مع أهداف منشأتك. خدمة احترافية تركّز على تقليل...","خدمات مراجعة الحسابات في المملكة العربية السعودية: نقدم دعمًا تشغيليًا وقانونيًا متكاملاً لمواءمة الخدمة مع...","خدمات مراجعة الحسابات في المملكة العربية السعودية، تأسيس الأعمال في السعودية، خدمات الشركات، خدمات معتد، السوق السعودي",handcrafted
439,ar,"خدمات الاستشارات المتعلقة بضريبة القيمة المضافة في المملكة العربية السعودية","تتطور ضريبة القيمة المضافة (VAT) في المملكة بشكل مستمر. تقدم شركة متعدد خدمات استشارية واضحة وعملية لضريبة القيمة المضافة، مما يساعدك على الامتثال والثقة المالية في جميع الأوقات.نقوم بتبسيط ضريبة القيمة المضافة من خلال تقديم مشورة خبراء بناءً على مجال عملك وعملياتك ومتطلباتك التنظيمية. تشمل استشاراتنا تقييم تأثير الضريبة، إرشادات المعالجة الضريبية، مراجعة العمليات والوثائق، وتوصيات لتحسين الامتثال وتقليل المخاطر.&nbsp;","تتطور ضريبة القيمة المضافة (VAT) في المملكة بشكل مستمر.","ضريبة القيمة المضافة، مما يساعدك على الامتثال والثقة المالية في جميع الأوقات","تُحدد وفق نطاق العمل والبيانات المتاحة وجدول التنفيذ.",العربية,"عبر القنوات الرقمية والتواصل المباشر مع فريق متعدد.","تحدد التكلفة وفق نطاق الخدمة والمتطلبات.","التحويل البنكي وفق بيانات حساب الشركة.","خدمات محاسبية","ضريبة القيمة المضافة، مما يساعدك على الامتثال والثقة المالية في جميع الأوقات","المحاسبة | الضرائب",No,No,No,No,No,No,No,No,No,No,No,"خدمات الاستشارات المتعلقة بضريبة القيمة المضافة في المملكة...","خدمات الاستشارات المتعلقة بضريبة القيمة المضافة في المملكة العربية السعودية: نساعدك على ضبط الالتزامات المالية والضريبية ورفع جودة التقارير المحاسبية. تنفيذ...","خدمات الاستشارات المتعلقة بضريبة القيمة المضافة في المملكة العربية السعودية: نساعدك على ضبط الالتزامات...","خدمات الاستشارات المتعلقة بضريبة القيمة المضافة في المملكة العربية السعودية، خدمات محاسبية، امتثال ضريبي، خدمات معتد، السوق السعودي",handcrafted
440,ar,"خدمات التسجيل في ضريبة القيمة المضافة في المملكة العربية السعودية","تعتبر عملية التسجيل في ضريبة القيمة المضافة (VAT) متطلبًا أساسيًا لأصحاب الأعمال في المملكة العربية السعودية. تتولى شركة متعدد عملية التسجيل بأكملها بسلاسة ودقة، مما يتيح لك التركيز على إدارة أعمالك.نقدم خدمات شاملة للتسجيل في ضريبة القيمة المضافة تشمل تقييم الأهلية، إرشادات التسجيل، إعداد وتقديم الطلبات، ودعم الوثائق الخاصة بمتطلبات هيئة الزكاة والضريبة والجمارك.&nbsp;","تعتبر عملية التسجيل في ضريبة القيمة المضافة (VAT) متطلبًا أساسيًا لأصحاب الأعمال في المملكة العربية السعودية.","الشركات والمنشآت التي تحتاج خدمات محاسبية وضريبية وامتثال مالي.","تُحدد وفق نطاق العمل والبيانات المتاحة وجدول التنفيذ.",العربية,"عبر القنوات الرقمية والتواصل المباشر مع فريق متعدد.","تحدد التكلفة وفق نطاق الخدمة والمتطلبات.","التحويل البنكي وفق بيانات حساب الشركة.","خدمات محاسبية","الشركات والمنشآت التي تحتاج خدمات محاسبية وضريبية وامتثال مالي.","المحاسبة | الضرائب",No,No,No,No,No,No,No,No,No,No,No,"خدمات التسجيل في ضريبة القيمة المضافة في المملكة العربية...","خدمات التسجيل في ضريبة القيمة المضافة في المملكة العربية السعودية: نساعدك على ضبط الالتزامات المالية والضريبية ورفع جودة التقارير المحاسبية. نقدم خدمة متخصصة...","خدمات التسجيل في ضريبة القيمة المضافة في المملكة العربية السعودية: نساعدك على ضبط الالتزامات المالية...","خدمات التسجيل في ضريبة القيمة المضافة في المملكة العربية السعودية، خدمات محاسبية، امتثال ضريبي، خدمات معتد، السوق السعودي",handcrafted
441,ar,"خدمات تقديم إقرارات ضريبة القيمة المضافة في المملكة العربية السعودية","خدمات إقرارات ضريبة القيمة المضافة (VAT) في المملكة العربية السعودية تضمن لك تقديم إقرارات دقيقة ومتوافقة مع الأنظمة. تجنب العقوبات واترك القلق لنا، وركز على عملك.نحن نقدم خدمات شاملة لتقديم إقرارات ضريبة القيمة المضافة الدقيقة في المملكة. تشمل خدماتنا إعداد الإقرارات، حساب الضريبة المستحقة، ومراجعة السجلات، مما يضمن الامتثال التام مع لوائح هيئة الزكاة والضريبة والجمارك (ZATCA).&nbsp;","خدمات إقرارات ضريبة القيمة المضافة (VAT) في المملكة العربية السعودية تضمن لك تقديم إقرارات دقيقة ومتوافقة مع الأنظمة. تجنب العقوبات واترك القلق لنا، وركز على عملك.نحن نقدم خدمات شاملة لتقديم إقرارات ضريبة القيمة المضافة الدقيقة في المملكة.","الشركات والمنشآت التي تحتاج خدمات محاسبية وضريبية وامتثال مالي.","تُحدد وفق نطاق العمل والبيانات المتاحة وجدول التنفيذ.",العربية,"عبر القنوات الرقمية والتواصل المباشر مع فريق متعدد.","تحدد التكلفة وفق نطاق الخدمة والمتطلبات.","التحويل البنكي وفق بيانات حساب الشركة.","خدمات محاسبية","الشركات والمنشآت التي تحتاج خدمات محاسبية وضريبية وامتثال مالي.","المحاسبة | الضرائب",No,No,No,No,No,No,No,No,No,No,No,"خدمات تقديم إقرارات ضريبة القيمة المضافة في المملكة العربية...","خدمات تقديم إقرارات ضريبة القيمة المضافة في المملكة العربية السعودية: نساعدك على ضبط الالتزامات المالية والضريبية ورفع جودة التقارير المحاسبية. نوفّر تنفيذًا...","خدمات تقديم إقرارات ضريبة القيمة المضافة في المملكة العربية السعودية: نساعدك على ضبط الالتزامات المالية...","خدمات تقديم إقرارات ضريبة القيمة المضافة في المملكة العربية السعودية، خدمات محاسبية، امتثال ضريبي، خدمات معتد، السوق السعودي",handcrafted
442,ar,"خدمات استرداد ضريبة القيمة المضافة في المملكة العربية السعودية","نقدم خدمات استرداد ضريبة القيمة المضافة في المملكة العربية السعودية لك لضمان استرداد ما هو حقك بكفاءة وسرعة، مع الامتثال الكامل للأنظمة.إذا سبق لعملك دفع ضريبة قيمة مضافة زائدة، فإنك تستحق استردادها. شركة متعدد تساعدك في تقديم مطالبات استرداد ضريبة القيمة المضافة بدقة، بدءًا من التقييم وحتى تقديم الطلبات، مما يحسن من تدفقك المالي.&nbsp;","نقدم خدمات استرداد ضريبة القيمة المضافة في المملكة العربية السعودية لك لضمان استرداد ما هو حقك بكفاءة وسرعة، مع الامتثال الكامل للأنظمة.إذا سبق لعملك دفع ضريبة قيمة مضافة زائدة، فإنك تستحق استردادها.","الشركات والمنشآت التي تحتاج خدمات محاسبية وضريبية وامتثال مالي.","تُحدد وفق نطاق العمل والبيانات المتاحة وجدول التنفيذ.",العربية,"عبر القنوات الرقمية والتواصل المباشر مع فريق متعدد.","تحدد التكلفة وفق نطاق الخدمة والمتطلبات.","التحويل البنكي وفق بيانات حساب الشركة.","خدمات محاسبية","الشركات والمنشآت التي تحتاج خدمات محاسبية وضريبية وامتثال مالي.","المحاسبة | الضرائب",No,No,No,No,No,No,No,No,No,No,No,"خدمات استرداد ضريبة القيمة المضافة في المملكة العربية السعودية |...","خدمات استرداد ضريبة القيمة المضافة في المملكة العربية السعودية: نساعدك على ضبط الالتزامات المالية والضريبية ورفع جودة التقارير المحاسبية. حل عملي للشركات...","خدمات استرداد ضريبة القيمة المضافة في المملكة العربية السعودية: نساعدك على ضبط الالتزامات المالية والضريبية...","خدمات استرداد ضريبة القيمة المضافة في المملكة العربية السعودية، خدمات محاسبية، امتثال ضريبي، خدمات معتد، السوق السعودي",handcrafted
443,ar,"خدمات إلغاء التسجيل في ضريبة القيمة المضافة في المملكة العربية السعودية","نقدم خدمات إلغاء التسجيل في ضريبة القيمة المضافة في المملكة العربية السعودية لضمان إغلاق حسابك بشكل صحيح وفقًا للوائح هيئة الزكاة والضريبة والجمارك.عندما يتوقف العمل عن الوفاء بمتطلبات ضريبة القيمة المضافة، يصبح إلغاء التسجيل ضروريًا. نحن في متعدد نتعامل مع العملية بالكامل بدءًا من التقييم وحتى تقديم الإقرار الضريبي النهائي، مع ضمان الامتثال التام للقواعد.&nbsp;","نقدم خدمات إلغاء التسجيل في ضريبة القيمة المضافة في المملكة العربية السعودية لضمان إغلاق حسابك بشكل صحيح وفقًا للوائح هيئة الزكاة والضريبة والجمارك.عندما يتوقف العمل عن الوفاء بمتطلبات ضريبة القيمة المضافة، يصبح إلغاء التسجيل ضروريًا.","الشركات والمنشآت التي تحتاج خدمات محاسبية وضريبية وامتثال مالي.","تُحدد وفق نطاق العمل والبيانات المتاحة وجدول التنفيذ.",العربية,"عبر القنوات الرقمية والتواصل المباشر مع فريق متعدد.","تحدد التكلفة وفق نطاق الخدمة والمتطلبات.","التحويل البنكي وفق بيانات حساب الشركة.","خدمات محاسبية","الشركات والمنشآت التي تحتاج خدمات محاسبية وضريبية وامتثال مالي.","المحاسبة | الضرائب",No,No,No,No,No,No,No,No,No,No,No,"خدمات إلغاء التسجيل في ضريبة القيمة المضافة في المملكة العربية...","خدمات إلغاء التسجيل في ضريبة القيمة المضافة في المملكة العربية السعودية: نساعدك على ضبط الالتزامات المالية والضريبية ورفع جودة التقارير المحاسبية. خدمة...","خدمات إلغاء التسجيل في ضريبة القيمة المضافة في المملكة العربية السعودية: نساعدك على ضبط الالتزامات المالية...","خدمات إلغاء التسجيل في ضريبة القيمة المضافة في المملكة العربية السعودية، خدمات محاسبية، امتثال ضريبي، خدمات معتد، السوق السعودي",handcrafted
444,ar,"خدمات ضريبة الاستقطاع","تقدم متعدد خدمات ضريبة الاستقطاع في المملكة العربية السعودية بسهولة ودقة، مما يضمن الامتثال الكامل للوائح هيئة الزكاة والضريبة والجمارك (ZATCA).إدارة ضريبة الاستقطاع قد تكون معقدة، خاصة مع مقدمي الخدمات غير المقيمين. نحن نقدم دعمًا شاملاً في حساب الضريبة، تقديم الإقرارات، وضمان التوثيق الصحيح، مما يساعد عملك على العمل بثقة.&nbsp;","تقدم متعدد خدمات ضريبة الاستقطاع في المملكة العربية السعودية بسهولة ودقة، مما يضمن الامتثال الكامل للوائح هيئة الزكاة والضريبة والجمارك (ZATCA).إدارة ضريبة الاستقطاع قد تكون معقدة، خاصة مع مقدمي الخدمات غير المقيمين.","الشركات والمنشآت التي تحتاج خدمات محاسبية وضريبية وامتثال مالي.","تُحدد وفق نطاق العمل والبيانات المتاحة وجدول التنفيذ.",العربية,"عبر المنصات الحكومية والقنوات الرقمية الرسمية.","تحدد التكلفة وفق نطاق الخدمة والمتطلبات.","التحويل البنكي وفق بيانات حساب الشركة.","خدمات محاسبية","الشركات والمنشآت التي تحتاج خدمات محاسبية وضريبية وامتثال مالي.","المحاسبة | الضرائب",No,No,No,No,No,No,No,No,No,No,No,"خدمات ضريبة الاستقطاع | معتد","خدمات ضريبة الاستقطاع: نساعدك على ضبط الالتزامات المالية والضريبية ورفع جودة التقارير المحاسبية. تنفيذ منظم من فريق متخصص لضمان دقة البيانات وسلاسة اعتماد...","خدمات ضريبة الاستقطاع: نساعدك على ضبط الالتزامات المالية والضريبية ورفع جودة التقارير المحاسبية.","خدمات ضريبة الاستقطاع، خدمات محاسبية، امتثال ضريبي، خدمات معتد، السوق السعودي",handcrafted
445,ar,"إصدار أو تجديد رخصة العمل ","تُعد خدمة إصدار أو تجديد رخصة العمل متطلباً إلزامياً لـ إدارة الموظفين الوافدين في المنشأة. نضمن سداد المقابل المالي لـ وزارة الموارد البشرية والحصول على رخصة العمل عبر منصة قوى، لضمان استمرارية الامتثال لـ نظام العمل السعودي بعد تأسيس الشركات.نقدم خدمة سريعة لـ إصدار أو تجديد رخصة العمل، وهو أمر حيوي لتمكين المنشأة من إدارة الموظفين واستكمال متطلبات الجوازات لـ إصدار الإقامة. تتضمن الخدمة متابعة سداد المقابل المالي لـ وزارة الموارد البشرية والتأكد من سريان السجل التجاري، مع ضمان التوافق مع نظام العمل السعودي. نسعى لتبسيط الإجراءات عبر منصة قوى لتجنب أي تأخير يؤثر على عمليات تأسيس الشركات.","تُعد خدمة إصدار أو تجديد رخصة العمل متطلباً إلزامياً لـ إدارة الموظفين الوافدين في المنشأة.","الشركات والمنشآت التي تدير موظفين وتحتاج خدمات موارد بشرية وتشغيل.","تنفيذ سريع (عادة خلال يوم عمل إلى عدة أيام حسب المتطلبات).",العربية,"منصة قوى، لضمان استمرارية الامتثال لـ | منصة قوى لتجنب أي تأخير يؤثر على عمليا","٣٠٠ ريال سعودي","التحويل على بيانات حساب الشركة:
التكلفة تشمل الرسوم الحكومية:","خدمات العلاقات الحكومية","الشركات والمنشآت التي تدير موظفين وتحتاج خدمات موارد بشرية وتشغيل.","الخدمات الحكومية",No,No,No,No,No,No,No,No,No,No,No,"إصدار أو تجديد رخصة العمل | معتد","إصدار أو تجديد رخصة العمل: ننفّذ متطلبات الموارد البشرية والمنصات الحكومية لضمان استمرارية الامتثال دون غرامات. نقدم خدمة متخصصة تضمن الامتثال الكامل للأنظمة...","إصدار أو تجديد رخصة العمل: ننفّذ متطلبات الموارد البشرية والمنصات الحكومية لضمان استمرارية الامتثال دون...","إصدار أو تجديد رخصة العمل، تأسيس الأعمال في السعودية، خدمات الشركات، خدمات معتد، السوق السعودي",handcrafted
447,ar,"تعديل العنوان الوطني ","تُعد خدمة تعديل العنوان الوطني ضرورية عند تغيير موقع المنشأة أو بيانات السجل التجاري. نضمن تسجيل العنوان الجديد عبر منصة سبل ومطابقته لمتطلبات الجهات الحكومية، مما يحافظ على استمرارية الخدمات الحكومية وتجنب إيقافها بسبب عدم دقة العنوان الوطني.نقدم خدمة تعديل العنوان الوطني للشركات و المؤسسات، بما في ذلك تغيير بيانات المدير العام أو المستثمر الشخصية. هذا التعديل مطلوب لضمان تحديث جميع بيانات الجهات الحكومية مثل الزكاة والدخل و التأمينات الاجتماعية. نضمن تسجيل العنوان الجديد بدقة عبر منصة سبل وربطه بـ السجل التجاري، مما يسهل استلام المراسلات الرسمية والامتثال لجميع الخدمات الحكومية بشكل سلس.","تُعد خدمة تعديل العنوان الوطني ضرورية عند تغيير موقع المنشأة أو بيانات السجل التجاري.","الشركات والجهات المستفيدة من خدمة خدمات العلاقات الحكومية في المملكة العربية السعودية.","تعتمد مدة الخدمة على استكمال المتطلبات وإجراءات الجهات المعنية.",العربية,"منصة سبل ومطابقته لمتطلبات الجهات الحكومية، مما يحافظ على استمرار | منصة سبل وربطه بـ السجل التجاري، مما يسهل استلام المراسلات الرسمي","٣٠٠ ريال سعودي","التحويل على بيانات حساب الشركة:
التكلفة تشمل الرسوم الحكومية:","خدمات العلاقات الحكومية","الشركات والجهات المستفيدة من خدمة خدمات العلاقات الحكومية في المملكة العربية السعودية.","الخدمات الحكومية",No,No,No,No,No,No,No,No,No,No,No,"تعديل العنوان الوطني | معتد","تعديل العنوان الوطني: نقدم دعمًا تشغيليًا وقانونيًا متكاملاً لمواءمة الخدمة مع أهداف منشأتك. حل عملي للشركات التي تبحث عن إنجاز سريع مع متابعة تنظيمية...","تعديل العنوان الوطني: نقدم دعمًا تشغيليًا وقانونيًا متكاملاً لمواءمة الخدمة مع أهداف منشأتك.","تعديل العنوان الوطني، تأسيس الأعمال في السعودية، خدمات الشركات، خدمات معتد، السوق السعودي",handcrafted
448,ar,"ضريبة الشركات","تقدم متعدد خدمات تخطيط ضريبي لشركات الاستثمار الأجنبي في المملكة العربية السعودية، مما يساعدها على الوثوق في الامتثال لوائح ضريبة الشركات وزيادة العوائد.فهم ضريبة الشركات في المملكة أمر حيوي لدخول السوق. تطبق المملكة معدل ضريبة بنسبة 20% على المستثمرين الأجانب والشركات ذات الملكية المختلطة، مما يعزز من بيئة الاستثمار.&nbsp;","تقدم متعدد خدمات تخطيط ضريبي لشركات الاستثمار الأجنبي في المملكة العربية السعودية، مما يساعدها على الوثوق في الامتثال لوائح ضريبة الشركات وزيادة العوائد.فهم ضريبة الشركات في المملكة أمر حيوي لدخول السوق.","شركات الاستثمار الأجنبي في المملكة العربية السعودية، مما يساعدها على الوثوق في الامتثال لوائح ضريبة الشركات وزيادة العوائد","تُحدد وفق نطاق العمل والبيانات المتاحة وجدول التنفيذ.",العربية,"عبر القنوات الرقمية والتواصل المباشر مع فريق متعدد.","تحدد التكلفة وفق نطاق الخدمة والمتطلبات.","التحويل البنكي وفق بيانات حساب الشركة.","خدمات محاسبية","شركات الاستثمار الأجنبي في المملكة العربية السعودية، مما يساعدها على الوثوق في الامتثال لوائح ضريبة الشركات وزيادة العوائد","المحاسبة | الضرائب",No,No,No,No,No,No,No,No,No,No,No,"ضريبة الشركات | معتد","ضريبة الشركات: نساعدك على ضبط الالتزامات المالية والضريبية ورفع جودة التقارير المحاسبية. خدمة احترافية تركّز على تقليل المخاطر الإجرائية ورفع جاهزية المنشأة...","ضريبة الشركات: نساعدك على ضبط الالتزامات المالية والضريبية ورفع جودة التقارير المحاسبية.","ضريبة الشركات، خدمات محاسبية، امتثال ضريبي، خدمات معتد، السوق السعودي",handcrafted
449,ar,الزكاة,"توفر متعدد خدمات متكاملة لإدارة الزكاة للشركات المملوكة لمسلمين في المملكة العربية السعودية، مع التركيز على تقديم إقرارات دقيقة ومتوافقة.تعتبر الزكاة متطلبًا أساسيًا، لذا فإن ضمان تقديم إقرارات دقيقة أمر حيوي. نحن نبسط العملية لتكون خالية من التوتر، بدءًا من فهم التزاماتك وصولًا إلى إتمام تقديمك السنوي.&nbsp;","توفر متعدد خدمات متكاملة لإدارة الزكاة للشركات المملوكة لمسلمين في المملكة العربية السعودية، مع التركيز على تقديم إقرارات دقيقة ومتوافقة.تعتبر الزكاة متطلبًا أساسيًا، لذا فإن ضمان تقديم إقرارات دقيقة أمر حيوي.","الشركات والمنشآت التي تحتاج خدمات محاسبية وضريبية وامتثال مالي.","تعتمد مدة الخدمة على استكمال المتطلبات وإجراءات الجهات المعنية.",العربية,"عبر القنوات الرقمية والتواصل المباشر مع فريق متعدد.","تحدد التكلفة وفق نطاق الخدمة والمتطلبات.","التحويل البنكي وفق بيانات حساب الشركة.","خدمات محاسبية","الشركات والمنشآت التي تحتاج خدمات محاسبية وضريبية وامتثال مالي.","المحاسبة | الضرائب",No,No,No,No,No,No,No,No,No,No,No,"الزكاة | معتد","الزكاة: نساعدك على ضبط الالتزامات المالية والضريبية ورفع جودة التقارير المحاسبية. تنفيذ منظم من فريق متخصص لضمان دقة البيانات وسلاسة اعتماد الطلبات. مع...","الزكاة: نساعدك على ضبط الالتزامات المالية والضريبية ورفع جودة التقارير المحاسبية.","الزكاة، خدمات محاسبية، امتثال ضريبي، خدمات معتد، السوق السعودي",handcrafted
450,ar,"التدقيق الخارجي ","تدعم خدمات التدقيق الخارجي في المملكة العربية السعودية الشركات في الحفاظ على تقارير مالية دقيقة، وتعزيز الثقة، وتلبية المتطلبات التنظيمية بأسلوب مستقل وموثوق.&nbsp;التدقيق الخارجي (External Audit) يعد عنصرًا أساسيًا لاستمرار الأعمال في السعودية. خدماتنا تحقق الامتثال وتحسن من دقة التقارير المالية. نضمن تقديم تقييمات شاملة للمخاطر، وتواصل واضح، وتقارير دقيقة. تم تصميم خدماتنا لتلبية احتياجاتك الخاصة.&nbsp;","تدعم خدمات التدقيق الخارجي في المملكة العربية السعودية الشركات في الحفاظ على تقارير مالية دقيقة، وتعزيز الثقة، وتلبية المتطلبات التنظيمية بأسلوب مستقل وموثوق. التدقيق الخارجي (External Audit) يعد عنصرًا أساسيًا لاستمرار الأعمال في السعودية.","الشركات والمنشآت التي تحتاج خدمات محاسبية وضريبية وامتثال مالي.","تُحدد وفق نطاق العمل والبيانات المتاحة وجدول التنفيذ.",العربية,"عبر القنوات الرقمية والتواصل المباشر مع فريق متعدد.","تحدد التكلفة وفق نطاق الخدمة والمتطلبات.","التحويل البنكي وفق بيانات حساب الشركة.","خدمات محاسبية","الشركات والمنشآت التي تحتاج خدمات محاسبية وضريبية وامتثال مالي.","المحاسبة | الضرائب",No,No,No,No,No,No,No,No,No,No,No,"التدقيق الخارجي | معتد","التدقيق الخارجي: نقدم دعمًا تشغيليًا وقانونيًا متكاملاً لمواءمة الخدمة مع أهداف منشأتك. نقدم خدمة متخصصة تضمن الامتثال الكامل للأنظمة وتسريع الإجراءات. مع...","التدقيق الخارجي: نقدم دعمًا تشغيليًا وقانونيًا متكاملاً لمواءمة الخدمة مع أهداف منشأتك.","التدقيق الخارجي، تأسيس الأعمال في السعودية، خدمات الشركات، خدمات معتد، السوق السعودي",handcrafted
451,ar,"التدقيق الداخلي","يعتبر التدقيق الداخلي (Internal Audit) من العناصر الأساسية لتعزيز الحوكمة وتحسين الشفافية في الشركات السعودية. يقدم خدمات متكاملة تعزز الكفاءة وتقليل المخاطر.&nbsp;يساعد التدقيق الداخلي الشركات في المملكة العربية السعودية على تنفيذ ضوابط أفضل وتحسين العمليات من خلال تقييم المخاطر والمراجعة الداخلية. توفر خدماتنا الهيكل اللازم لتحسين الأداء وضمان الامتثال للمعايير المحلية والدولية. نعمل على بناء بيئة عمل تسهم في اتخاذ قرارات مستنيرة.&nbsp;","يعتبر التدقيق الداخلي (Internal Audit) من العناصر الأساسية لتعزيز الحوكمة وتحسين الشفافية في الشركات السعودية. يقدم خدمات متكاملة تعزز الكفاءة وتقليل المخاطر.","الشركات والمنشآت التي تحتاج خدمات محاسبية وضريبية وامتثال مالي.","تُحدد وفق نطاق العمل والبيانات المتاحة وجدول التنفيذ.",العربية,"عبر القنوات الرقمية والتواصل المباشر مع فريق متعدد.","تحدد التكلفة وفق نطاق الخدمة والمتطلبات.","التحويل البنكي وفق بيانات حساب الشركة.","خدمات محاسبية","الشركات والمنشآت التي تحتاج خدمات محاسبية وضريبية وامتثال مالي.","المحاسبة | الضرائب",No,No,No,No,No,No,No,No,No,No,No,"التدقيق الداخلي | معتد","التدقيق الداخلي: نقدم دعمًا تشغيليًا وقانونيًا متكاملاً لمواءمة الخدمة مع أهداف منشأتك. نوفّر تنفيذًا دقيقًا بخطوات واضحة لتقليل الوقت التشغيلي وتجنب التعثر...","التدقيق الداخلي: نقدم دعمًا تشغيليًا وقانونيًا متكاملاً لمواءمة الخدمة مع أهداف منشأتك.","التدقيق الداخلي، تأسيس الأعمال في السعودية، خدمات الشركات، خدمات معتد، السوق السعودي",handcrafted
452,ar,"تدقيق المخزون / الجرد ","تعتبر سجلات المخزون الدقيقة ضرورة حيوية في بيئة الأعمال السعودية المعقدة. تقدم خدمات تدقيق المخزون من متعدد تقارير موثوقة وتساعد في تقليل الخسائر وتحسين الكفاءة.في السياق السريع والمتغير للأعمال في المملكة العربية السعودية، تعد خدمات تدقيق المخزون أمرًا حيويًا. تساعد متعدد الشركات على ضمان دقة السجلات المخزونية، مما يسهم في إعداد تقارير مالية موثوقة. نحن نعمل على كشف التناقضات وتقليل الفاقد، مما يعزز من أداء سلسلة التوريد ويدعم الامتثال لمتطلبات التدقيق.&nbsp;","تعتبر سجلات المخزون الدقيقة ضرورة حيوية في بيئة الأعمال السعودية المعقدة. تقدم خدمات تدقيق المخزون من متعدد تقارير موثوقة وتساعد في تقليل الخسائر وتحسين الكفاءة.في السياق السريع والمتغير للأعمال في المملكة العربية السعودية، تعد خدمات تدقيق المخزون أمرًا حيويًا.","الشركات والجهات المستفيدة من خدمة خدمات محاسبية في المملكة العربية السعودية.","تنفيذ سريع (عادة خلال يوم عمل إلى عدة أيام حسب المتطلبات).",العربية,"عبر القنوات الرقمية والتواصل المباشر مع فريق متعدد.","تحدد التكلفة وفق نطاق الخدمة والمتطلبات.","التحويل البنكي وفق بيانات حساب الشركة.","خدمات محاسبية","الشركات والجهات المستفيدة من خدمة خدمات محاسبية في المملكة العربية السعودية.","المحاسبة | الضرائب",No,No,No,No,No,No,No,No,No,No,No,"تدقيق المخزون / الجرد | معتد","تدقيق المخزون / الجرد: نقدم دعمًا تشغيليًا وقانونيًا متكاملاً لمواءمة الخدمة مع أهداف منشأتك. حل عملي للشركات التي تبحث عن إنجاز سريع مع متابعة تنظيمية...","تدقيق المخزون / الجرد: نقدم دعمًا تشغيليًا وقانونيًا متكاملاً لمواءمة الخدمة مع أهداف منشأتك.","تدقيق المخزون / الجرد، تأسيس الأعمال في السعودية، خدمات الشركات، خدمات معتد، السوق السعودي",handcrafted
455,ar,"تعديل عقد التأسيس للشركة وتعديل نوع الشركة ","نقدم خدمات شاملة لـ تعديل عقد التأسيس للشركة، بما في ذلك تعديل نوع الشركة أو تعديل نوع المنشأة بشكل قانوني. نضمن الامتثال لمتطلبات وزارة التجارة والتأثير الإيجابي على السجل التجاري، لتمكين الشركة من النمو والتكيف مع تأسيس الشركات المتغير.تتيح خدمتنا لـ الشركات و المؤسسات إمكانية تعديل عقد التأسيس للشركة بسهولة، سواء كان الهدف هو تعديل نوع الشركة (كالانتقال من ذات مسؤولية محدودة إلى مساهمة مقفلة) أو تعديل نوع المنشأة. نضمن مطابقة التعديلات لمتطلبات وزارة التجارة، وتحديث السجل التجاري، وإتمام جميع الإجراءات اللازمة لضمان سريان تأسيس الشركات الجديد والتوافق مع نظام الشركات الجديد.","نقدم خدمات شاملة لـ تعديل عقد التأسيس للشركة، بما في ذلك تعديل نوع الشركة أو تعديل نوع المنشأة بشكل قانوني.","الشركات والجهات المستفيدة من خدمة خدمات العلاقات الحكومية في المملكة العربية السعودية.","تعتمد مدة الخدمة على استكمال المتطلبات وإجراءات الجهات المعنية.",العربية,"عبر القنوات الرقمية والتواصل المباشر مع فريق متعدد.","٤٣٠٠ ريال سعودي","التحويل على بيانات حساب الشركة:
التكلفة تشمل الرسوم الحكومية:
رسوم تعديل عقد التأسيس من المركز السعودي للأعمال ١٨٠٠ ريال","خدمات العلاقات الحكومية","الشركات والجهات المستفيدة من خدمة خدمات العلاقات الحكومية في المملكة العربية السعودية.","الخدمات الحكومية",No,No,No,No,No,No,No,No,No,No,No,"تعديل عقد التأسيس للشركة وتعديل نوع الشركة | معتد","تعديل عقد التأسيس للشركة وتعديل نوع الشركة: نقودك خلال خطوات التأسيس الرسمية من التسجيل إلى الجاهزية القانونية للتشغيل. نقدم خدمة متخصصة تضمن الامتثال الكامل...","تعديل عقد التأسيس للشركة وتعديل نوع الشركة: نقودك خلال خطوات التأسيس الرسمية من التسجيل إلى الجاهزية...","تعديل عقد التأسيس للشركة وتعديل نوع الشركة، تأسيس الأعمال في السعودية، خدمات الشركات، خدمات معتد، السوق السعودي",handcrafted
457,ar,"تقسيط مديونية منشأة للتأمينات الاجتماعية ","نقدم خدمة تقسيط مديونية منشأة للتأمينات الاجتماعية لمساعدة الشركات في تأسيس الشركات على تسوية التزاماتها المالية. نضمن إعداد طلب التقسيط ومتابعته لدى التأمينات الاجتماعية، لتجنب إيقاف الخدمات الحكومية والاستمرار في إدارة الموظفين بشكل قانوني.تتيح خدمتنا لـ الشركات و المؤسسات التي تعاني من مديونية في التأمينات الاجتماعية فرصة تقسيط مديونية منشأة للتأمينات الاجتماعية وفقاً لشروط المؤسسة. نقوم بتحضير المستندات المطلوبة وتقديم الطلب، مما يضمن عدم إيقاف الخدمات الحكومية المتعلقة بـ رخصة العمل أو إصدار الإقامة، والحفاظ على قدرة المنشأة على إدارة الموظفين بكفاءة وامتثال بعد تأسيس الشركات.","نقدم خدمة تقسيط مديونية منشأة للتأمينات الاجتماعية لمساعدة الشركات في تأسيس الشركات على تسوية التزاماتها المالية.","الشركات والجهات المستفيدة من خدمة خدمات العلاقات الحكومية في المملكة العربية السعودية.","تعتمد مدة الخدمة على استكمال المتطلبات وإجراءات الجهات المعنية.",العربية,"عبر القنوات الرقمية والتواصل المباشر مع فريق متعدد.","٣٥٠٠ ريال سعودي","التحويل على بيانات حساب الشركة:
التكلفة لا تشمل الرسوم الحكومية:","خدمات العلاقات الحكومية","الشركات والجهات المستفيدة من خدمة خدمات العلاقات الحكومية في المملكة العربية السعودية.","الخدمات الحكومية",No,No,No,No,No,No,No,No,No,No,No,"تقسيط مديونية منشأة للتأمينات الاجتماعية | معتد","تقسيط مديونية منشأة للتأمينات الاجتماعية: نقدم دعمًا تشغيليًا وقانونيًا متكاملاً لمواءمة الخدمة مع أهداف منشأتك. حل عملي للشركات التي تبحث عن إنجاز سريع مع...","تقسيط مديونية منشأة للتأمينات الاجتماعية: نقدم دعمًا تشغيليًا وقانونيًا متكاملاً لمواءمة الخدمة مع أهداف...","تقسيط مديونية منشأة للتأمينات الاجتماعية، تأسيس الأعمال في السعودية، خدمات الشركات، خدمات معتد، السوق السعودي",handcrafted
459,ar,"إصدار شهادة توطين","تقدم شركة متعدد المحدودة خدمة إصدار شهادة توطين المعتمدة، لتمكين المنشآت من إثبات التزامها بـ نسب التوطين المطلوبة. نساعدك في تحقيق معايير برنامج نطاقات للدخول في المنافسات الحكومية والحصول على الحوافز.تضمن شركة متعدد المحدودة لعملائها الحصول على شهادة توطين من خلال منصة قوى التابعة لوزارة الموارد البشرية. نقوم بتحليل بيانات المنشأة في التأمينات الاجتماعية، والتأكد من تحقيق نسب التوطين المستهدفة حسب نوع النشاط وحجم المنشأة. يعد الحصول على الشهادة خطوة جوهرية للاستفادة من الإعفاءات الجمركية، والتقديم على العقود الحكومية، وضمان استمرارية الخدمات العمالية وتأشيرات العمل، مع تقديم استشارات احترافية لرفع تصنيف المنشأة في نطاقات.","تقدم شركة متعدد المحدودة خدمة إصدار شهادة توطين المعتمدة، لتمكين المنشآت من إثبات التزامها بـ نسب التوطين المطلوبة.","الشركات والمؤسسات المسجلة في منصة قوى","تعتمد مدة الخدمة على استكمال المتطلبات وإجراءات الجهات المعنية.",العربية,"عبر منصة متعدد الالكترونية","٣٠٠ ريال سعودي","التحويل على بيانات حساب الشركة:
التكلفة لا تشمل الرسوم الحكومية:","خدمات العلاقات الحكومية","الشركات والمؤسسات المسجلة في منصة قوى","الخدمات الحكومية",No,No,No,No,No,No,No,No,No,No,No,"إصدار شهادة توطين | معتد","إصدار شهادة توطين: ننفّذ متطلبات الموارد البشرية والمنصات الحكومية لضمان استمرارية الامتثال دون غرامات. تنفيذ منظم من فريق متخصص لضمان دقة البيانات وسلاسة...","إصدار شهادة توطين: ننفّذ متطلبات الموارد البشرية والمنصات الحكومية لضمان استمرارية الامتثال دون غرامات.","إصدار شهادة توطين، خدمات الموارد البشرية، المنصات الحكومية، خدمات معتد، السوق السعودي",handcrafted
461,ar,"إصدار شهادة التأمينات الاجتماعية (GOSI)","تقدم شركة متعدد المحدودة خدمة إصدار شهادة التأمينات الاجتماعية (GOSI) المعتمدة، لضمان امتثال المنشأة تجاه حقوق موظفيها. نساعدك في إثبات سجل سداد الاشتراكات وتصفية المستحقات للدخول في المنافسات الحكومية وتجديد التراخيص.يتولى خبراء شركة متعدد المحدودة&nbsp; إدارة ملف المنشأة لدى المؤسسة العامة للتأمينات الاجتماعية، حيث نضمن إصدار شهادة قوسي التي تثبت تسجيل الموظفين السعوديين والوافدين وانتظام سداد الاشتراكات الشهرية. دورنا يتضمن مراجعة بيانات المشتركين، وإضافة أو استبعاد الموظفين، وحل مشكلات الأخطاء الفنية في حساب المنشأة. تعد هذه الشهادة متطلباً إلزامياً لإنهاء إجراءات الاستقدام، وصرف المستحقات المالية من الجهات الحكومية، وضمان التوافق مع متطلبات شهادة الالتزام في منصة قوى.","تقدم شركة متعدد المحدودة خدمة إصدار شهادة التأمينات الاجتماعية (GOSI) المعتمدة، لضمان امتثال المنشأة تجاه حقوق موظفيها.","الشركات والجهات المستفيدة من خدمة خدمات العلاقات الحكومية في المملكة العربية السعودية.","تعتمد مدة الخدمة على استكمال المتطلبات وإجراءات الجهات المعنية.",العربية,"عبر المنصات الحكومية والقنوات الرقمية الرسمية.","٣٠٠ ريال سعودي","التحويل على بيانات حساب الشركة:
التكلفة لا تشمل الرسوم الحكومية:","خدمات العلاقات الحكومية","الشركات والجهات المستفيدة من خدمة خدمات العلاقات الحكومية في المملكة العربية السعودية.","الخدمات الحكومية",No,No,No,No,No,No,No,No,No,No,No,"إصدار شهادة التأمينات الاجتماعية (GOSI) | معتد","إصدار شهادة التأمينات الاجتماعية (GOSI): نقدم دعمًا تشغيليًا وقانونيًا متكاملاً لمواءمة الخدمة مع أهداف منشأتك. نوفّر تنفيذًا دقيقًا بخطوات واضحة لتقليل...","إصدار شهادة التأمينات الاجتماعية (GOSI): نقدم دعمًا تشغيليًا وقانونيًا متكاملاً لمواءمة الخدمة مع أهداف...","إصدار شهادة التأمينات الاجتماعية (GOSI)، تأسيس الأعمال في السعودية، خدمات الشركات، خدمات معتد، السوق السعودي",handcrafted
471,ar,"التسجيل الإلكتروني للمستورد/ المصدر ","نساعدك في إجراء التسجيل الإلكتروني للمستورد/المصدر لفتح آفاق التجارة الدولية لمنشأتك. تتضمن الخدمة إدراج كود الاستيراد والتصدير في السجل التجاري وربطه بالمنصة الجمركية الموحدة. يضمن هذا الإجراء لـ المستثمر سرعة فسح الشحنات، ويمكّن المدير العام من إدارة عمليات الشركات العابرة للحدود بكفاءة. نحن نشرف على مواءمة النشاط مع الخدمات الحكومية وتحديث ملفات إدارة الموظفين واللوائح الفنية لضمان استمرارية نمو تأسيس الشركات في الأسواق العالمية.","نساعدك في إجراء التسجيل الإلكتروني للمستورد/المصدر لفتح آفاق التجارة الدولية لمنشأتك. تتضمن الخدمة إدراج كود الاستيراد والتصدير في السجل التجاري وربطه بالمنصة الجمركية الموحدة.","أصحاب الشركات والمؤسسات الراغبين في ممارسة أنشطة التجارة الخارجية عبر التسجيل الإلكتروني للمستورد/المصدر وتوثيق هويتهم التجارية لدى الجمارك والسجل التجاري.","تعتمد مدة الخدمة على استكمال المتطلبات وإجراءات الجهات المعنية.",العربية,"تتم الخدمة رقمياً عبر بوابة المركز السعودي للأعمال ومنصة ""فسح""، لضمان تكامل بيانات تأسيس الشركات مع كافة جهات الخدمات الحكومية ذات العلاقة.","تحدد التكلفة وفق نطاق الخدمة والمتطلبات.","التحويل البنكي وفق بيانات حساب الشركة.","خدمات العلاقات الحكومية","أصحاب الشركات والمؤسسات الراغبين في ممارسة أنشطة التجارة الخارجية عبر التسجيل الإلكتروني للمستورد/المصدر وتوثيق هويتهم التجارية لدى الجمارك والسجل التجاري.","الخدمات الحكومية",No,No,No,No,No,No,No,No,No,No,No,"التسجيل الإلكتروني للمستورد/ المصدر | معتد","التسجيل الإلكتروني للمستورد/ المصدر: نقدم دعمًا تشغيليًا وقانونيًا متكاملاً لمواءمة الخدمة مع أهداف منشأتك. نوفّر تنفيذًا دقيقًا بخطوات واضحة لتقليل الوقت...","التسجيل الإلكتروني للمستورد/ المصدر: نقدم دعمًا تشغيليًا وقانونيًا متكاملاً لمواءمة الخدمة مع أهداف منشأتك.","التسجيل الإلكتروني للمستورد/ المصدر، تأسيس الأعمال في السعودية، خدمات الشركات، خدمات معتد، السوق السعودي",handcrafted
477,ar,"إصدار وتجديد الإقامة عبر منصة مقيم","تتيح خدمة إصدار وتجديد الإقامة عبر منصة مقيم للمنشآت تنظيم الوضع القانوني للعمالة الوافدة. نضمن تحديث البيانات وربطها بـ السجل التجاري والجوازات لتسهيل عمليات تأسيس الشركات والنمو.نساعدك في إجراءات إصدار وتجديد الإقامة لضمان استمرارية عمل موظفيك دون مخالفات نظامية. تشمل الخدمة التحقق من سداد الرسوم الحكومية، وتوفر التأمين الصحي، ونتائج الفحص الطبي. يضمن هذا الإجراء لـ المستثمر بقاء ملفات إدارة الموظفين نشطة في الخدمات الحكومية، ويمكّن المدير العام من تفادي غرامات التأخير التي قد تؤثر على السجل التجاري. نحن نشرف على كافة الخطوات الرقمية لتعزيز كفاءة الشركات ودعم استقرار الكادر الوظيفي.","تتيح خدمة إصدار وتجديد الإقامة عبر منصة مقيم للمنشآت تنظيم الوضع القانوني للعمالة الوافدة. نضمن تحديث البيانات وربطها بـ السجل التجاري والجوازات لتسهيل عمليات تأسيس الشركات والنمو.نساعدك في إجراءات إصدار وتجديد الإقامة لضمان استمرارية عمل موظفيك دون مخالفات نظامية.","الفئة المستهدفة أصحاب الشركات والمؤسسات الراغبين في إجراء إصدار وتجديد الإقامة لعمالتهم الوافدة لضمان الامتثال لأنظمة الجوازات وربطها ببيانات السجل التجاري.","تعتمد مدة الخدمة على استكمال المتطلبات وإجراءات الجهات المعنية.","اللغة المقدمة	تتوفر واجهة خدمة إصدار وتجديد الإقامة باللغتين العربية والإنجليزية، لتسهيل متابعة التواريخ والمدد من قبل المستثمر والمدير العام في قطاع الأعمال.","قنوات تقديم الخدمة تتم الخدمة إلكترونياً عبر بوابة ""مقيم""، حيث يتم التكامل مع نظام ""أبشر أعمال"" ووزارة الداخلية لتقديم الخدمات الحكومية بشكل فوري وتحديث ملفات الشركات.","تحدد التكلفة وفق نطاق الخدمة والمتطلبات.","التحويل البنكي وفق بيانات حساب الشركة.","خدمات العلاقات الحكومية","أصحاب الشركات | المستوردون والمصدرون | فرق الموارد البشرية وإدارة القوى العاملة | فرق الامتثال والشؤون القانونية | فرق العلاقات الحكومية","الخدمات الحكومية",No,No,No,No,No,No,No,No,No,No,No,"إصدار وتجديد الإقامة عبر منصة مقيم | معتد","إصدار وتجديد الإقامة عبر منصة مقيم: ننفّذ متطلبات الموارد البشرية والمنصات الحكومية لضمان استمرارية الامتثال دون غرامات. حل عملي للشركات التي تبحث عن إنجاز...","إصدار وتجديد الإقامة عبر منصة مقيم: ننفّذ متطلبات الموارد البشرية والمنصات الحكومية لضمان استمرارية الامتثال...","إصدار وتجديد الإقامة عبر منصة مقيم، خدمات الموارد البشرية، المنصات الحكومية، خدمات معتد، السوق السعودي",handcrafted
478,ar,"التسجيل الإلكتروني للمستورد/المصدر ","نساعدك في إجراء التسجيل الإلكتروني للمستورد/المصدر لفتح آفاق التجارة الدولية لمنشأتك. تتضمن الخدمة إدراج كود الاستيراد والتصدير في السجل التجاري وربطه بالمنصة الجمركية الموحدة. يضمن هذا الإجراء لـ المستثمر سرعة فسح الشحنات، ويمكّن المدير العام من إدارة عمليات الشركات العابرة للحدود بكفاءة. نحن نشرف على مواءمة النشاط مع الخدمات الحكومية وتحديث ملفات إدارة الموظفين واللوائح الفنية لضمان استمرارية نمو تأسيس الشركات في الأسواق العالمية.","نساعدك في إجراء التسجيل الإلكتروني للمستورد/المصدر لفتح آفاق التجارة الدولية لمنشأتك. تتضمن الخدمة إدراج كود الاستيراد والتصدير في السجل التجاري وربطه بالمنصة الجمركية الموحدة.","أصحاب الشركات والمؤسسات الراغبين في ممارسة أنشطة التجارة الخارجية عبر التسجيل الإلكتروني للمستورد/المصدر وتوثيق هويتهم التجارية لدى الجمارك والسجل التجاري.","تعتمد مدة الخدمة على استكمال المتطلبات وإجراءات الجهات المعنية.","تتوفر واجهة التسجيل الإلكتروني للمستورد/المصدر باللغتين العربية والإنجليزية، لتسهيل مهمة المستثمر والشركاء الدوليين والمدير العام في إدارة التبادل التجاري.","تتم الخدمة رقمياً عبر بوابة المركز السعودي للأعمال ومنصة ""فسح""، لضمان تكامل بيانات تأسيس الشركات مع كافة جهات الخدمات الحكومية ذات العلاقة.","تحدد التكلفة وفق نطاق الخدمة والمتطلبات.","التحويل البنكي وفق بيانات حساب الشركة.","خدمات العلاقات الحكومية","أصحاب الشركات | المستوردون والمصدرون","الخدمات الحكومية",No,No,No,No,No,No,No,No,No,No,No,"التسجيل الإلكتروني للمستورد/المصدر | معتد","التسجيل الإلكتروني للمستورد/المصدر: نقدم دعمًا تشغيليًا وقانونيًا متكاملاً لمواءمة الخدمة مع أهداف منشأتك. خدمة احترافية تركّز على تقليل المخاطر الإجرائية...","التسجيل الإلكتروني للمستورد/المصدر: نقدم دعمًا تشغيليًا وقانونيًا متكاملاً لمواءمة الخدمة مع أهداف منشأتك.","التسجيل الإلكتروني للمستورد/المصدر، تأسيس الأعمال في السعودية، خدمات الشركات، خدمات معتد، السوق السعودي",handcrafted
479,ar,"تأشيرة خروج وعودة / خروج نهائي ","تتيح خدمة إصدار تأشيرة خروج وعودة / خروج نهائي تنظيم حركة الموظفين المسافرين أو المغادرين بشكل دائم. نضمن ربط الطلبات ببيانات السجل التجاري والخدمات الحكومية لحماية حقوق الشركات.نسهل لك إصدار تأشيرة خروج وعودة / خروج نهائي لموظفيك لضمان انسيابية العمل والامتثال لأنظمة الإقامة. تشمل الخدمة تحديد مدة العودة أو إنهاء العلاقة التعاقدية بشكل نهائي في نظام الجوازات. يساهم هذا الإجراء في حماية مصالح المستثمر وتنظيم ملفات إدارة الموظفين وتحديث حالة العامل في السجل التجاري. نحن نضمن تنفيذ الطلبات بدقة عبر مقيم لتمكين المدير العام من إدارة الموارد البشرية في الشركات بفاعلية وكفاءة.","تتيح خدمة إصدار تأشيرة خروج وعودة / خروج نهائي تنظيم حركة الموظفين المسافرين أو المغادرين بشكل دائم. نضمن ربط الطلبات ببيانات السجل التجاري والخدمات الحكومية لحماية حقوق الشركات.نسهل لك إصدار تأشيرة خروج وعودة / خروج نهائي لموظفيك لضمان انسيابية العمل والامتثال لأنظمة الإقامة.","الفئة المستهدفة أصحاب الشركات الذين يحتاجون لمنح موظفيهم تأشيرة خروج وعودة / خروج نهائي لتنظيم سفر الكوادر أو إنهاء خدماتهم المرتبطة بـ السجل التجاري والمنشأة.","تعتمد مدة الخدمة على استكمال المتطلبات وإجراءات الجهات المعنية.","اللغة المقدمة	تتوفر واجهة إصدار تأشيرة خروج وعودة / خروج نهائي باللغتين العربية والإنجليزية، لسهولة استخدامها من قبل المستثمر والمدير العام في إدارة الشركات.","قنوات تقديم الخدمة	تتم الخدمة عبر منصة ""مقيم"" الرقمية، حيث يتم الربط المباشر مع المديرية العامة للجوازات لتنفيذ الخدمات الحكومية وتحديث سجلات تأسيس الشركات والنمو.","تحدد التكلفة وفق نطاق الخدمة والمتطلبات.","التحويل البنكي وفق بيانات حساب الشركة.","خدمات العلاقات الحكومية","أصحاب الشركات | فرق الموارد البشرية وإدارة القوى العاملة | فرق العلاقات الحكومية","الخدمات الحكومية",No,No,No,No,No,No,No,No,No,No,No,"تأشيرة خروج وعودة / خروج نهائي | معتد","تأشيرة خروج وعودة / خروج نهائي: ندير إجراءات العمالة والإقامات باحتراف لتسريع دورة التوظيف واستقرار الكوادر. تنفيذ منظم من فريق متخصص لضمان دقة البيانات...","تأشيرة خروج وعودة / خروج نهائي: ندير إجراءات العمالة والإقامات باحتراف لتسريع دورة التوظيف واستقرار الكوادر.","تأشيرة خروج وعودة / خروج نهائي، خدمات الإقامات والتأشيرات، إدارة شؤون الموظفين، خدمات معتد، السوق السعودي",handcrafted
480,ar,"إضافة رقم مستورد ضمن منفذ جديد ","نساعدك في إجراءات إضافة رقم مستورد ضمن منفذ جديد لضمان وصول بضائعك عبر كافة المنافذ الجمركية البرية والبحرية والجوية. تشمل الخدمة تحديث ملف المنشأة في نظام الجمارك وربطه بـ السجل التجاري الرئيسي. تضمن هذه الخطوة لـ المستثمر مرونة عالية في التوريد، وتمكن المدير العام من إدارة سلاسل الإمداد لـ الشركات بكفاءة. نحن نشرف على تكامل الخدمات الحكومية لضمان استمرارية تأسيس الشركات وتفعيل ملفات إدارة الموظفين التشغيلية.","نساعدك في إجراءات إضافة رقم مستورد ضمن منفذ جديد لضمان وصول بضائعك عبر كافة المنافذ الجمركية البرية والبحرية والجوية. تشمل الخدمة تحديث ملف المنشأة في نظام الجمارك وربطه بـ السجل التجاري الرئيسي.","أصحاب الشركات والمستوردين الذين يرغبون في إضافة رقم مستورد ضمن منفذ جديد لتسهيل استقبال الشحنات عبر مواقع جمركية متعددة في المملكة.","تعتمد مدة الخدمة على استكمال المتطلبات وإجراءات الجهات المعنية.","تتوفر متطلبات إضافة رقم مستورد ضمن منفذ جديد باللغتين العربية والإنجليزية، لخدمة المستثمر والوكلاء الملاحيين ومديري الشركات من مختلف الجنسيات.","تتم الخدمة إلكترونياً عبر منصة ""فسح"" وبالتنسيق مع الجمارك، لضمان ربط بيانات السجل التجاري بـ الخدمات الحكومية المتاحة في المنفذ المختار.","تحدد التكلفة وفق نطاق الخدمة والمتطلبات.","التحويل البنكي وفق بيانات حساب الشركة.","خدمات العلاقات الحكومية","أصحاب الشركات | المستوردون والمصدرون","الخدمات الحكومية",No,No,No,No,No,No,No,No,No,No,No,"إضافة رقم مستورد ضمن منفذ جديد | معتد","إضافة رقم مستورد ضمن منفذ جديد: نقدم دعمًا تشغيليًا وقانونيًا متكاملاً لمواءمة الخدمة مع أهداف منشأتك. نقدم خدمة متخصصة تضمن الامتثال الكامل للأنظمة وتسريع...","إضافة رقم مستورد ضمن منفذ جديد: نقدم دعمًا تشغيليًا وقانونيًا متكاملاً لمواءمة الخدمة مع أهداف منشأتك.","إضافة رقم مستورد ضمن منفذ جديد، تأسيس الأعمال في السعودية، خدمات الشركات، خدمات معتد، السوق السعودي",handcrafted
481,ar,"نقل الخدمات عبر منصة مقيم ","تتيح خدمة نقل الخدمات عبر منصة مقيم إتمام الإجراءات النهائية لنقل كفالة الموظف بعد موافقة قوى. نضمن تحديث بيانات المقيم في الجوازات وربطها بـ السجل التجاري الجديد لضمان استقرار الشركات.نساعدك في المرحلة النهائية من نقل الخدمات عبر منصة مقيم لتحديث هوية المقيم ببيانات منشأتك الجديدة. يتطلب الإجراء سداد الرسوم الحكومية وتوثيق انتقال السجل الجمركي والأمني للموظف تحت رقم تأسيس الشركات الخاص بك. يضمن هذا الإجراء لـ المستثمر قانونية عمل الموظف فوراً، ويمكّن المدير العام من تحديث سجلات إدارة الموظفين في الخدمات الحكومية. نحن نضمن مطابقة البيانات مع السجل التجاري لضمان سير أعمال الشركات دون عوائق قانونية.","تتيح خدمة نقل الخدمات عبر منصة مقيم إتمام الإجراءات النهائية لنقل كفالة الموظف بعد موافقة قوى.","نساعدك في المرحلة النهائية من نقل الخدمات عبر منصة مقيم لتحديث هوية المقيم ببيانات منشأتك الجديدة.","تنفيذ سريع (عادة خلال يوم عمل إلى عدة أيام حسب المتطلبات).","اللغة المقدمة	تتوفر واجهة نقل الخدمات عبر منصة مقيم باللغتين العربية والإنجليزية، لتسهيل متابعة الطلبات من قبل المستثمر والمدير العام لقطاع الشركات.","قنوات تقديم الخدمة	تتم الخدمة رقمياً عبر بوابة ""مقيم"" الإلكترونية، بالتكامل مع مركز المعلومات الوطني لتحديث بيانات الخدمات الحكومية وملفات تأسيس الشركات والنمو.","تحدد التكلفة وفق نطاق الخدمة والمتطلبات.","التحويل البنكي وفق بيانات حساب الشركة.","خدمات العلاقات الحكومية","أصحاب الشركات | فرق العلاقات الحكومية","الخدمات الحكومية",No,No,No,No,No,No,No,No,No,No,No,"نقل الخدمات عبر منصة مقيم | معتد","نقل الخدمات عبر منصة مقيم: ننفّذ متطلبات الموارد البشرية والمنصات الحكومية لضمان استمرارية الامتثال دون غرامات. نوفّر تنفيذًا دقيقًا بخطوات واضحة لتقليل...","نقل الخدمات عبر منصة مقيم: ننفّذ متطلبات الموارد البشرية والمنصات الحكومية لضمان استمرارية الامتثال دون...","نقل الخدمات عبر منصة مقيم، خدمات الموارد البشرية، المنصات الحكومية، خدمات معتد، السوق السعودي",handcrafted
482,ar,"توثيق عقود الموظفين في منصة قوى ","نساعدك في عملية توثيق عقود الموظفين في منصة قوى لضمان استقرار العلاقة التعاقدية وحماية مصالح المستثمر. تشمل الخدمة صياغة البنود وفق القوالب المعتمدة ورفعها للموظف للموافقة الرقمية. تساهم هذه الخطوة في رفع تقييم المنشأة لدى الخدمات الحكومية وحماية السجل التجاري من المخالفات. يمنح التوثيق المدير العام أدوات فعالة لـ إدارة الموظفين، مما يعزز الإنتاجية ويدعم شفافية الشركات في الالتزام ببرامج حماية الأجور.","نساعدك في عملية توثيق عقود الموظفين في منصة قوى لضمان استقرار العلاقة التعاقدية وحماية مصالح المستثمر. تشمل الخدمة صياغة البنود وفق القوالب المعتمدة ورفعها للموظف للموافقة الرقمية.","جميع الشركات والمؤسسات التي تسعى لـ توثيق عقود الموظفين في منصة قوى لضمان نظامية العمالة الوافدة والوطنية المسجلة في نظام السجل التجاري.","تعتمد مدة الخدمة على استكمال المتطلبات وإجراءات الجهات المعنية.","تتوفر خدمة توثيق عقود الموظفين في منصة قوى باللغتين العربية والإنجليزية، لتسهيل فهم الحقوق والواجبات لـ المدير العام والموظفين بكافة جنسياتهم.","تتم الخدمة رقمياً بالكامل عبر حساب المنشأة في منصة ""قوى""، حيث يتم إرسال العقد للموظف لاعتماده وتحديث بيانات إدارة الموظفين والشركات.","تحدد التكلفة وفق نطاق الخدمة والمتطلبات.","التحويل البنكي وفق بيانات حساب الشركة.","الموارد البشرية","أصحاب الشركات | فرق الموارد البشرية وإدارة القوى العاملة | فرق العلاقات الحكومية","الموارد البشرية",No,No,No,No,No,No,No,No,No,No,No,"توثيق عقود الموظفين في منصة قوى | معتد","توثيق عقود الموظفين في منصة قوى: ننفّذ متطلبات الموارد البشرية والمنصات الحكومية لضمان استمرارية الامتثال دون غرامات. حل عملي للشركات التي تبحث عن إنجاز سريع...","توثيق عقود الموظفين في منصة قوى: ننفّذ متطلبات الموارد البشرية والمنصات الحكومية لضمان استمرارية الامتثال دون...","توثيق عقود الموظفين في منصة قوى، خدمات الموارد البشرية، المنصات الحكومية، خدمات معتد، السوق السعودي",handcrafted
483,ar,"تقرير مقيم الشامل للمنشأة ","تتيح خدمة تقرير مقيم الشامل للمنشأة الحصول على بيانات تفصيلية لكافة العمالة الوافدة. نضمن تزويدك بإحصائيات دقيقة تدعم المدير العام في مراقبة صلاحية الإقامات والربط بـ السجل التجاري والشركات.نساعدك في استخراج تقرير مقيم الشامل للمنشأة لتوفير رؤية كاملة حول وضع العمالة القانوني في منشأتك وتجنب الثغرات الإدارية. يتضمن التقرير تواريخ انتهاء الإقامات، أرقام الجوازات، وحالات التأشيرات المرتبطة بـ السجل التجاري. يمنح هذا التقرير لـ المستثمر أداة رقابية قوية على إدارة الموظفين، ويمكّن المدير العام من التخطيط المسبق للتجديدات لدى الخدمات الحكومية. نحن نضمن دقة البيانات لدعم استقرار الشركات في مراحل تأسيس الشركات والنمو التجاري المستدام.","تتيح خدمة تقرير مقيم الشامل للمنشأة الحصول على بيانات تفصيلية لكافة العمالة الوافدة.","الفئة المستهدفة أصحاب الشركات ومدراء الموارد البشرية الذين يحتاجون لـ تقرير مقيم الشامل للمنشأة لمتابعة قانونية مئات الموظفين المسجلين تحت رقم السجل التجاري الموحد للمنظمة.","تعتمد مدة الخدمة على استكمال المتطلبات وإجراءات الجهات المعنية.","اللغة المقدمة	يتوفر تقرير مقيم الشامل للمنشأة باللغتين العربية والإنجليزية، لتقديم عرض تفصيلي لـ المستثمر والمدير العام حول حالة القوى العاملة في الشركات والمنشآت القائمة.","قنوات تقديم الخدمة	يتم إصدار تقرير مقيم الشامل للمنشأة فورياً عبر بوابة ""مقيم"" الرقمية، مما يسهل عملية الربط المعلوماتي مع جهات الخدمات الحكومية ومنصات إدارة الموظفين والشركات.","تحدد التكلفة وفق نطاق الخدمة والمتطلبات.","التحويل البنكي وفق بيانات حساب الشركة.","خدمات العلاقات الحكومية","أصحاب الشركات | المستوردون والمصدرون | فرق الموارد البشرية وإدارة القوى العاملة | فرق الامتثال والشؤون القانونية | فرق العلاقات الحكومية","الخدمات الحكومية",No,No,No,No,No,No,No,No,No,No,No,"تقرير مقيم الشامل للمنشأة | معتد","تقرير مقيم الشامل للمنشأة: ننفّذ متطلبات الموارد البشرية والمنصات الحكومية لضمان استمرارية الامتثال دون غرامات. خدمة احترافية تركّز على تقليل المخاطر...","تقرير مقيم الشامل للمنشأة: ننفّذ متطلبات الموارد البشرية والمنصات الحكومية لضمان استمرارية الامتثال دون...","تقرير مقيم الشامل للمنشأة، خدمات الموارد البشرية، المنصات الحكومية، خدمات معتد، السوق السعودي",handcrafted
484,ar,"تحديث بيانات جواز سفر الموظف ","تتيح خدمة تحديث بيانات جواز سفر الموظف ربط معلومات الجواز الجديد بهوية المقيم إلكترونياً. نضمن توافق البيانات مع أنظمة الجوازات والسجل التجاري لتسهيل حركة سفر العمالة ودعم استقرار الشركات.نساعدك في إجراءات تحديث بيانات جواز سفر الموظف لضمان استمرارية نظامية الوثائق الرقمية للعاملين في منشأتك. تشمل الخدمة نقل معلومات الجواز الجديد (رقم الجواز، تاريخ الإصدار، وتاريخ الانتهاء) عبر منصة مقيم لربطها بـ الخدمات الحكومية. يساهم هذا التحديث في تمكين المدير العام من إصدار تأشيرات الخروج والعودة دون عوائق تقنية، ويحمي المستثمر من تعطل أعمال الشركات. نحن نضمن دقة البيانات لتعزيز كفاءة إدارة الموظفين وتكامل سجلات تأسيس الشركات الموثقة في السجل التجاري.","تتيح خدمة تحديث بيانات جواز سفر الموظف ربط معلومات الجواز الجديد بهوية المقيم إلكترونياً.","الفئة المستهدفة أصحاب الشركات والمؤسسات التي قامت عمالتها بتجديد جوازات سفرها وترغب في تحديث بيانات جواز سفر الموظف لضمان مطابقتها لسجلات السجل التجاري والجوازات.","تعتمد مدة الخدمة على استكمال المتطلبات وإجراءات الجهات المعنية.","اللغة المقدمة	تتوفر واجهة خدمة تحديث بيانات جواز سفر الموظف باللغتين العربية والإنجليزية، لخدمة المستثمر والمدير العام في إدارة الكوادر الدولية داخل الشركات.","قنوات تقديم الخدمة	يتم تنفيذ الخدمة رقمياً عبر بوابة ""مقيم"" الإلكترونية، مما يضمن التحديث الفوري في قواعد بيانات الخدمات الحكومية وتسهيل إجراءات إدارة الموظفين والشركات.","تحدد التكلفة وفق نطاق الخدمة والمتطلبات.","التحويل البنكي وفق بيانات حساب الشركة.","خدمات العلاقات الحكومية","أصحاب الشركات | المستوردون والمصدرون | فرق الموارد البشرية وإدارة القوى العاملة | فرق الامتثال والشؤون القانونية | فرق العلاقات الحكومية","الخدمات الحكومية",No,No,No,No,No,No,No,No,No,No,No,"تحديث بيانات جواز سفر الموظف | معتد","تحديث بيانات جواز سفر الموظف: نقدم دعمًا تشغيليًا وقانونيًا متكاملاً لمواءمة الخدمة مع أهداف منشأتك. تنفيذ منظم من فريق متخصص لضمان دقة البيانات وسلاسة...","تحديث بيانات جواز سفر الموظف: نقدم دعمًا تشغيليًا وقانونيًا متكاملاً لمواءمة الخدمة مع أهداف منشأتك.","تحديث بيانات جواز سفر الموظف، تأسيس الأعمال في السعودية، خدمات الشركات، خدمات معتد، السوق السعودي",handcrafted
485,ar,"اعتماد لوائح تنظيم العمل (أدلة وسياسات العمل) ","نساعدك في صياغة واعتماد لوائح تنظيم العمل لتنظيم العلاقة بين المنشأة وموظفيها بشكل قانوني سليم. تشمل اللائحة بنود الإجازات، المكافآت، والجزاءات المعتمدة من وزارة الموارد البشرية. يساهم وجود لائحة معتمدة في حماية المستثمر من الدعاوى الكيدية، ويمنح المدير العام إطاراً واضحاً لـ إدارة الموظفين. نحن نضمن ربط اللائحة بـ السجل التجاري وتحديثها في منصة قوى لتعزيز احترافية الشركات في مراحل تأسيس الشركات والنمو.","نساعدك في صياغة واعتماد لوائح تنظيم العمل لتنظيم العلاقة بين المنشأة وموظفيها بشكل قانوني سليم. تشمل اللائحة بنود الإجازات، المكافآت، والجزاءات المعتمدة من وزارة الموارد البشرية.","جميع الشركات التي يتجاوز عدد موظفيها نصاباً معيناً، والراغبة في اعتماد لوائح تنظيم العمل (نموذجية أو مخصصة) لضمان الامتثال لـ الخدمات الحكومية.","تعتمد مدة الخدمة على استكمال المتطلبات وإجراءات الجهات المعنية.","تتوفر خدمة اعتماد لوائح تنظيم العمل باللغتين العربية والإنجليزية، لضمان وعي كافة أطراف العمل في الشركات بالحقوق والواجبات المنصوص عليها نظاماً.","يتم طلب اعتماد لوائح تنظيم العمل عبر منصة ""قوى"" وبإشراف مكاتب المحاماة المعتمدة، لضمان قانونية السياسات المتبعة في نظام السجل التجاري.","تحدد التكلفة وفق نطاق الخدمة والمتطلبات.","التحويل البنكي وفق بيانات حساب الشركة.","الموارد البشرية","أصحاب الشركات | فرق الامتثال والشؤون القانونية","الموارد البشرية",No,No,No,No,No,No,No,No,No,No,No,"اعتماد لوائح تنظيم العمل (أدلة وسياسات العمل) | معتد","اعتماد لوائح تنظيم العمل (أدلة وسياسات العمل): نقدم دعمًا تشغيليًا وقانونيًا متكاملاً لمواءمة الخدمة مع أهداف منشأتك. نقدم خدمة متخصصة تضمن الامتثال الكامل...","اعتماد لوائح تنظيم العمل (أدلة وسياسات العمل): نقدم دعمًا تشغيليًا وقانونيًا متكاملاً لمواءمة الخدمة مع أهداف...","اعتماد لوائح تنظيم العمل (أدلة وسياسات العمل)، تأسيس الأعمال في السعودية، خدمات الشركات، خدمات معتد، السوق السعودي",handcrafted
486,ar,"إدارة الرواتب والتحويل البنكي عبر مدد","تتيح خدمة إدارة الرواتب والتحويل البنكي للمنشآت أتمتة صرف الأجور وربطها مباشرة بالمصارف. نضمن دقة التحويلات وتوافقها مع السجل التجاري ونظام حماية الأجور لدعم الشركات وإدارة الموظفين.نساعدك في تفعيل إدارة الرواتب والتحويل البنكي لضمان وصول مستحقات موظفيك بضغطة زر واحدة عبر منصة مدد. تشمل الخدمة إعداد مسيرات الرواتب، واحتساب البدلات، والربط المباشر مع الحساب البنكي للمنشأة المسجل في السجل التجاري. يساهم هذا النظام في توفير الوقت على المدير العام، ويمنح المستثمر تقارير مالية دقيقة تعزز من شفافية إدارة الموظفين. نحن نضمن توافق كافة العمليات مع متطلبات الخدمات الحكومية لضمان استقرار نمو الشركات في مراحل تأسيس الشركات.","تتيح خدمة إدارة الرواتب والتحويل البنكي للمنشآت أتمتة صرف الأجور وربطها مباشرة بالمصارف.","أصحاب الشركات والمؤسسات الراغبين في تنظيم إدارة الرواتب والتحويل البنكي إلكترونياً لضمان الدقة وتفادي الأخطاء البشرية المرتبطة بـ السجل التجاري والعمل.","تعتمد مدة الخدمة على استكمال المتطلبات وإجراءات الجهات المعنية.","تتوفر أنظمة إدارة الرواتب والتحويل البنكي باللغتين العربية والإنجليزية، لتسهيل الرقابة المالية لـ المستثمر والمدير العام على ميزانية إدارة الموظفين والشركات.","تتم الخدمة عبر (نظام إدارة الرواتب) في منصة مدد، مع ربط تقني مباشر بين المنشأة والبنوك التجارية وخدمات تأسيس الشركات والخدمات الحكومية.","تحدد التكلفة وفق نطاق الخدمة والمتطلبات.","التحويل البنكي للمنشآت أتمتة صرف الأجور وربطها مباشرة بالمصارف. نضمن دقة التحويلات وتوافقها مع ال","خدمات العلاقات الحكومية","أصحاب الشركات | Finance and Payroll Teams","الخدمات الحكومية",No,No,No,No,No,No,No,No,No,No,No,"إدارة الرواتب والتحويل البنكي عبر مدد | معتد","إدارة الرواتب والتحويل البنكي عبر مدد: ننفّذ متطلبات الموارد البشرية والمنصات الحكومية لضمان استمرارية الامتثال دون غرامات. نوفّر تنفيذًا دقيقًا بخطوات واضحة...","إدارة الرواتب والتحويل البنكي عبر مدد: ننفّذ متطلبات الموارد البشرية والمنصات الحكومية لضمان استمرارية...","إدارة الرواتب والتحويل البنكي عبر مدد، خدمات الموارد البشرية، المنصات الحكومية، خدمات معتد، السوق السعودي",handcrafted
487,ar,"إصدار تأشيرات العمل الفورية","نسهل لك عملية إصدار تأشيرات العمل الفورية لدفع عجلة الإنتاج في منشأتك وتغطية الاحتياجات الوظيفية العاجلة. تتطلب الخدمة وجود رصيد تأشيرات كافٍ والالتزام بنسب نطاقات المعتمدة في الخدمات الحكومية. يساهم هذا الإجراء في منح المستثمر مرونة عالية في التوسع، ويسمح لـ المدير العام بضبط هيكل إدارة الموظفين في الشركات. نحن نضمن تنفيذ الطلب رقمياً لضمان دقة البيانات المرتبطة بـ السجل التجاري واستكمال رحلة تأسيس الشركات.","نسهل لك عملية إصدار تأشيرات العمل الفورية لدفع عجلة الإنتاج في منشأتك وتغطية الاحتياجات الوظيفية العاجلة. تتطلب الخدمة وجود رصيد تأشيرات كافٍ والالتزام بنسب نطاقات المعتمدة في الخدمات الحكومية.","أصحاب الشركات القائمة والناشئة التي تسعى لـ إصدار تأشيرات العمل الفورية لجلب كفاءات متخصصة تدعم نشاطها المسجل في السجل التجاري والأنظمة.","تنفيذ سريع (عادة خلال يوم عمل إلى عدة أيام حسب المتطلبات).","تتوفر واجهة إصدار تأشيرات العمل الفورية باللغتين العربية والإنجليزية، لتسهيل التعامل معها من قبل المستثمر والمدير العام ووكالات التوظيف في الشركات.","تتم الخدمة عبر منصة ""قوى"" الإلكترونية، حيث يتم إصدار تأشيرات العمل الفورية آلياً فور سداد الرسوم الحكومية وتوفر الأهلية في نظام إدارة الموظفين.","تحدد التكلفة وفق نطاق الخدمة والمتطلبات.","التحويل البنكي وفق بيانات حساب الشركة.","خدمات العلاقات الحكومية","أصحاب الشركات | المستوردون والمصدرون | فرق العلاقات الحكومية","الخدمات الحكومية",No,No,No,No,No,No,No,No,No,No,No,"إصدار تأشيرات العمل الفورية | معتد","إصدار تأشيرات العمل الفورية: نقدم دعمًا تشغيليًا وقانونيًا متكاملاً لمواءمة الخدمة مع أهداف منشأتك. حل عملي للشركات التي تبحث عن إنجاز سريع مع متابعة تنظيمية...","إصدار تأشيرات العمل الفورية: نقدم دعمًا تشغيليًا وقانونيًا متكاملاً لمواءمة الخدمة مع أهداف منشأتك.","إصدار تأشيرات العمل الفورية، تأسيس الأعمال في السعودية، خدمات الشركات، خدمات معتد، السوق السعودي",handcrafted
488,ar,"إصدار تقارير الالتزام والمخالفات ","تتيح خدمة إصدار تقارير الالتزام والمخالفات مراقبة مدى تقيد المنشأة بأنظمة حماية الأجور. نضمن رصد الملاحظات بدقة وربطها بـ السجل التجاري لتفادي إيقاف الخدمات الحكومية.&nbsp;نساعدك في إصدار تقارير الالتزام والمخالفات لتحديد أي فجوات في صرف الرواتب أو توثيق العقود قبل رصدها من قبل وزارة الموارد البشرية. يتضمن التقرير تفاصيل الموظفين غير المسجلين أو المتأخرة رواتبهم، مما يسمح لـ المدير العام بتصحيح الأوضاع فوراً. تساهم هذه الخدمة في حماية السجل التجاري للشركة، وتوفر لـ المستثمر أداة تقييم شاملة لجودة إدارة الموظفين. نحن نضمن تحليل التقارير لدعم امتثال الشركات ونجاح تأسيس الشركات.","تتيح خدمة إصدار تقارير الالتزام والمخالفات مراقبة مدى تقيد المنشأة بأنظمة حماية الأجور. نضمن رصد الملاحظات بدقة وربطها بـ السجل التجاري لتفادي إيقاف الخدمات الحكومية.","أصحاب الشركات الذين يسعون لضمان الشفافية الكاملة عبر إصدار تقارير الالتزام والمخالفات لتجنب العقوبات وضمان استمرارية العمل وفق ضوابط السجل التجاري والأنظمة.","تنفيذ سريع (عادة خلال يوم عمل إلى عدة أيام حسب المتطلبات).","تتوفر تقارير خدمة إصدار تقارير الالتزام والمخالفات باللغتين العربية والإنجليزية، لتسهيل عرض النتائج على المستثمر والمدير العام ومجلس إدارة الشركات.","يتم طلب إصدار تقارير الالتزام والمخالفات إلكترونياً عبر منصة ""مدد"" (نظام الالتزام)، مع تحديثات لحظية مرتبطة بقواعد بيانات الخدمات الحكومية وإدارة الموظفين.","تحدد التكلفة وفق نطاق الخدمة والمتطلبات.","التحويل البنكي وفق بيانات حساب الشركة.","خدمات العلاقات الحكومية","أصحاب الشركات | المستوردون والمصدرون | فرق الامتثال والشؤون القانونية","الخدمات الحكومية",No,No,No,No,No,No,No,No,No,No,No,"إصدار تقارير الالتزام والمخالفات | معتد","إصدار تقارير الالتزام والمخالفات: نقدم دعمًا تشغيليًا وقانونيًا متكاملاً لمواءمة الخدمة مع أهداف منشأتك. خدمة احترافية تركّز على تقليل المخاطر الإجرائية ورفع...","إصدار تقارير الالتزام والمخالفات: نقدم دعمًا تشغيليًا وقانونيًا متكاملاً لمواءمة الخدمة مع أهداف منشأتك.","إصدار تقارير الالتزام والمخالفات، تأسيس الأعمال في السعودية، خدمات الشركات، خدمات معتد، السوق السعودي",handcrafted
489,ar,"إدارة رخص العمل ","نساعدك في إدارة رخص العمل لضمان سريان كافة التصاريح القانونية لموظفيك وتجنب الغرامات المالية الناتجة عن التأخير. تشمل الخدمة حساب المقابل المالي بدقة وإصدار الرخص عبر منصة قوى. تساهم هذه الخدمة في حماية السجل التجاري من الإيقاف، وتسهل على المدير العام متابعة تواريخ الانتهاء في نظام إدارة الموظفين. نحن نضمن تكامل الخدمة مع كافة الخدمات الحكومية، مما يدعم استقرار الشركات ويحمي استثمارات المستثمر في مراحل تأسيس الشركات والنمو التجاري المستمر.","نساعدك في إدارة رخص العمل لضمان سريان كافة التصاريح القانونية لموظفيك وتجنب الغرامات المالية الناتجة عن التأخير. تشمل الخدمة حساب المقابل المالي بدقة وإصدار الرخص عبر منصة قوى.","أصحاب الشركات والمؤسسات الذين لديهم عمالة وافدة ويحتاجون إلى إدارة رخص العمل بشكل منتظم لضمان استمرارية صلاحية الإقامات والعمل في السجل التجاري.","تعتمد مدة الخدمة على استكمال المتطلبات وإجراءات الجهات المعنية.","تتوفر واجهة إدارة رخص العمل باللغتين العربية والإنجليزية، لتسهيل متابعة التكاليف والمدد لـ المدير العام والمستثمر في قطاع الشركات.","تتم الخدمة رقمياً عبر منصة ""قوى""، حيث يتم ربط إصدار الرخصة بسداد المقابل المالي ووزارة الداخلية لضمان تكامل الخدمات الحكومية للمنشأة.","تحدد التكلفة وفق نطاق الخدمة والمتطلبات.","التحويل البنكي وفق بيانات حساب الشركة.","الموارد البشرية","أصحاب الشركات | فرق الامتثال والشؤون القانونية | فرق العلاقات الحكومية","الموارد البشرية",No,No,No,No,No,No,No,No,No,No,No,"إدارة رخص العمل | معتد","إدارة رخص العمل: نقدم دعمًا تشغيليًا وقانونيًا متكاملاً لمواءمة الخدمة مع أهداف منشأتك. تنفيذ منظم من فريق متخصص لضمان دقة البيانات وسلاسة اعتماد الطلبات. مع...","إدارة رخص العمل: نقدم دعمًا تشغيليًا وقانونيًا متكاملاً لمواءمة الخدمة مع أهداف منشأتك.","إدارة رخص العمل، تأسيس الأعمال في السعودية، خدمات الشركات، خدمات معتد، السوق السعودي",handcrafted
490,ar,"تغيير المهن للموظفين عبر قوى ","نسهل لك إجراءات تغيير المهن لضمان مطابقة الواقع الفعلي للموظف مع بياناته الرسمية في نظام العمل. تتطلب الخدمة وجود شهادات علمية أو مهنية مطابقة للمسمى الجديد والالتزام بضوابط التوطين في الخدمات الحكومية. يساهم هذا التحديث في حماية المستثمر من مخالفات التفتيش، ويسمح لـ المدير العام بإعادة هيكلة إدارة الموظفين بكفاءة. نحن نشرف على مراجعة نشاط الشركات في السجل التجاري لضمان قبول الطلب وتسريع رحلة تأسيس الشركات.","نسهل لك إجراءات تغيير المهن لضمان مطابقة الواقع الفعلي للموظف مع بياناته الرسمية في نظام العمل. تتطلب الخدمة وجود شهادات علمية أو مهنية مطابقة للمسمى الجديد والالتزام بضوابط التوطين في الخدمات الحكومية.","أصحاب الشركات الذين يرغبون في إجراء تغيير المهن لعمالتهم بما يتناسب مع ترقياتهم أو حاجة العمل المسجلة في نظام السجل التجاري والأنظمة.","تنفيذ سريع (عادة خلال يوم عمل إلى عدة أيام حسب المتطلبات).","تتوفر خدمة تغيير المهن باللغتين العربية والإنجليزية، لتمكين المستثمر والمدير العام من متابعة تحديثات ملفات إدارة الموظفين في الشركات بوضوح تام.","يتم تنفيذ طلب تغيير المهن إلكترونياً عبر منصة ""قوى""، مع ضرورة الربط مع الأنظمة التقنية لجهات الخدمات الحكومية ذات العلاقة بالمهن التخصصية.","تحدد التكلفة وفق نطاق الخدمة والمتطلبات.","التحويل البنكي وفق بيانات حساب الشركة.","الموارد البشرية","أصحاب الشركات | فرق الموارد البشرية وإدارة القوى العاملة","الموارد البشرية",No,No,No,No,No,No,No,No,No,No,No,"تغيير المهن للموظفين عبر قوى | معتد","تغيير المهن للموظفين عبر قوى: ننفّذ متطلبات الموارد البشرية والمنصات الحكومية لضمان استمرارية الامتثال دون غرامات. نقدم خدمة متخصصة تضمن الامتثال الكامل...","تغيير المهن للموظفين عبر قوى: ننفّذ متطلبات الموارد البشرية والمنصات الحكومية لضمان استمرارية الامتثال دون...","تغيير المهن للموظفين عبر قوى، خدمات الموارد البشرية، المنصات الحكومية، خدمات معتد، السوق السعودي",handcrafted
491,ar,"ربط الحساب البنكي في منصة مدد","تتيح خدمة ربط الحساب البنكي في منصة مدد أتمتة العمليات المالية بين المنشأة والمصرف. نضمن تكامل البيانات مع السجل التجاري لتسهيل تحويل الرواتب ودعم كفاءة الشركات وإدارة الموظفين.نساعدك في إجراءات ربط الحساب البنكي في منصة مدد لضمان تدفق البيانات المالية بشكل آمن وسريع. تتطلب الخدمة التحقق من الآيبان (IBAN) الخاص بالمنشأة والمسجل تحت رقم السجل التجاري الموحد. يساهم هذا الربط في تمكين المستثمر من مراقبة العمليات البنكية مباشرة، ويمنح المدير العام صلاحية إصدار أوامر الدفع عبر الخدمات الحكومية. نحن نضمن صحة الإعدادات لتعزيز جودة إدارة الموظفين واستقرار نمو الشركات في مراحل تأسيس الشركات المختلفة.","تتيح خدمة ربط الحساب البنكي في منصة مدد أتمتة العمليات المالية بين المنشأة والمصرف. نضمن تكامل البيانات مع السجل التجاري لتسهيل تحويل الرواتب ودعم كفاءة الشركات وإدارة الموظفين.نساعدك في إجراءات ربط الحساب البنكي في منصة مدد لضمان تدفق البيانات المالية بشكل آمن وسريع.","أصحاب الشركات والمؤسسات الراغبين في تفعيل ربط الحساب البنكي في منصة مدد لتنظيم صرف الأجور وربطها بالهوية المالية للمنشأة الموثقة في السجل التجاري.","تنفيذ سريع (عادة خلال يوم عمل إلى عدة أيام حسب المتطلبات).","تتوفر واجهة ربط الحساب البنكي في منصة مدد باللغتين العربية والإنجليزية، لتسهيل متابعة التدفقات النقدية من قبل المستثمر والمدير العام في قطاع الشركات.","تتم الخدمة رقمياً عبر (نظام إدارة الرواتب) في منصة مدد، بالتكامل مع الأنظمة البنكية السعودية وجهات الخدمات الحكومية لضمان أمان معاملات تأسيس الشركات.","تحدد التكلفة وفق نطاق الخدمة والمتطلبات.","التحويل البنكي وفق بيانات حساب الشركة.","خدمات العلاقات الحكومية","أصحاب الشركات | Finance and Payroll Teams","الخدمات الحكومية",No,No,No,No,No,No,No,No,No,No,No,"ربط الحساب البنكي في منصة مدد | معتد","ربط الحساب البنكي في منصة مدد: ننفّذ متطلبات الموارد البشرية والمنصات الحكومية لضمان استمرارية الامتثال دون غرامات. نوفّر تنفيذًا دقيقًا بخطوات واضحة لتقليل...","ربط الحساب البنكي في منصة مدد: ننفّذ متطلبات الموارد البشرية والمنصات الحكومية لضمان استمرارية الامتثال دون...","ربط الحساب البنكي في منصة مدد، خدمات الموارد البشرية، المنصات الحكومية، خدمات معتد، السوق السعودي",handcrafted
492,ar,"رفع ملفات حماية الأجور لمنصة مدد","تتيح خدمة رفع ملفات حماية الأجور (txt) توثيق دفع الرواتب المحولة عبر البنك. نضمن مطابقة الملفات لمتطلبات الوزارة وربطها بـ السجل التجاري لحماية نظام الشركات.نساعدك في إجراءات رفع ملفات حماية الأجور (txt) المستخرجة من نظامك البنكي إلى منصة مدد لضمان رصد نسبة الالتزام الشهرية. يتضمن الملف بيانات الموظفين، الأجور الأساسية، والبدلات المسجلة في السجل التجاري. يساهم هذا الإجراء في حماية المستثمر من غرامات التأخير، ويمكّن المدير العام من إثبات دفع المستحقات لدى الخدمات الحكومية. نحن نضمن خلو الملف من الأخطاء التقنية لتعزيز دقة إدارة الموظفين واستمرارية نجاح الشركات وتأسيس الشركات.","تتيح خدمة رفع ملفات حماية الأجور (txt) توثيق دفع الرواتب المحولة عبر البنك. نضمن مطابقة الملفات لمتطلبات الوزارة وربطها بـ السجل التجاري لحماية نظام الشركات.نساعدك في إجراءات رفع ملفات حماية الأجور (txt) المستخرجة من نظامك البنكي إلى منصة مدد لضمان رصد نسبة الالتزام الشهرية.","أصحاب الشركات الذين قاموا بصرف الرواتب عبر البنك ويرغبون في رفع ملفات حماية الأجور (txt) لتوثيق الالتزام بنظام العمل والسجل التجاري.","تعتمد مدة الخدمة على استكمال المتطلبات وإجراءات الجهات المعنية.","تتوفر خدمة رفع ملفات حماية الأجور (txt) بدعم كامل للبيانات المسجلة، لتمكين المستثمر والمدير العام من قراءة تقارير الالتزام في الشركات.","تتم الخدمة عبر (نظام الالتزام) في منصة مدد، حيث يتم استقبال الملفات بصيغة txt وتدقيقها آلياً لضمان تحديث بيانات الخدمات الحكومية وإدارة الموظفين.","تحدد التكلفة وفق نطاق الخدمة والمتطلبات.","التحويل البنكي وفق بيانات حساب الشركة.","خدمات العلاقات الحكومية","أصحاب الشركات | Finance and Payroll Teams | فرق الامتثال والشؤون القانونية","الخدمات الحكومية",No,No,No,No,No,No,No,No,No,No,No,"رفع ملفات حماية الأجور لمنصة مدد | معتد","رفع ملفات حماية الأجور لمنصة مدد: ننفّذ متطلبات الموارد البشرية والمنصات الحكومية لضمان استمرارية الامتثال دون غرامات. حل عملي للشركات التي تبحث عن إنجاز...","رفع ملفات حماية الأجور لمنصة مدد: ننفّذ متطلبات الموارد البشرية والمنصات الحكومية لضمان استمرارية الامتثال...","رفع ملفات حماية الأجور لمنصة مدد، خدمات الموارد البشرية، المنصات الحكومية، خدمات معتد، السوق السعودي",handcrafted
493,ar,"المكاتب المجهزة ","توفر خدمة المكاتب المجهزة حلولاً فورية وحصرية لدعم تأسيس الشركات والشركات القائمة. نضمن توفير بيئة عمل متكاملة تتوافق مع اشتراطات السجل التجاري، مما يمنح المستثمر مرونة عالية للبدء فوراً في ممارسة أعماله.نساعدك في حجز مكاتب مجهزة بالكامل بأحدث التقنيات والأثاث المكتبي الفاخر لتعزيز احترافية الشركات. تشمل الخدمة توفير عنوان وطني مسجل يدعم استخراج الخدمات الحكومية وربطها بـ السجل التجاري. تساهم هذه المكاتب في تسهيل مهام المدير العام في إدارة الموظفين وتوفير بيئة منتجة. نحن نضمن لك حلاً اقتصادياً يغنيك عن تكاليف الإنشاء الباهظة في مراحل تأسيس الشركات الأولى، مما يدعم نمو استثماراتك واستدامتها في السوق السعودي وفق أعلى المعايير.","توفر خدمة المكاتب المجهزة حلولاً فورية وحصرية لدعم تأسيس الشركات والشركات القائمة.","الشركات ورواد الأعمال الباحثون عن حلول مساحات عمل وعنوان تجاري.","تنفيذ سريع (عادة خلال يوم عمل إلى عدة أيام حسب المتطلبات).",العربية,"عبر القنوات الرقمية والتواصل المباشر مع فريق متعدد.","تحدد التكلفة وفق نطاق الخدمة والمتطلبات.","التحويل البنكي وفق بيانات حساب الشركة.","خدمات مساحات المكاتب","الشركات ورواد الأعمال الباحثون عن حلول مساحات عمل وعنوان تجاري.","مساحات العمل",No,No,No,No,No,No,No,No,No,No,No,"المكاتب المجهزة | معتد","المكاتب المجهزة: نقدم دعمًا تشغيليًا وقانونيًا متكاملاً لمواءمة الخدمة مع أهداف منشأتك. خدمة احترافية تركّز على تقليل المخاطر الإجرائية ورفع جاهزية المنشأة...","المكاتب المجهزة: نقدم دعمًا تشغيليًا وقانونيًا متكاملاً لمواءمة الخدمة مع أهداف منشأتك.","المكاتب المجهزة، تأسيس الأعمال في السعودية، خدمات الشركات، خدمات معتد، السوق السعودي",handcrafted
494,ar,"غرف الاجتماعات ","نوفر غرف اجتماعات احترافية مجهزة بأحدث تقنيات العرض والتواصل لدعم الشركات. نضمن لـ المدير العام والمستثمر بيئة خصوصية تامة لعقد الصفقات الكبرى واتخاذ قرارات تأسيس الشركات المصيرية.صممت غرف الاجتماعات لدينا لتلبي تطلعات الشركات الطامحة للتميز والخصوصية. سواء كنت تحتاج لعقد اجتماع مجلس إدارة أو عرض مشروع لـ المستثمر، نوفر لك القاعة المثالية المجهزة بأنظمة الصوت والفيديو المتقدمة والربط الرقمي. تساعد هذه الخدمة المدير العام في إدارة النقاشات بفعالية، وتوفر انطباعاً راقياً لزوار المنشأة والجهات المرتبطة بـ الخدمات الحكومية. نحن نضمن تكامل المرافق لدعم عمليات تأسيس الشركات وإدارة الموظفين باحترافية.","نوفر غرف اجتماعات احترافية مجهزة بأحدث تقنيات العرض والتواصل لدعم الشركات. نضمن لـ المدير العام والمستثمر بيئة خصوصية تامة لعقد الصفقات الكبرى واتخاذ قرارات تأسيس الشركات المصيرية.صممت غرف الاجتماعات لدينا لتلبي تطلعات الشركات الطامحة للتميز والخصوصية.","الشركات ورواد الأعمال الباحثون عن حلول مساحات عمل وعنوان تجاري.","تعتمد مدة الخدمة على استكمال المتطلبات وإجراءات الجهات المعنية.",العربية,"عبر القنوات الرقمية والتواصل المباشر مع فريق متعدد.","٣٠٠ ريال سعودي","التحويل إلى حساب الشركة","خدمات مساحات المكاتب","الشركات ورواد الأعمال الباحثون عن حلول مساحات عمل وعنوان تجاري.","مساحات العمل",No,No,No,No,No,No,No,No,No,No,No,"غرف الاجتماعات | معتد","غرف الاجتماعات: نوفر بيئة أعمال جاهزة تعكس حضورًا مهنيًا وتدعم متطلبات التشغيل اليومية. تنفيذ منظم من فريق متخصص لضمان دقة البيانات وسلاسة اعتماد الطلبات. مع...","غرف الاجتماعات: نوفر بيئة أعمال جاهزة تعكس حضورًا مهنيًا وتدعم متطلبات التشغيل اليومية.","غرف الاجتماعات، حلول المكاتب، بيئة أعمال مرنة، خدمات معتد، السوق السعودي",handcrafted
495,ar,"قاعة المؤتمرات ","نقدم قاعات مؤتمرات واسعة مجهزة لاستضافة الفعاليات الكبرى والدورات التدريبية لـ الشركات. نضمن توفير كافة المتطلبات اللوجستية التي تدعم رؤية المستثمر وتسمح بظهور المنشأة باحترافية عالية.تم تصميم قاعات المؤتمرات لتستوعب الأعداد الكبيرة وتلبي متطلبات التجمع المهني الراقي لـ الشركات. تشمل الخدمة الدعم الفني، وأنظمة الترجمة، وتنسيق الضيافة، مما يسهل مهام المدير العام في تنظيم الفعاليات الكبرى. تساهم هذه القاعات في إبراز قوة العلامة التجارية بعد تأسيس الشركات، وتعد منصة مثالية لإطلاق المنتجات أو تقديم ورش عمل لقطاع إدارة الموظفين والجهات المرتبطة بـ الخدمات الحكومية المباشرة.","نقدم قاعات مؤتمرات واسعة مجهزة لاستضافة الفعاليات الكبرى والدورات التدريبية لـ الشركات. نضمن توفير كافة المتطلبات اللوجستية التي تدعم رؤية المستثمر وتسمح بظهور المنشأة باحترافية عالية.تم تصميم قاعات المؤتمرات لتستوعب الأعداد الكبيرة وتلبي متطلبات التجمع المهني الراقي لـ الشركات.","الشركات والجهات المستفيدة من خدمة خدمات مساحات المكاتب في المملكة العربية السعودية.","تعتمد مدة الخدمة على استكمال المتطلبات وإجراءات الجهات المعنية.",العربية,"عبر المنصات الحكومية والقنوات الرقمية الرسمية.","تحدد التكلفة وفق نطاق الخدمة والمتطلبات.","التحويل إلى حساب الشركة","خدمات مساحات المكاتب","الشركات والجهات المستفيدة من خدمة خدمات مساحات المكاتب في المملكة العربية السعودية.","مساحات العمل",No,No,No,No,No,No,No,No,No,No,No,"قاعة المؤتمرات | معتد","قاعة المؤتمرات: نوفر بيئة أعمال جاهزة تعكس حضورًا مهنيًا وتدعم متطلبات التشغيل اليومية. نقدم خدمة متخصصة تضمن الامتثال الكامل للأنظمة وتسريع الإجراءات. مع...","قاعة المؤتمرات: نوفر بيئة أعمال جاهزة تعكس حضورًا مهنيًا وتدعم متطلبات التشغيل اليومية.","قاعة المؤتمرات، حلول المكاتب، بيئة أعمال مرنة، خدمات معتد، السوق السعودي",handcrafted
496,ar,"خدمات الاستقبال ","توفر خدمة الاستقبال واجهة احترافية لاستقبال زوار الشركات وإدارة المكالمات والبريد. نضمن لـ المستثمر والمدير العام تنظيماً إدارياً دقيقاً يعزز من هيبة المنشأة وثقة العملاء والجهات.نضع بين يديك فريق استقبال مدرب باحترافية لتمثيل الشركات بأفضل صورة ممكنة. تتضمن الخدمة الرد على الاتصالات، وإدارة الطرود، وتوجيه الزوار، مما يرفع عبء الأعمال الإدارية عن المدير العام. تساهم هذه الخدمة في خلق انطباع إيجابي وتدعم استقرار عمليات إدارة الموظفين والاتصال الرسمي. نحن نضمن لك خدمة متميزة تليق بمكانة المستثمر وتواكب تطور الشركات في رحلة تأسيس الشركات والتعامل مع الخدمات الحكومية.","توفر خدمة الاستقبال واجهة احترافية لاستقبال زوار الشركات وإدارة المكالمات والبريد. نضمن لـ المستثمر والمدير العام تنظيماً إدارياً دقيقاً يعزز من هيبة المنشأة وثقة العملاء والجهات.نضع بين يديك فريق استقبال مدرب باحترافية لتمثيل الشركات بأفضل صورة ممكنة.","الشركات والجهات المستفيدة من خدمة خدمات مساحات المكاتب في المملكة العربية السعودية.","تعتمد مدة الخدمة على استكمال المتطلبات وإجراءات الجهات المعنية.",العربية,"عبر القنوات الرقمية والتواصل المباشر مع فريق متعدد.","ابتداءً من 750 ريال سعودي","التحويل إلى حساب الشركة","خدمات مساحات المكاتب","الشركات والجهات المستفيدة من خدمة خدمات مساحات المكاتب في المملكة العربية السعودية.","مساحات العمل",No,No,No,No,No,No,No,No,No,No,No,"خدمات الاستقبال | معتد","خدمات الاستقبال: نوفر بيئة أعمال جاهزة تعكس حضورًا مهنيًا وتدعم متطلبات التشغيل اليومية. نوفّر تنفيذًا دقيقًا بخطوات واضحة لتقليل الوقت التشغيلي وتجنب...","خدمات الاستقبال: نوفر بيئة أعمال جاهزة تعكس حضورًا مهنيًا وتدعم متطلبات التشغيل اليومية.","خدمات الاستقبال، حلول المكاتب، بيئة أعمال مرنة، خدمات معتد، السوق السعودي",handcrafted
497,ar,"العنوان الافتراضي ","تمنح خدمة العنوان الافتراضي الشركات مقراً رسمياً مرموقاً دون الحاجة لمكتب فعلي. نضمن توافق العنوان مع اشتراطات السجل التجاري لتمكين المستثمر من مباشرة أعماله وتأسيس شركته رسمياً.نساعدك في الحصول على عنوان افتراضي في أرقى المواقع التجارية لاستخدامه في السجل التجاري والمراسلات الرسمية لـ الشركات. تعد هذه الخدمة الحل الأذكى لـ المستثمر الذي يرغب في تقليل التكاليف مع الحفاظ على قانونية المنشأة أمام الخدمات الحكومية. يتيح العنوان الافتراضي لـ المدير العام إدارة العمليات عن بعد، مع ضمان قناة رسمية لاستقبال الوثائق وعقود إدارة الموظفين، مما يدعم استقرار رحلة تأسيس الشركات ونموها.","تمنح خدمة العنوان الافتراضي الشركات مقراً رسمياً مرموقاً دون الحاجة لمكتب فعلي.","الشركات ورواد الأعمال الباحثون عن حلول مساحات عمل وعنوان تجاري.","تعتمد مدة الخدمة على استكمال المتطلبات وإجراءات الجهات المعنية.",العربية,"عبر القنوات الرقمية والتواصل المباشر مع فريق متعدد.","ابتداءً من 750 ريال سعودي","التحويل إلى حساب الشركة","خدمات مساحات المكاتب","الشركات ورواد الأعمال الباحثون عن حلول مساحات عمل وعنوان تجاري.","مساحات العمل",No,No,No,No,No,No,No,No,No,No,No,"العنوان الافتراضي | معتد","العنوان الافتراضي: نوفر بيئة أعمال جاهزة تعكس حضورًا مهنيًا وتدعم متطلبات التشغيل اليومية. حل عملي للشركات التي تبحث عن إنجاز سريع مع متابعة تنظيمية متكاملة...","العنوان الافتراضي: نوفر بيئة أعمال جاهزة تعكس حضورًا مهنيًا وتدعم متطلبات التشغيل اليومية.","العنوان الافتراضي، حلول المكاتب، بيئة أعمال مرنة، خدمات معتد، السوق السعودي",handcrafted
498,ar,"نقل خدمات موظف (نقل الكفالة) ","نسهل لك إجراءات نقل خدمات موظف لتعزيز فريق عملك بالخبرات المطلوبة دون الحاجة لاستقدام جديد. تتطلب الخدمة تقديم طلب نقل رقمي وقبول الموظف لضمان الامتثال لـ الخدمات الحكومية. يساهم النقل في دعم خطط المستثمر للتوسع، وتمكين المدير العام من تحديث قائمة الكادر الوظيفي في نظام إدارة الموظفين. نحن نضمن تحديث بيانات العامل في السجل التجاري والأنظمة المرتبطة، مما يدعم استمرارية نجاح تأسيس الشركات ونموها المستدام.","نسهل لك إجراءات نقل خدمات موظف لتعزيز فريق عملك بالخبرات المطلوبة دون الحاجة لاستقدام جديد. تتطلب الخدمة تقديم طلب نقل رقمي وقبول الموظف لضمان الامتثال لـ الخدمات الحكومية.","أصحاب الشركات والمؤسسات الراغبين في إجراء نقل خدمات موظف لضم كفاءات جديدة متواجدة داخل المملكة إلى ملاك سجلهم التجاري القائم.","تعتمد مدة الخدمة على استكمال المتطلبات وإجراءات الجهات المعنية.","تتوفر واجهة طلب نقل خدمات موظف باللغتين العربية والإنجليزية، لتسهيل فهم الخطوات لـ المستثمر الدولي والمدير العام والشركات والعمالة.","تتم العملية إلكترونياً عبر منصة ""قوى"" التابعة لوزارة الموارد البشرية، لضمان سرعة الربط مع نظام الخدمات الحكومية وتحديث ملفات إدارة الموظفين.","تحدد التكلفة وفق نطاق الخدمة والمتطلبات.","التحويل البنكي وفق بيانات حساب الشركة.","الموارد البشرية","أصحاب الشركات","الموارد البشرية",No,No,No,No,No,No,No,No,No,No,No,"نقل خدمات موظف (نقل الكفالة) | معتد","نقل خدمات موظف (نقل الكفالة): ندير إجراءات العمالة والإقامات باحتراف لتسريع دورة التوظيف واستقرار الكوادر. خدمة احترافية تركّز على تقليل المخاطر الإجرائية...","نقل خدمات موظف (نقل الكفالة): ندير إجراءات العمالة والإقامات باحتراف لتسريع دورة التوظيف واستقرار الكوادر.","نقل خدمات موظف (نقل الكفالة)، خدمات الإقامات والتأشيرات، إدارة شؤون الموظفين، خدمات معتد، السوق السعودي",handcrafted
660,ar,"نقل الخدمات في المملكة العربية السعودية | حلول الكوادر | متعدد","نقل الاقامةتعد خدمة نقل الخدمات الحل الاستراتيجي الذي توفره شركة متعدد لتمكين الشركات من استقطاب الكفاءات المتواجدة داخل المملكة العربية السعودية. نحن نسهل على المستثمر عملية نقل الكوادر المهنية إلى منشأته، مما يقلل من تكاليف الاستقدام الخارجي ويسرع من وتيرة العمليات التشغيلية.إن شراء خدمة نقل الخدمات عبر شركة متعدد يمنح العميل والشركات ميزة تنافسية في إدارة الموارد البشرية داخل المملكة العربية السعودية. يتولى فريقنا إدارة كافة الإجراءات عبر منصة قوى ، بدءاً من تقديم طلب النقل، ومعالجة الموافقات القانونية، وصولاً إلى تحديث بيانات الإقامة لدى الجهات المختصة. نحن نعتمد على بيانات حكومية موثوقة مستمدة من وزارة الموارد البشرية والتنمية الاجتماعية، مما يضمن للمستثمر امتثالاً كاملاً لنظام العمل في المملكة العربية السعودية. تساهم هذه الخدمة في تعظيم كفاءة الكوادر المهنية وتوفير وقت المدير العام، مع ضمان الالتزام التام بنسب التوطين (نطاقات) المعتمدة رسمياً.","نقل الاقامةتعد خدمة نقل الخدمات الحل الاستراتيجي الذي توفره شركة متعدد لتمكين الشركات من استقطاب الكفاءات المتواجدة داخل المملكة العربية السعودية.","الشركات والجهات المستفيدة من خدمة الموارد البشرية في المملكة العربية السعودية.","تعتمد مدة الخدمة على استكمال المتطلبات وإجراءات الجهات المعنية.","العربية واللغة الانجليزية","منصة قوى ، بدءاً من تقديم طلب النقل، و","تحدد التكلفة وفق نطاق الخدمة والمتطلبات.","التحويل البنكي وفق بيانات حساب الشركة.","الموارد البشرية","الشركات والجهات المستفيدة من خدمة الموارد البشرية في المملكة العربية السعودية.","الموارد البشرية",No,No,No,No,No,No,No,No,No,No,No,"نقل الخدمات في المملكة العربية السعودية | حلول الكوادر | متعدد |...","نقل الخدمات في المملكة العربية السعودية | حلول الكوادر | متعدد: ندير إجراءات العمالة والإقامات باحتراف لتسريع دورة التوظيف واستقرار الكوادر. نقدم خدمة متخصصة...","نقل الخدمات في المملكة العربية السعودية | حلول الكوادر | متعدد: ندير إجراءات العمالة والإقامات باحتراف لتسريع...","نقل الخدمات في المملكة العربية السعودية | حلول الكوادر | متعدد، خدمات الإقامات والتأشيرات، إدارة شؤون الموظفين، خدمات معتد، السوق السعودي",handcrafted
